Cluster_sseqid,Cluster_taxon,Human,Vertebrates,Plant,Realm,Kingdom,Phylum,Subphylum,Class,Order,Suborder,Family,Subfamily,Genus,Species,,SuperGroup,Taxon_set
Amphibia_BHNG3698_Fujian_spotted_paddle-tail_newt_astrovirus_7490bp,Astroviridae,0,1,0,Riboviria,Orthornavirae,Pisuviricota,,Stelpaviricetes,Stellavirales,,Astroviridae,,,,,Astro-poty,Riboviria|Orthornavirae|Pisuviricota||Stelpaviricetes|Stellavirales||Astroviridae|||
Amphibia_DFRYG3979V1_Zhejiang_chinese_fire_belly_newt_astrovirus_1_7416bp,Astroviridae,0,1,0,Riboviria,Orthornavirae,Pisuviricota,,Stelpaviricetes,Stellavirales,,Astroviridae,,,,,Astro-poty,Riboviria|Orthornavirae|Pisuviricota||Stelpaviricetes|Stellavirales||Astroviridae|||
Amphibia_DFRYG3998_Zhejiang_chinese_fire_belly_newt_astrovirus_2_5038bp,Astroviridae,0,1,0,Riboviria,Orthornavirae,Pisuviricota,,Stelpaviricetes,Stellavirales,,Astroviridae,,,,,Astro-poty,Riboviria|Orthornavirae|Pisuviricota||Stelpaviricetes|Stellavirales||Astroviridae|||
Amphibia_GDSWC169064_Beihai_tree_frog_astrovirus_5247bp,Astroviridae,0,1,0,Riboviria,Orthornavirae,Pisuviricota,,Stelpaviricetes,Stellavirales,,Astroviridae,,,,,Astro-poty,Riboviria|Orthornavirae|Pisuviricota||Stelpaviricetes|Stellavirales||Astroviridae|||
Amphibia_GDSWC170753_Beihai_tree_frog_astrovirus_6979bp,Astroviridae,0,1,0,Riboviria,Orthornavirae,Pisuviricota,,Stelpaviricetes,Stellavirales,,Astroviridae,,,,,Astro-poty,Riboviria|Orthornavirae|Pisuviricota||Stelpaviricetes|Stellavirales||Astroviridae|||
Amphibia_HJWCGF4813_Hainan_marbled_pigmy_frog_astrovirus_1_6988bp,Astroviridae,0,1,0,Riboviria,Orthornavirae,Pisuviricota,,Stelpaviricetes,Stellavirales,,Astroviridae,,,,,Astro-poty,Riboviria|Orthornavirae|Pisuviricota||Stelpaviricetes|Stellavirales||Astroviridae|||
Amphibia_HKCCC7872_Hainan_black-spectacled_toad_astrovirus_2_7476bp,Astroviridae,0,1,0,Riboviria,Orthornavirae,Pisuviricota,,Stelpaviricetes,Stellavirales,,Astroviridae,,,,,Astro-poty,Riboviria|Orthornavirae|Pisuviricota||Stelpaviricetes|Stellavirales||Astroviridae|||
Amphibia_LPWC187377_Hainan_astro-like_virus_2_5204bp,Astroviridae,0,1,0,Riboviria,Orthornavirae,Pisuviricota,,Stelpaviricetes,Stellavirales,,Astroviridae,,,,,Astro-poty,Riboviria|Orthornavirae|Pisuviricota||Stelpaviricetes|Stellavirales||Astroviridae|||
Amphibia_WHHM73969_Wuhan_asiatic_toad_astrovirus_7012bp,Astroviridae,0,1,0,Riboviria,Orthornavirae,Pisuviricota,,Stelpaviricetes,Stellavirales,,Astroviridae,,,,,Astro-poty,Riboviria|Orthornavirae|Pisuviricota||Stelpaviricetes|Stellavirales||Astroviridae|||
APA19801.1_Avian_astrovirus_1471,Astroviridae,0,1,0,Riboviria,Orthornavirae,Pisuviricota,,Stelpaviricetes,Stellavirales,,Astroviridae,,,,,Astro-poty,Riboviria|Orthornavirae|Pisuviricota||Stelpaviricetes|Stellavirales||Astroviridae|||
Cartilaginous_DTHH2075_Dongtou_red_stingray_astrovirus_7168bp,Astroviridae,0,1,0,Riboviria,Orthornavirae,Pisuviricota,,Stelpaviricetes,Stellavirales,,Astroviridae,,,,,Astro-poty,Riboviria|Orthornavirae|Pisuviricota||Stelpaviricetes|Stellavirales||Astroviridae|||
Cartilaginous_NHYJC32427_Nanhai_ghost_shark_astrovirus_1_3337bp,Astroviridae,0,1,0,Riboviria,Orthornavirae,Pisuviricota,,Stelpaviricetes,Stellavirales,,Astroviridae,,,,,Astro-poty,Riboviria|Orthornavirae|Pisuviricota||Stelpaviricetes|Stellavirales||Astroviridae|||
Cartilaginous_NHYJC33085_Nanhai_ghost_shark_astrovirus_2_3478bp,Astroviridae,0,1,0,Riboviria,Orthornavirae,Pisuviricota,,Stelpaviricetes,Stellavirales,,Astroviridae,,,,,Astro-poty,Riboviria|Orthornavirae|Pisuviricota||Stelpaviricetes|Stellavirales||Astroviridae|||
Cartilaginous_RBCSC17455_Wenling_japanese_topeshark_astrovirus_7099bp,Astroviridae,0,1,0,Riboviria,Orthornavirae,Pisuviricota,,Stelpaviricetes,Stellavirales,,Astroviridae,,,,,Astro-poty,Riboviria|Orthornavirae|Pisuviricota||Stelpaviricetes|Stellavirales||Astroviridae|||
Cartilaginous_RGYQSMGReov43317_Wenzhou_pacific_spadenose_shark_astrovirus_2_7089bp,Astroviridae,0,1,0,Riboviria,Orthornavirae,Pisuviricota,,Stelpaviricetes,Stellavirales,,Astroviridae,,,,,Astro-poty,Riboviria|Orthornavirae|Pisuviricota||Stelpaviricetes|Stellavirales||Astroviridae|||
CJLX30757_Changjiang_astro-like_virus,Astroviridae,0,1,0,Riboviria,Orthornavirae,Pisuviricota,,Stelpaviricetes,Stellavirales,,Astroviridae,,,,,Astro-poty,Riboviria|Orthornavirae|Pisuviricota||Stelpaviricetes|Stellavirales||Astroviridae|||
Jawless_QSMC2427_Dongbei_arctic_lamprey_astrovirus_3_6555bp,Astroviridae,0,1,0,Riboviria,Orthornavirae,Pisuviricota,,Stelpaviricetes,Stellavirales,,Astroviridae,,,,,Astro-poty,Riboviria|Orthornavirae|Pisuviricota||Stelpaviricetes|Stellavirales||Astroviridae|||
Jawless_QSMS17426_Dongbei_arctic_lamprey_astrovirus_4_7513bp,Astroviridae,0,1,0,Riboviria,Orthornavirae,Pisuviricota,,Stelpaviricetes,Stellavirales,,Astroviridae,,,,,Astro-poty,Riboviria|Orthornavirae|Pisuviricota||Stelpaviricetes|Stellavirales||Astroviridae|||
Jawless_QSMS18873_Dongbei_arctic_lamprey_astrovirus_2_7642bp,Astroviridae,0,1,0,Riboviria,Orthornavirae,Pisuviricota,,Stelpaviricetes,Stellavirales,,Astroviridae,,,,,Astro-poty,Riboviria|Orthornavirae|Pisuviricota||Stelpaviricetes|Stellavirales||Astroviridae|||
Lungfish_FZFYG149406_Western_African_lungfish_astro-like_virus_13169bp,Astroviridae,0,1,0,Riboviria,Orthornavirae,Pisuviricota,,Stelpaviricetes,Stellavirales,,Astroviridae,,,,,Astro-poty,Riboviria|Orthornavirae|Pisuviricota||Stelpaviricetes|Stellavirales||Astroviridae|||
QBZ38214.1_European_roller_astrovirus_Coracias_garrulus_401,Astroviridae,0,1,0,Riboviria,Orthornavirae,Pisuviricota,,Stelpaviricetes,Stellavirales,,Astroviridae,,,,,Astro-poty,Riboviria|Orthornavirae|Pisuviricota||Stelpaviricetes|Stellavirales||Astroviridae|||
QCO31422.1_Passerine_astrovirus_1,Astroviridae,0,1,0,Riboviria,Orthornavirae,Pisuviricota,,Stelpaviricetes,Stellavirales,,Astroviridae,,,,,Astro-poty,Riboviria|Orthornavirae|Pisuviricota||Stelpaviricetes|Stellavirales||Astroviridae|||
Rayfin_BHFishC188159_Beihai_mudskipper_astro-like_virus_10377bp,Astroviridae,0,1,0,Riboviria,Orthornavirae,Pisuviricota,,Stelpaviricetes,Stellavirales,,Astroviridae,,,,,Astro-poty,Riboviria|Orthornavirae|Pisuviricota||Stelpaviricetes|Stellavirales||Astroviridae|||
Rayfin_DSYS1394_Wuhan_japanese_halfbeak_astrovirus_3611bp,Astroviridae,0,1,0,Riboviria,Orthornavirae,Pisuviricota,,Stelpaviricetes,Stellavirales,,Astroviridae,,,,,Astro-poty,Riboviria|Orthornavirae|Pisuviricota||Stelpaviricetes|Stellavirales||Astroviridae|||
Rayfin_DSYS3171_Wuhan_astro-like_virus_9129bp,Astroviridae,0,1,0,Riboviria,Orthornavirae,Pisuviricota,,Stelpaviricetes,Stellavirales,,Astroviridae,,,,,Astro-poty,Riboviria|Orthornavirae|Pisuviricota||Stelpaviricetes|Stellavirales||Astroviridae|||
Rayfin_GDDSYS282_Guangdong_catfish_astro-like_virus_9512bp,Astroviridae,0,1,0,Riboviria,Orthornavirae,Pisuviricota,,Stelpaviricetes,Stellavirales,,Astroviridae,,,,,Astro-poty,Riboviria|Orthornavirae|Pisuviricota||Stelpaviricetes|Stellavirales||Astroviridae|||
Rayfin_LXMC182963_Beihai_cephalopholis_spiloparaea_astrovirus_6092bp,Astroviridae,0,1,0,Riboviria,Orthornavirae,Pisuviricota,,Stelpaviricetes,Stellavirales,,Astroviridae,,,,,Astro-poty,Riboviria|Orthornavirae|Pisuviricota||Stelpaviricetes|Stellavirales||Astroviridae|||
Rayfin_XDXMC10209_Wenling_plagiopsetta_astrovirus_6656bp,Astroviridae,0,1,0,Riboviria,Orthornavirae,Pisuviricota,,Stelpaviricetes,Stellavirales,,Astroviridae,,,,,Astro-poty,Riboviria|Orthornavirae|Pisuviricota||Stelpaviricetes|Stellavirales||Astroviridae|||
Rayfin_XDXMC21452_Wenling_crossorhombus_astrovirus_2_6973bp,Astroviridae,0,1,0,Riboviria,Orthornavirae,Pisuviricota,,Stelpaviricetes,Stellavirales,,Astroviridae,,,,,Astro-poty,Riboviria|Orthornavirae|Pisuviricota||Stelpaviricetes|Stellavirales||Astroviridae|||
Rayfin_XLXMC35036_Wenling_yellow-striped_sandperch_astrovirus_7417bp,Astroviridae,0,1,0,Riboviria,Orthornavirae,Pisuviricota,,Stelpaviricetes,Stellavirales,,Astroviridae,,,,,Astro-poty,Riboviria|Orthornavirae|Pisuviricota||Stelpaviricetes|Stellavirales||Astroviridae|||
Rayfin_XLXMS83193_Wenling_gobies_fish_astro-like_virus_11033bp,Astroviridae,0,1,0,Riboviria,Orthornavirae,Pisuviricota,,Stelpaviricetes,Stellavirales,,Astroviridae,,,,,Astro-poty,Riboviria|Orthornavirae|Pisuviricota||Stelpaviricetes|Stellavirales||Astroviridae|||
Rayfin_XQTMC49337_Wenling_longspine_snipefish_astrovirus_7199bp,Astroviridae,0,1,0,Riboviria,Orthornavirae,Pisuviricota,,Stelpaviricetes,Stellavirales,,Astroviridae,,,,,Astro-poty,Riboviria|Orthornavirae|Pisuviricota||Stelpaviricetes|Stellavirales||Astroviridae|||
Rayfin_XQTMC51418_Wenling_bighead_beaked_sandfish_astrovirus_6336bp,Astroviridae,0,1,0,Riboviria,Orthornavirae,Pisuviricota,,Stelpaviricetes,Stellavirales,,Astroviridae,,,,,Astro-poty,Riboviria|Orthornavirae|Pisuviricota||Stelpaviricetes|Stellavirales||Astroviridae|||
Rayfin_XYHYC190343_Wenling_rattails_astrovirus_5_6822bp,Astroviridae,0,1,0,Riboviria,Orthornavirae,Pisuviricota,,Stelpaviricetes,Stellavirales,,Astroviridae,,,,,Astro-poty,Riboviria|Orthornavirae|Pisuviricota||Stelpaviricetes|Stellavirales||Astroviridae|||
Rayfin_XYHYC191403_Wenling_rattails_astrovirus_1_7538bp,Astroviridae,0,1,0,Riboviria,Orthornavirae,Pisuviricota,,Stelpaviricetes,Stellavirales,,Astroviridae,,,,,Astro-poty,Riboviria|Orthornavirae|Pisuviricota||Stelpaviricetes|Stellavirales||Astroviridae|||
Rayfin_XYHYC192174_Wenling_rattails_astrovirus_4_7198bp,Astroviridae,0,1,0,Riboviria,Orthornavirae,Pisuviricota,,Stelpaviricetes,Stellavirales,,Astroviridae,,,,,Astro-poty,Riboviria|Orthornavirae|Pisuviricota||Stelpaviricetes|Stellavirales||Astroviridae|||
Rayfin_XYXMC57263_Yancheng_grey_stingfish_astrovirus_6774bp,Astroviridae,0,1,0,Riboviria,Orthornavirae,Pisuviricota,,Stelpaviricetes,Stellavirales,,Astroviridae,,,,,Astro-poty,Riboviria|Orthornavirae|Pisuviricota||Stelpaviricetes|Stellavirales||Astroviridae|||
Rayfin_YXMC112999_Wenling_pterygotrigla_hemisticta_astrovirus_6230bp,Astroviridae,0,1,0,Riboviria,Orthornavirae,Pisuviricota,,Stelpaviricetes,Stellavirales,,Astroviridae,,,,,Astro-poty,Riboviria|Orthornavirae|Pisuviricota||Stelpaviricetes|Stellavirales||Astroviridae|||
Rayfin_YXMC64648_Wenling_lepidotrigla_astrovirus_7426bp,Astroviridae,0,1,0,Riboviria,Orthornavirae,Pisuviricota,,Stelpaviricetes,Stellavirales,,Astroviridae,,,,,Astro-poty,Riboviria|Orthornavirae|Pisuviricota||Stelpaviricetes|Stellavirales||Astroviridae|||
Reptile_GXSXC128985_Guangxi_changeable_lizard_astrovirus_7832bp,Astroviridae,0,1,0,Riboviria,Orthornavirae,Pisuviricota,,Stelpaviricetes,Stellavirales,,Astroviridae,,,,,Astro-poty,Riboviria|Orthornavirae|Pisuviricota||Stelpaviricetes|Stellavirales||Astroviridae|||
Reptile_LPSF9635_Guangdong_chinese_water_snake_astrovirus_6919bp,Astroviridae,0,1,0,Riboviria,Orthornavirae,Pisuviricota,,Stelpaviricetes,Stellavirales,,Astroviridae,,,,,Astro-poty,Riboviria|Orthornavirae|Pisuviricota||Stelpaviricetes|Stellavirales||Astroviridae|||
Reptile_LPWC210211_Yili_teratoscincus_roborowskii_astrovirus_7632bp,Astroviridae,0,1,0,Riboviria,Orthornavirae,Pisuviricota,,Stelpaviricetes,Stellavirales,,Astroviridae,,,,,Astro-poty,Riboviria|Orthornavirae|Pisuviricota||Stelpaviricetes|Stellavirales||Astroviridae|||
Reptile_LPXYC174317_Hainan_oriental_leaf-toed_gecko_astrovirus_1_7126bp,Astroviridae,0,1,0,Riboviria,Orthornavirae,Pisuviricota,,Stelpaviricetes,Stellavirales,,Astroviridae,,,,,Astro-poty,Riboviria|Orthornavirae|Pisuviricota||Stelpaviricetes|Stellavirales||Astroviridae|||
Reptile_LPXYC178500_Hainan_oriental_leaf-toed_gecko_astrovirus_2_4327bp,Astroviridae,0,1,0,Riboviria,Orthornavirae,Pisuviricota,,Stelpaviricetes,Stellavirales,,Astroviridae,,,,,Astro-poty,Riboviria|Orthornavirae|Pisuviricota||Stelpaviricetes|Stellavirales||Astroviridae|||
Reptile_LPXYF118785_Hainan_astro-like_virus_1_13532bp,Astroviridae,0,1,0,Riboviria,Orthornavirae,Pisuviricota,,Stelpaviricetes,Stellavirales,,Astroviridae,,,,,Astro-poty,Riboviria|Orthornavirae|Pisuviricota||Stelpaviricetes|Stellavirales||Astroviridae|||
Reptile_WHWGC149849_Chinese_broad-headed_pond_turtle_astro-like_virus_9296bp,Astroviridae,0,1,0,Riboviria,Orthornavirae,Pisuviricota,,Stelpaviricetes,Stellavirales,,Astroviridae,,,,,Astro-poty,Riboviria|Orthornavirae|Pisuviricota||Stelpaviricetes|Stellavirales||Astroviridae|||
Reptile_ZGLXR62176_Guangdong_chinese_water_skink_astrovirus_6683bp,Astroviridae,0,1,0,Riboviria,Orthornavirae,Pisuviricota,,Stelpaviricetes,Stellavirales,,Astroviridae,,,,,Astro-poty,Riboviria|Orthornavirae|Pisuviricota||Stelpaviricetes|Stellavirales||Astroviridae|||
NC_002470_Turkey_astrovirus,Astroviridae_Avastrovirus,0,1,0,Riboviria,Orthornavirae,Pisuviricota,,Stelpaviricetes,Stellavirales,,Astroviridae,,Avastrovirus,Avastrovirus 1,,Astro-poty,Riboviria|Orthornavirae|Pisuviricota||Stelpaviricetes|Stellavirales||Astroviridae||Avastrovirus|Avastrovirus 1
NC_003790_Chicken_astrovirus,Astroviridae_Avastrovirus,0,1,0,Riboviria,Orthornavirae,Pisuviricota,,Stelpaviricetes,Stellavirales,,Astroviridae,,Avastrovirus,Avastrovirus 2,,Astro-poty,Riboviria|Orthornavirae|Pisuviricota||Stelpaviricetes|Stellavirales||Astroviridae||Avastrovirus|Avastrovirus 2
NC_005790_Turkey_astrovirus_2,Astroviridae_Avastrovirus,0,1,0,Riboviria,Orthornavirae,Pisuviricota,,Stelpaviricetes,Stellavirales,,Astroviridae,,Avastrovirus,Avastrovirus 3,,Astro-poty,Riboviria|Orthornavirae|Pisuviricota||Stelpaviricetes|Stellavirales||Astroviridae||Avastrovirus|Avastrovirus 3
NC_012437_Duck_astrovirus,Astroviridae_Avastrovirus,0,1,0,Riboviria,Orthornavirae,Pisuviricota,,Stelpaviricetes,Stellavirales,,Astroviridae,,Avastrovirus,,,Astro-poty,Riboviria|Orthornavirae|Pisuviricota||Stelpaviricetes|Stellavirales||Astroviridae||Avastrovirus|
NC_001943_Human_astrovirus,Astroviridae_Mamastrovirus,1,1,0,Riboviria,Orthornavirae,Pisuviricota,,Stelpaviricetes,Stellavirales,,Astroviridae,,Mamastrovirus,Mamastrovirus 1,,Astro-poty,Riboviria|Orthornavirae|Pisuviricota||Stelpaviricetes|Stellavirales||Astroviridae||Mamastrovirus|Mamastrovirus 1
NC_002469_Ovine_astrovirus,Astroviridae_Mamastrovirus,0,1,0,Riboviria,Orthornavirae,Pisuviricota,,Stelpaviricetes,Stellavirales,,Astroviridae,,Mamastrovirus,Mamastrovirus 13,,Astro-poty,Riboviria|Orthornavirae|Pisuviricota||Stelpaviricetes|Stellavirales||Astroviridae||Mamastrovirus|Mamastrovirus 13
NC_004579_Mink_astrovirus,Astroviridae_Mamastrovirus,0,1,0,Riboviria,Orthornavirae,Pisuviricota,,Stelpaviricetes,Stellavirales,,Astroviridae,,Mamastrovirus,Mamastrovirus 10,,Astro-poty,Riboviria|Orthornavirae|Pisuviricota||Stelpaviricetes|Stellavirales||Astroviridae||Mamastrovirus|Mamastrovirus 10
NC_011400_Astrovirus_MLB1,Astroviridae_Mamastrovirus,1,1,0,Riboviria,Orthornavirae,Pisuviricota,,Stelpaviricetes,Stellavirales,,Astroviridae,,Mamastrovirus,Mamastrovirus 6,,Astro-poty,Riboviria|Orthornavirae|Pisuviricota||Stelpaviricetes|Stellavirales||Astroviridae||Mamastrovirus|Mamastrovirus 6
NC_013060_Astrovirus_VA1,Astroviridae_Mamastrovirus,1,1,0,Riboviria,Orthornavirae,Pisuviricota,,Stelpaviricetes,Stellavirales,,Astroviridae,,Mamastrovirus,Mamastrovirus 9,,Astro-poty,Riboviria|Orthornavirae|Pisuviricota||Stelpaviricetes|Stellavirales||Astroviridae||Mamastrovirus|Mamastrovirus 9
NC_015935_Mouse_astrovirus,Astroviridae_Mamastrovirus,0,1,0,Riboviria,Orthornavirae,Pisuviricota,,Stelpaviricetes,Stellavirales,,Astroviridae,,Mamastrovirus,,,Astro-poty,Riboviria|Orthornavirae|Pisuviricota||Stelpaviricetes|Stellavirales||Astroviridae||Mamastrovirus|
NC_016155_Astrovirus_MLB2,Astroviridae_Mamastrovirus,1,1,0,Riboviria,Orthornavirae,Pisuviricota,,Stelpaviricetes,Stellavirales,,Astroviridae,,Mamastrovirus,,,Astro-poty,Riboviria|Orthornavirae|Pisuviricota||Stelpaviricetes|Stellavirales||Astroviridae||Mamastrovirus|
NC_016896_Astrovirus_wild_boar,Astroviridae_Mamastrovirus,0,1,0,Riboviria,Orthornavirae,Pisuviricota,,Stelpaviricetes,Stellavirales,,Astroviridae,,Mamastrovirus,,,Astro-poty,Riboviria|Orthornavirae|Pisuviricota||Stelpaviricetes|Stellavirales||Astroviridae||Mamastrovirus|
NC_018669_Astrovirus_VA2,Astroviridae_Mamastrovirus,0,1,0,Riboviria,Orthornavirae,Pisuviricota,,Stelpaviricetes,Stellavirales,,Astroviridae,,Mamastrovirus,,,Astro-poty,Riboviria|Orthornavirae|Pisuviricota||Stelpaviricetes|Stellavirales||Astroviridae||Mamastrovirus|
NC_018702_Murine_astrovirus,Astroviridae_Mamastrovirus,0,1,0,Riboviria,Orthornavirae,Pisuviricota,,Stelpaviricetes,Stellavirales,,Astroviridae,,Mamastrovirus,,,Astro-poty,Riboviria|Orthornavirae|Pisuviricota||Stelpaviricetes|Stellavirales||Astroviridae||Mamastrovirus|
NC_019026_Astrovirus_VA3,Astroviridae_Mamastrovirus,1,1,0,Riboviria,Orthornavirae,Pisuviricota,,Stelpaviricetes,Stellavirales,,Astroviridae,,Mamastrovirus,,,Astro-poty,Riboviria|Orthornavirae|Pisuviricota||Stelpaviricetes|Stellavirales||Astroviridae||Mamastrovirus|
NC_019027_Astrovirus_VA4,Astroviridae_Mamastrovirus,1,1,0,Riboviria,Orthornavirae,Pisuviricota,,Stelpaviricetes,Stellavirales,,Astroviridae,,Mamastrovirus,,,Astro-poty,Riboviria|Orthornavirae|Pisuviricota||Stelpaviricetes|Stellavirales||Astroviridae||Mamastrovirus|
NC_019028_Astrovirus_MLB3,Astroviridae_Mamastrovirus,1,1,0,Riboviria,Orthornavirae,Pisuviricota,,Stelpaviricetes,Stellavirales,,Astroviridae,,Mamastrovirus,,,Astro-poty,Riboviria|Orthornavirae|Pisuviricota||Stelpaviricetes|Stellavirales||Astroviridae||Mamastrovirus|
NC_019494_Porcine_astrovirus_3,Astroviridae_Mamastrovirus,0,1,0,Riboviria,Orthornavirae,Pisuviricota,,Stelpaviricetes,Stellavirales,,Astroviridae,,Mamastrovirus,,,Astro-poty,Riboviria|Orthornavirae|Pisuviricota||Stelpaviricetes|Stellavirales||Astroviridae||Mamastrovirus|
NC_022249_Feline_astrovirus_2,Astroviridae_Mamastrovirus,0,1,0,Riboviria,Orthornavirae,Pisuviricota,,Stelpaviricetes,Stellavirales,,Astroviridae,,Mamastrovirus,,,Astro-poty,Riboviria|Orthornavirae|Pisuviricota||Stelpaviricetes|Stellavirales||Astroviridae||Mamastrovirus|
NC_023632_Bovine_astrovirus_B170,Astroviridae_Mamastrovirus,0,1,0,Riboviria,Orthornavirae,Pisuviricota,,Stelpaviricetes,Stellavirales,,Astroviridae,,Mamastrovirus,,,Astro-poty,Riboviria|Orthornavirae|Pisuviricota||Stelpaviricetes|Stellavirales||Astroviridae||Mamastrovirus|
NC_023636_Porcine_astrovirus_5,Astroviridae_Mamastrovirus,0,1,0,Riboviria,Orthornavirae,Pisuviricota,,Stelpaviricetes,Stellavirales,,Astroviridae,,Mamastrovirus,,,Astro-poty,Riboviria|Orthornavirae|Pisuviricota||Stelpaviricetes|Stellavirales||Astroviridae||Mamastrovirus|
NC_023674_Porcine_astrovirus_2,Astroviridae_Mamastrovirus,0,1,0,Riboviria,Orthornavirae,Pisuviricota,,Stelpaviricetes,Stellavirales,,Astroviridae,,Mamastrovirus,,,Astro-poty,Riboviria|Orthornavirae|Pisuviricota||Stelpaviricetes|Stellavirales||Astroviridae||Mamastrovirus|
NC_023675_Porcine_astrovirus_4,Astroviridae_Mamastrovirus,0,1,0,Riboviria,Orthornavirae,Pisuviricota,,Stelpaviricetes,Stellavirales,,Astroviridae,,Mamastrovirus,,,Astro-poty,Riboviria|Orthornavirae|Pisuviricota||Stelpaviricetes|Stellavirales||Astroviridae||Mamastrovirus|
NC_024297_Bovine_astrovirus,Astroviridae_Mamastrovirus,0,1,0,Riboviria,Orthornavirae,Pisuviricota,,Stelpaviricetes,Stellavirales,,Astroviridae,,Mamastrovirus,,,Astro-poty,Riboviria|Orthornavirae|Pisuviricota||Stelpaviricetes|Stellavirales||Astroviridae||Mamastrovirus|
NC_024472_Human_astrovirus_BF34,Astroviridae_Mamastrovirus,1,1,0,Riboviria,Orthornavirae,Pisuviricota,,Stelpaviricetes,Stellavirales,,Astroviridae,,Mamastrovirus,,,Astro-poty,Riboviria|Orthornavirae|Pisuviricota||Stelpaviricetes|Stellavirales||Astroviridae||Mamastrovirus|
NC_024498_Bovine_astrovirus,Astroviridae_Mamastrovirus,0,1,0,Riboviria,Orthornavirae,Pisuviricota,,Stelpaviricetes,Stellavirales,,Astroviridae,,Mamastrovirus,,,Astro-poty,Riboviria|Orthornavirae|Pisuviricota||Stelpaviricetes|Stellavirales||Astroviridae||Mamastrovirus|
NC_024701_Feline_astrovirus_D1,Astroviridae_Mamastrovirus,0,1,0,Riboviria,Orthornavirae,Pisuviricota,,Stelpaviricetes,Stellavirales,,Astroviridae,,Mamastrovirus,Mamastrovirus 2,,Astro-poty,Riboviria|Orthornavirae|Pisuviricota||Stelpaviricetes|Stellavirales||Astroviridae||Mamastrovirus|Mamastrovirus 2
NC_025346_Rabbit_astrovirus,Astroviridae_Mamastrovirus,0,1,0,Riboviria,Orthornavirae,Pisuviricota,,Stelpaviricetes,Stellavirales,,Astroviridae,,Mamastrovirus,,,Astro-poty,Riboviria|Orthornavirae|Pisuviricota||Stelpaviricetes|Stellavirales||Astroviridae||Mamastrovirus|
NC_025379_Mamastrovirus_3,Astroviridae_Mamastrovirus,0,1,0,Riboviria,Orthornavirae,Pisuviricota,,Stelpaviricetes,Stellavirales,,Astroviridae,,Mamastrovirus,Mamastrovirus 3,,Astro-poty,Riboviria|Orthornavirae|Pisuviricota||Stelpaviricetes|Stellavirales||Astroviridae||Mamastrovirus|Mamastrovirus 3
QBJ04608.1_Tasmanian_devil-associated_astrovirus_1_Sarcophilus_harrisii_491,Astroviridae_Mamastrovirus,0,1,0,Riboviria,Orthornavirae,Pisuviricota,,Stelpaviricetes,Stellavirales,,Astroviridae,,Mamastrovirus,,,Astro-poty,Riboviria|Orthornavirae|Pisuviricota||Stelpaviricetes|Stellavirales||Astroviridae||Mamastrovirus|
QII88294.1_White-tailed_deer_astrovirus_Odocoileus_virginianus_1305,Astroviridae_Mamastrovirus,0,1,0,Riboviria,Orthornavirae,Pisuviricota,,Stelpaviricetes,Stellavirales,,Astroviridae,,Mamastrovirus,,,Astro-poty,Riboviria|Orthornavirae|Pisuviricota||Stelpaviricetes|Stellavirales||Astroviridae||Mamastrovirus|
QPI69528.2_Feline_astrovirus_3_Felis_catus_519,Astroviridae_Mamastrovirus,0,1,0,Riboviria,Orthornavirae,Pisuviricota,,Stelpaviricetes,Stellavirales,,Astroviridae,,Mamastrovirus,,,Astro-poty,Riboviria|Orthornavirae|Pisuviricota||Stelpaviricetes|Stellavirales||Astroviridae||Mamastrovirus|
QTP76096.1_Water_buffalo_astrovirus_Bubalus_bubalis_1307,Astroviridae_Mamastrovirus,0,1,0,Riboviria,Orthornavirae,Pisuviricota,,Stelpaviricetes,Stellavirales,,Astroviridae,,Mamastrovirus,,,Astro-poty,Riboviria|Orthornavirae|Pisuviricota||Stelpaviricetes|Stellavirales||Astroviridae||Mamastrovirus|
UMO75842.1_Sichuan_mamastrovirus_12_1327,Astroviridae_Mamastrovirus,0,1,0,Riboviria,Orthornavirae,Pisuviricota,,Stelpaviricetes,Stellavirales,,Astroviridae,,Mamastrovirus,,,Astro-poty,Riboviria|Orthornavirae|Pisuviricota||Stelpaviricetes|Stellavirales||Astroviridae||Mamastrovirus|
UWK09061.1_Gerbil_astrovirus_Meriones_unguiculatus_502,Astroviridae_Mamastrovirus,0,1,0,Riboviria,Orthornavirae,Pisuviricota,,Stelpaviricetes,Stellavirales,,Astroviridae,,Mamastrovirus,,,Astro-poty,Riboviria|Orthornavirae|Pisuviricota||Stelpaviricetes|Stellavirales||Astroviridae||Mamastrovirus|
YP_009345898.1_Qinghai_Himalayan_marmot_astrovirus_1_512,Astroviridae_Mamastrovirus,0,1,0,Riboviria,Orthornavirae,Pisuviricota,,Stelpaviricetes,Stellavirales,,Astroviridae,,Mamastrovirus,,,Astro-poty,Riboviria|Orthornavirae|Pisuviricota||Stelpaviricetes|Stellavirales||Astroviridae||Mamastrovirus|
YP_009345903.1_Qinghai_Himalayan_marmot_astrovirus_2_510,Astroviridae_Mamastrovirus,0,1,0,Riboviria,Orthornavirae,Pisuviricota,,Stelpaviricetes,Stellavirales,,Astroviridae,,Mamastrovirus,,,Astro-poty,Riboviria|Orthornavirae|Pisuviricota||Stelpaviricetes|Stellavirales||Astroviridae||Mamastrovirus|
YP_009664783.1_Bat_astrovirus_Tm_Guangxi_LD77_2007_470,Astroviridae_Mamastrovirus,0,1,0,Riboviria,Orthornavirae,Pisuviricota,,Stelpaviricetes,Stellavirales,,Astroviridae,,Mamastrovirus,Mamastrovirus 15,,Astro-poty,Riboviria|Orthornavirae|Pisuviricota||Stelpaviricetes|Stellavirales||Astroviridae||Mamastrovirus|Mamastrovirus 15
YP_009664787.1_Mamastrovirus_18_816,Astroviridae_Mamastrovirus,0,1,0,Riboviria,Orthornavirae,Pisuviricota,,Stelpaviricetes,Stellavirales,,Astroviridae,,Mamastrovirus,Mamastrovirus 18,,Astro-poty,Riboviria|Orthornavirae|Pisuviricota||Stelpaviricetes|Stellavirales||Astroviridae||Mamastrovirus|Mamastrovirus 18
YP_010087797.1_Noni_mosaic_virus_3077,Potyviridae,0,0,1,Riboviria,Orthornavirae,Pisuviricota,,Stelpaviricetes,Patatavirales,,Potyviridae,,Potyvirus,Noni mosaic virus,,Astro-poty,Riboviria|Orthornavirae|Pisuviricota||Stelpaviricetes|Patatavirales||Potyviridae||Potyvirus|Noni mosaic virus
YP_010087632.1_Costus_stripe_mosaic_virus_3046,Potyviridae,0,0,1,Riboviria,Orthornavirae,Pisuviricota,,Stelpaviricetes,Patatavirales,,Potyviridae,,Potyvirus,Costus stripe mosaic virus,,Astro-poty,Riboviria|Orthornavirae|Pisuviricota||Stelpaviricetes|Patatavirales||Potyviridae||Potyvirus|Costus stripe mosaic virus
YP_010087230.1_Dendrobium_chlorotic_mosaic_virus_3189,Potyviridae,0,0,1,Riboviria,Orthornavirae,Pisuviricota,,Stelpaviricetes,Patatavirales,,Potyviridae,,Potyvirus,Dendrobium chlorotic mosaic virus,,Astro-poty,Riboviria|Orthornavirae|Pisuviricota||Stelpaviricetes|Patatavirales||Potyviridae||Potyvirus|Dendrobium chlorotic mosaic virus
Poty_NP_954611_Beet_mosaic_virus,Potyviridae,0,0,1,Riboviria,Orthornavirae,Pisuviricota,,Stelpaviricetes,Patatavirales,,Potyviridae,,Potyvirus,Beet mosaic virus,,Astro-poty,Riboviria|Orthornavirae|Pisuviricota||Stelpaviricetes|Patatavirales||Potyviridae||Potyvirus|Beet mosaic virus
Poty_NP_871002_Onion_yellow_dwarf_virus,Potyviridae,0,0,1,Riboviria,Orthornavirae,Pisuviricota,,Stelpaviricetes,Patatavirales,,Potyviridae,,Potyvirus,Onion yellow dwarf virus,,Astro-poty,Riboviria|Orthornavirae|Pisuviricota||Stelpaviricetes|Patatavirales||Potyviridae||Potyvirus|Onion yellow dwarf virus
Poty_NP_056867_Tobacco_vein_mottling_virus,Potyviridae,0,0,1,Riboviria,Orthornavirae,Pisuviricota,,Stelpaviricetes,Patatavirales,,Potyviridae,,Potyvirus,Tobacco vein mottling virus,,Astro-poty,Riboviria|Orthornavirae|Pisuviricota||Stelpaviricetes|Patatavirales||Potyviridae||Potyvirus|Tobacco vein mottling virus
YP_010086861.1_Passiflora_edulis_symptomless_virus_3173,Potyviridae,0,0,1,Riboviria,Orthornavirae,Pisuviricota,,Stelpaviricetes,Patatavirales,,Potyviridae,,Roymovirus,Passiflora edulis symptomless virus,,Astro-poty,Riboviria|Orthornavirae|Pisuviricota||Stelpaviricetes|Patatavirales||Potyviridae||Roymovirus|Passiflora edulis symptomless virus
YP_010086847.1_Alpinia_oxyphylla_mosaic_virus_2626,Potyviridae,0,0,1,Riboviria,Orthornavirae,Pisuviricota,,Stelpaviricetes,Patatavirales,,Potyviridae,,Macluravirus,Alpinia oxyphylla mosaic virus,,Astro-poty,Riboviria|Orthornavirae|Pisuviricota||Stelpaviricetes|Patatavirales||Potyviridae||Macluravirus|Alpinia oxyphylla mosaic virus
UTQ50668.1_Mentha_macluravirus_1_Mentha_x_piperita_2630,Potyviridae,0,0,1,Riboviria,Orthornavirae,Pisuviricota,,Stelpaviricetes,Patatavirales,,Potyviridae,,Macluravirus,,,Astro-poty,Riboviria|Orthornavirae|Pisuviricota||Stelpaviricetes|Patatavirales||Potyviridae||Macluravirus|
Poty_YP_006590058_Chinese_yam_necrotic_mosaic_virus,Potyviridae,0,0,1,Riboviria,Orthornavirae,Pisuviricota,,Stelpaviricetes,Patatavirales,,Potyviridae,,Macluravirus,Chinese yam necrotic mosaic virus,,Astro-poty,Riboviria|Orthornavirae|Pisuviricota||Stelpaviricetes|Patatavirales||Potyviridae||Macluravirus|Chinese yam necrotic mosaic virus
QVN46485.1_Polygonatum_kingianum_virus_5_Polygonatum_kingianum_3093,Potyviridae,0,0,1,Riboviria,Orthornavirae,Pisuviricota,,Stelpaviricetes,Patatavirales,,Potyviridae,,Potyvirus,,,Astro-poty,Riboviria|Orthornavirae|Pisuviricota||Stelpaviricetes|Patatavirales||Potyviridae||Potyvirus|
QMP81800.1_Grapevine-associated_poty-like_virus_1_Vitis_vinifera_3568,Potyviridae,0,0,1,Riboviria,Orthornavirae,Pisuviricota,,Stelpaviricetes,Patatavirales,,Potyviridae,,,,,Astro-poty,Riboviria|Orthornavirae|Pisuviricota||Stelpaviricetes|Patatavirales||Potyviridae|||
QLC36605.1_Stylosanthes_mosaic-associated_virus_1_Stylosanthes_guianensis_2960,Potyviridae,0,0,1,Riboviria,Orthornavirae,Pisuviricota,,Stelpaviricetes,Patatavirales,,Potyviridae,,,,,Astro-poty,Riboviria|Orthornavirae|Pisuviricota||Stelpaviricetes|Patatavirales||Potyviridae|||
Poty_YP_001788991_Squash_vein_yellowing_virus,Potyviridae,0,0,1,Riboviria,Orthornavirae,Pisuviricota,,Stelpaviricetes,Patatavirales,,Potyviridae,,Ipomovirus,Squash vein yellowing virus,,Astro-poty,Riboviria|Orthornavirae|Pisuviricota||Stelpaviricetes|Patatavirales||Potyviridae||Ipomovirus|Squash vein yellowing virus
Poty_NP_659025_Oat_mosaic_virus,Potyviridae,0,0,1,Riboviria,Orthornavirae,Pisuviricota,,Stelpaviricetes,Patatavirales,,Potyviridae,,Bymovirus,Oat mosaic virus,,Astro-poty,Riboviria|Orthornavirae|Pisuviricota||Stelpaviricetes|Patatavirales||Potyviridae||Bymovirus|Oat mosaic virus
Poty_NP_612585_Brome_streak_mosaic_virus,Potyviridae,0,0,1,Riboviria,Orthornavirae,Pisuviricota,,Stelpaviricetes,Patatavirales,,Potyviridae,,Tritimovirus,Brome streak mosaic virus,,Astro-poty,Riboviria|Orthornavirae|Pisuviricota||Stelpaviricetes|Patatavirales||Potyviridae||Tritimovirus|Brome streak mosaic virus
SZmix32467_Hubei_leech_virus_1,Astro-Poty,0,0,0,Riboviria,Orthornavirae,Pisuviricota,,Stelpaviricetes,,,,,,,,Astro-poty,Riboviria|Orthornavirae|Pisuviricota||Stelpaviricetes||||||
WGML136555_Hubei_astro-like_virus,Astro-Poty,0,0,0,Riboviria,Orthornavirae,Pisuviricota,,Stelpaviricetes,,,,,,,,Astro-poty,Riboviria|Orthornavirae|Pisuviricota||Stelpaviricetes||||||
