Cluster_sseqid,Cluster_taxon,Human,Vertebrates,Plant,Realm,Kingdom,Phylum,Subphylum,Class,Order,Suborder,Family,Subfamily,Genus,Species,,SuperGroup,Taxon_set
BHTH14652_Mono-Chu_Beihai_barnacle_virus_8,Artoviridae,0,0,0,Riboviria,Orthornavirae,Negarnaviricota,Haploviricotina,Monjiviricetes,Mononegavirales,,Artoviridae,,Hexartovirus,Hexartovirus cirripedis,,Mono-Chu,Riboviria|Orthornavirae|Negarnaviricota|Haploviricotina|Monjiviricetes|Mononegavirales||Artoviridae||Hexartovirus|Hexartovirus cirripedis
BHTSS15727_Mono-Chu_Beihai_rhabdo-like_virus_1,Artoviridae,0,0,0,Riboviria,Orthornavirae,Negarnaviricota,Haploviricotina,Monjiviricetes,Mononegavirales,,Artoviridae,,Peropuvirus,Peropuvirus beihaiense,,Mono-Chu,Riboviria|Orthornavirae|Negarnaviricota|Haploviricotina|Monjiviricetes|Mononegavirales||Artoviridae||Peropuvirus|Peropuvirus beihaiense
BHTSS7258_Mono-Chu_Beihai_rhabdo-like_virus_2,Artoviridae,0,0,0,Riboviria,Orthornavirae,Negarnaviricota,Haploviricotina,Monjiviricetes,Mononegavirales,,Artoviridae,,Peropuvirus,Peropuvirus lignarii,,Mono-Chu,Riboviria|Orthornavirae|Negarnaviricota|Haploviricotina|Monjiviricetes|Mononegavirales||Artoviridae||Peropuvirus|Peropuvirus lignarii
QTM19395_Mono-Chu_Hubei_rhabdo-like_virus_8,Artoviridae,0,0,0,Riboviria,Orthornavirae,Negarnaviricota,Haploviricotina,Monjiviricetes,Mononegavirales,,Artoviridae,,Peropuvirus,Peropuvirus dentati,,Mono-Chu,Riboviria|Orthornavirae|Negarnaviricota|Haploviricotina|Monjiviricetes|Mononegavirales||Artoviridae||Peropuvirus|Peropuvirus dentati
QTM24798_Mono-Chu_Hubei_rhabdo-like_virus_6,Artoviridae,0,0,0,Riboviria,Orthornavirae,Negarnaviricota,Haploviricotina,Monjiviricetes,Mononegavirales,,Artoviridae,,Peropuvirus,Peropuvirus hubeiense,,Mono-Chu,Riboviria|Orthornavirae|Negarnaviricota|Haploviricotina|Monjiviricetes|Mononegavirales||Artoviridae||Peropuvirus|Peropuvirus hubeiense
WHSFII19440_Mono-Chu_Hubei_rhabdo-like_virus_5,Artoviridae,0,0,0,Riboviria,Orthornavirae,Negarnaviricota,Haploviricotina,Monjiviricetes,Mononegavirales,,Artoviridae,,Peropuvirus,Peropuvirus juli,,Mono-Chu,Riboviria|Orthornavirae|Negarnaviricota|Haploviricotina|Monjiviricetes|Mononegavirales||Artoviridae||Peropuvirus|Peropuvirus juli
AVM87541.1_Wuhan_sharpbelly_bornavirus,Bornaviridae,0,1,0,Riboviria,Orthornavirae,Negarnaviricota,Haploviricotina,Monjiviricetes,Mononegavirales,,Bornaviridae,,Cultervirus,Cultervirus hemicultri,,Mono-Chu,Riboviria|Orthornavirae|Negarnaviricota|Haploviricotina|Monjiviricetes|Mononegavirales||Bornaviridae||Cultervirus|Cultervirus hemicultri
NP_042024_Borna_disease_virus,Bornaviridae,0,1,0,Riboviria,Orthornavirae,Negarnaviricota,Haploviricotina,Monjiviricetes,Mononegavirales,,Bornaviridae,,Orthobornavirus,Orthobornavirus bornaense,,Mono-Chu,Riboviria|Orthornavirae|Negarnaviricota|Haploviricotina|Monjiviricetes|Mononegavirales||Bornaviridae||Orthobornavirus|Orthobornavirus bornaense
YP_009041461_Canary_bornavirus_3,Bornaviridae,0,1,0,Riboviria,Orthornavirae,Negarnaviricota,Haploviricotina,Monjiviricetes,Mononegavirales,,Bornaviridae,,Orthobornavirus,Orthobornavirus serini,,Mono-Chu,Riboviria|Orthornavirae|Negarnaviricota|Haploviricotina|Monjiviricetes|Mononegavirales||Bornaviridae||Orthobornavirus|Orthobornavirus serini
YP_009055063.1_Loveridges_garter_snake_virus_1,Bornaviridae,0,1,0,Riboviria,Orthornavirae,Negarnaviricota,Haploviricotina,Monjiviricetes,Mononegavirales,,Bornaviridae,,Orthobornavirus,Orthobornavirus elapsoideae,,Mono-Chu,Riboviria|Orthornavirae|Negarnaviricota|Haploviricotina|Monjiviricetes|Mononegavirales||Bornaviridae||Orthobornavirus|Orthobornavirus elapsoideae
YP_009237647.1_Aquatic_bird_bornavirus_1,Bornaviridae,0,1,0,Riboviria,Orthornavirae,Negarnaviricota,Haploviricotina,Monjiviricetes,Mononegavirales,,Bornaviridae,,Orthobornavirus,Orthobornavirus avisaquaticae,,Mono-Chu,Riboviria|Orthornavirae|Negarnaviricota|Haploviricotina|Monjiviricetes|Mononegavirales||Bornaviridae||Orthobornavirus|Orthobornavirus avisaquaticae
YP_009268904_Parrot_bornavirus_7,Bornaviridae,0,1,0,Riboviria,Orthornavirae,Negarnaviricota,Haploviricotina,Monjiviricetes,Mononegavirales,,Bornaviridae,,Orthobornavirus,Orthobornavirus alphapsittaciforme,,Mono-Chu,Riboviria|Orthornavirae|Negarnaviricota|Haploviricotina|Monjiviricetes|Mononegavirales||Bornaviridae||Orthobornavirus|Orthobornavirus alphapsittaciforme
YP_009268910.1_Canary_bornavirus_1,Bornaviridae,0,1,0,Riboviria,Orthornavirae,Negarnaviricota,Haploviricotina,Monjiviricetes,Mononegavirales,,Bornaviridae,,Orthobornavirus,Orthobornavirus serini,,Mono-Chu,Riboviria|Orthornavirae|Negarnaviricota|Haploviricotina|Monjiviricetes|Mononegavirales||Bornaviridae||Orthobornavirus|Orthobornavirus serini
YP_009269418.1_Variegated_squirrel_bornavirus_1,Bornaviridae,0,1,0,Riboviria,Orthornavirae,Negarnaviricota,Haploviricotina,Monjiviricetes,Mononegavirales,,Bornaviridae,,Orthobornavirus,Orthobornavirus sciuri,,Mono-Chu,Riboviria|Orthornavirae|Negarnaviricota|Haploviricotina|Monjiviricetes|Mononegavirales||Bornaviridae||Orthobornavirus|Orthobornavirus sciuri
YP_009512933.1_Parrot_bornavirus_1,Bornaviridae,0,1,0,Riboviria,Orthornavirae,Negarnaviricota,Haploviricotina,Monjiviricetes,Mononegavirales,,Bornaviridae,,Orthobornavirus,Orthobornavirus alphapsittaciforme,,Mono-Chu,Riboviria|Orthornavirae|Negarnaviricota|Haploviricotina|Monjiviricetes|Mononegavirales||Bornaviridae||Orthobornavirus|Orthobornavirus alphapsittaciforme
YP_009512939.1_Parrot_bornavirus_5,Bornaviridae,0,1,0,Riboviria,Orthornavirae,Negarnaviricota,Haploviricotina,Monjiviricetes,Mononegavirales,,Bornaviridae,,Orthobornavirus,Orthobornavirus betapsittaciforme,,Mono-Chu,Riboviria|Orthornavirae|Negarnaviricota|Haploviricotina|Monjiviricetes|Mononegavirales||Bornaviridae||Orthobornavirus|Orthobornavirus betapsittaciforme
CC60948_Mono-Chu_Wuhan_Louse_Fly_Virus_6_KM817606,Chuviridae,0,0,0,Riboviria,Orthornavirae,Negarnaviricota,Haploviricotina,Monjiviricetes,Jingchuvirales,,Chuviridae,,Boscovirus,Boscovirus hypoboscidae,,Mono-Chu,Riboviria|Orthornavirae|Negarnaviricota|Haploviricotina|Monjiviricetes|Jingchuvirales||Chuviridae||Boscovirus|Boscovirus hypoboscidae
CC64638_Mono-Chu_Wuhan_Louse_Fly_Virus_7_KM817609,Chuviridae,0,0,0,Riboviria,Orthornavirae,Negarnaviricota,Haploviricotina,Monjiviricetes,Jingchuvirales,,Chuviridae,,Boscovirus,Boscovirus hippoboscidae,,Mono-Chu,Riboviria|Orthornavirae|Negarnaviricota|Haploviricotina|Monjiviricetes|Jingchuvirales||Chuviridae||Boscovirus|Boscovirus hippoboscidae
WLJQ104130_Mono-Chu_Wenling_crustacean_virus_14_RdRp,Chuviridae,0,0,0,Riboviria,Orthornavirae,Negarnaviricota,Haploviricotina,Monjiviricetes,Jingchuvirales,,Chuviridae,,Chuvivirus,Chuvivirus brunnichi,,Mono-Chu,Riboviria|Orthornavirae|Negarnaviricota|Haploviricotina|Monjiviricetes|Jingchuvirales||Chuviridae||Chuvivirus|Chuvivirus brunnichi
WZRBX33387_Mono-Chu_Wenzhou_crab_virus_2_KM817601,Chuviridae,0,0,0,Riboviria,Orthornavirae,Negarnaviricota,Haploviricotina,Monjiviricetes,Jingchuvirales,,Chuviridae,,Chuvivirus,Chuvivirus canceris,,Mono-Chu,Riboviria|Orthornavirae|Negarnaviricota|Haploviricotina|Monjiviricetes|Jingchuvirales||Chuviridae||Chuvivirus|Chuvivirus canceris
mosHB234429_Mono-Chu_Wuhan_Mosquito_Virus_8_KM817610,Chuviridae,0,0,0,Riboviria,Orthornavirae,Negarnaviricota,Haploviricotina,Monjiviricetes,Jingchuvirales,,Chuviridae,,Culicidavirus,Culicidavirus culicidae,,Mono-Chu,Riboviria|Orthornavirae|Negarnaviricota|Haploviricotina|Monjiviricetes|Jingchuvirales||Chuviridae||Culicidavirus|Culicidavirus culicidae
insectZJ96406_Mono-Chu_Shuangao_Lacewing_Virus_KM817613,Chuviridae,0,0,0,Riboviria,Orthornavirae,Negarnaviricota,Haploviricotina,Monjiviricetes,Jingchuvirales,,Chuviridae,,Mivirus,Lacewing mivirus,,Mono-Chu,Riboviria|Orthornavirae|Negarnaviricota|Haploviricotina|Monjiviricetes|Jingchuvirales||Chuviridae||Mivirus|Lacewing mivirus
liyanpi38669_Mono-Chu_Bole_Tick_Virus_3_KM817593,Chuviridae,0,0,0,Riboviria,Orthornavirae,Negarnaviricota,Haploviricotina,Monjiviricetes,Jingchuvirales,,Chuviridae,,Mivirus,Mivirus boleense,,Mono-Chu,Riboviria|Orthornavirae|Negarnaviricota|Haploviricotina|Monjiviricetes|Jingchuvirales||Chuviridae||Mivirus|Mivirus boleense
microplus180_Mono-Chu_Wuhan_tick_virus_2_KM817611,Chuviridae,0,0,0,Riboviria,Orthornavirae,Negarnaviricota,Haploviricotina,Monjiviricetes,Jingchuvirales,,Chuviridae,,Mivirus,Mivirus wuhanense,,Mono-Chu,Riboviria|Orthornavirae|Negarnaviricota|Haploviricotina|Monjiviricetes|Jingchuvirales||Chuviridae||Mivirus|Mivirus wuhanense
tick109087_Mono-Chu_Changping_Tick_Virus_2_KM817594,Chuviridae,0,0,0,Riboviria,Orthornavirae,Negarnaviricota,Haploviricotina,Monjiviricetes,Jingchuvirales,,Chuviridae,,Mivirus,Mivirus changpingense,,Mono-Chu,Riboviria|Orthornavirae|Negarnaviricota|Haploviricotina|Monjiviricetes|Jingchuvirales||Chuviridae||Mivirus|Mivirus changpingense
tick109151_Mono-Chu_Changping_Tick_Virus_3_KM817595,Chuviridae,0,0,0,Riboviria,Orthornavirae,Negarnaviricota,Haploviricotina,Monjiviricetes,Jingchuvirales,,Chuviridae,,Mivirus,Mivirus dermacentoris,,Mono-Chu,Riboviria|Orthornavirae|Negarnaviricota|Haploviricotina|Monjiviricetes|Jingchuvirales||Chuviridae||Mivirus|Mivirus dermacentoris
tick107216_Mono-Chu_Tacheng_Tick_Virus_4_KM817599,Chuviridae,0,0,0,Riboviria,Orthornavirae,Negarnaviricota,Haploviricotina,Monjiviricetes,Jingchuvirales,,Chuviridae,,Morsusvirus,Morsusvirus argatis,,Mono-Chu,Riboviria|Orthornavirae|Negarnaviricota|Haploviricotina|Monjiviricetes|Jingchuvirales||Chuviridae||Morsusvirus|Morsusvirus argatis
QTM161788_Mono-Chu_Hubei_odonate_virus_11,Chuviridae,0,0,0,Riboviria,Orthornavirae,Negarnaviricota,Haploviricotina,Monjiviricetes,Jingchuvirales,,Chuviridae,,Odonatavirus,Odonatavirus fabricii,,Mono-Chu,Riboviria|Orthornavirae|Negarnaviricota|Haploviricotina|Monjiviricetes|Jingchuvirales||Chuviridae||Odonatavirus|Odonatavirus fabricii
BHTH10927_Mono-Chu_Beihai_barnacle_virus_9,Chuviridae,0,0,0,Riboviria,Orthornavirae,Negarnaviricota,Haploviricotina,Monjiviricetes,Jingchuvirales,,Chuviridae,,Pediavirus,Pediavirus cirripedis,,Mono-Chu,Riboviria|Orthornavirae|Negarnaviricota|Haploviricotina|Monjiviricetes|Jingchuvirales||Chuviridae||Pediavirus|Pediavirus cirripedis
SXXX37205_Mono-Chu_Sanxia_atyid_shrimp_virus_4,Chuviridae,0,0,0,Riboviria,Orthornavirae,Negarnaviricota,Haploviricotina,Monjiviricetes,Jingchuvirales,,Chuviridae,,Piscichuvirus,Piscichuvirus sanxiaense,,Mono-Chu,Riboviria|Orthornavirae|Negarnaviricota|Haploviricotina|Monjiviricetes|Jingchuvirales||Chuviridae||Piscichuvirus|Piscichuvirus sanxiaense
QTM26249_Mono-Chu_Hubei_chuvirus-like_virus_1_RdRp,Chuviridae,0,0,0,Riboviria,Orthornavirae,Negarnaviricota,Haploviricotina,Monjiviricetes,Jingchuvirales,,Chuviridae,,Scarabeuvirus,Scarabeuvirus hubeiense,,Mono-Chu,Riboviria|Orthornavirae|Negarnaviricota|Haploviricotina|Monjiviricetes|Jingchuvirales||Chuviridae||Scarabeuvirus|Scarabeuvirus hubeiense
QTM26698_Mono-Chu_Hubei_chuvirus-like_virus_3,Chuviridae,0,0,0,Riboviria,Orthornavirae,Negarnaviricota,Haploviricotina,Monjiviricetes,Jingchuvirales,,Chuviridae,,Scarabeuvirus,Scarabeuvirus dentati,,Mono-Chu,Riboviria|Orthornavirae|Negarnaviricota|Haploviricotina|Monjiviricetes|Jingchuvirales||Chuviridae||Scarabeuvirus|Scarabeuvirus dentati
spider122673_Mono-Chu_Hubei_chuvirus-like_virus_2_KM817597,Chuviridae,0,0,0,Riboviria,Orthornavirae,Negarnaviricota,Haploviricotina,Monjiviricetes,Jingchuvirales,,Chuviridae,,Scarabeuvirus,Scarabeuvirus lishiense,,Mono-Chu,Riboviria|Orthornavirae|Negarnaviricota|Haploviricotina|Monjiviricetes|Jingchuvirales||Chuviridae||Scarabeuvirus|Scarabeuvirus lishiense
ZL15189_Mono-Chu_Wuchang_Cockroach_Virus_3_KM817604,Chuviridae,0,0,0,Riboviria,Orthornavirae,Negarnaviricota,Haploviricotina,Monjiviricetes,Jingchuvirales,,Chuviridae,,Scarabeuvirus,Scarabeuvirus blattae,,Mono-Chu,Riboviria|Orthornavirae|Negarnaviricota|Haploviricotina|Monjiviricetes|Jingchuvirales||Chuviridae||Scarabeuvirus|Scarabeuvirus blattae
WLJQ91782_Mono-Chu_Wenling_crustacean_virus_15,Chuviridae,0,0,0,Riboviria,Orthornavirae,Negarnaviricota,Haploviricotina,Monjiviricetes,Jingchuvirales,,Chuviridae,,Taceavirus,Taceavirus wenlingense,,Mono-Chu,Riboviria|Orthornavirae|Negarnaviricota|Haploviricotina|Monjiviricetes|Jingchuvirales||Chuviridae||Taceavirus|Taceavirus wenlingense
BHJJX21702_Mono-Chu_Beihai_hermit_crab_virus_3,Chuviridae,0,0,0,Riboviria,Orthornavirae,Negarnaviricota,Haploviricotina,Monjiviricetes,Jingchuvirales,,Chuviridae,,,,,Mono-Chu,Riboviria|Orthornavirae|Negarnaviricota|Haploviricotina|Monjiviricetes|Jingchuvirales||Chuviridae|||
fly96273_Mono-Chu_Shayang_Fly_Virus_1_KM817598,Chuviridae,0,0,0,Riboviria,Orthornavirae,Negarnaviricota,Haploviricotina,Monjiviricetes,Jingchuvirales,,Chuviridae,,,,,Mono-Chu,Riboviria|Orthornavirae|Negarnaviricota|Haploviricotina|Monjiviricetes|Jingchuvirales||Chuviridae|||
insectZJ97300_Mono-Chu_Shuangao_Fly_Virus_1_KM817612,Chuviridae,0,0,0,Riboviria,Orthornavirae,Negarnaviricota,Haploviricotina,Monjiviricetes,Jingchuvirales,,Chuviridae,,,,,Mono-Chu,Riboviria|Orthornavirae|Negarnaviricota|Haploviricotina|Monjiviricetes|Jingchuvirales||Chuviridae|||
insectZJ98107_Mono-Chu_Shuangao_Insect_Virus_5_KM817614,Chuviridae,0,0,0,Riboviria,Orthornavirae,Negarnaviricota,Haploviricotina,Monjiviricetes,Jingchuvirales,,Chuviridae,,,,,Mono-Chu,Riboviria|Orthornavirae|Negarnaviricota|Haploviricotina|Monjiviricetes|Jingchuvirales||Chuviridae|||
QCM109726_Mono-Chu_Hubei_coleoptera_virus_3,Chuviridae,0,0,0,Riboviria,Orthornavirae,Negarnaviricota,Haploviricotina,Monjiviricetes,Jingchuvirales,,Chuviridae,,,,,Mono-Chu,Riboviria|Orthornavirae|Negarnaviricota|Haploviricotina|Monjiviricetes|Jingchuvirales||Chuviridae|||
SSZZ6973_Mono-Chu_Hubei_chuvirus-like_virus_4,Chuviridae,0,0,0,Riboviria,Orthornavirae,Negarnaviricota,Haploviricotina,Monjiviricetes,Jingchuvirales,,Chuviridae,,,,,Mono-Chu,Riboviria|Orthornavirae|Negarnaviricota|Haploviricotina|Monjiviricetes|Jingchuvirales||Chuviridae|||
tick109154_Mono-Chu_Tacheng_Tick_Virus_5_KM817600,Chuviridae,0,0,0,Riboviria,Orthornavirae,Negarnaviricota,Haploviricotina,Monjiviricetes,Jingchuvirales,,Chuviridae,,,,,Mono-Chu,Riboviria|Orthornavirae|Negarnaviricota|Haploviricotina|Monjiviricetes|Jingchuvirales||Chuviridae|||
UVF62169.1_Bat_faecal_associated_chuvirus_2_Pteropus_poliocephalus_2482,Chuviridae,0,0,0,Riboviria,Orthornavirae,Negarnaviricota,Haploviricotina,Monjiviricetes,Jingchuvirales,,Chuviridae,,,,,Mono-Chu,Riboviria|Orthornavirae|Negarnaviricota|Haploviricotina|Monjiviricetes|Jingchuvirales||Chuviridae|||
WGML66308_Mono-Chu_Hubei_myriapoda_virus_8,Chuviridae,0,0,0,Riboviria,Orthornavirae,Negarnaviricota,Haploviricotina,Monjiviricetes,Jingchuvirales,,Chuviridae,,,,,Mono-Chu,Riboviria|Orthornavirae|Negarnaviricota|Haploviricotina|Monjiviricetes|Jingchuvirales||Chuviridae|||
WLJQ101487_Mono-Chu_Beihai_chuvirus-like_virus_1,Chuviridae,0,0,0,Riboviria,Orthornavirae,Negarnaviricota,Haploviricotina,Monjiviricetes,Jingchuvirales,,Chuviridae,,,,,Mono-Chu,Riboviria|Orthornavirae|Negarnaviricota|Haploviricotina|Monjiviricetes|Jingchuvirales||Chuviridae|||
WLJQ104251_Mono-Chu_Wenling_crustacean_virus_13_RdRp,Chuviridae,0,0,0,Riboviria,Orthornavirae,Negarnaviricota,Haploviricotina,Monjiviricetes,Jingchuvirales,,Chuviridae,,,,,Mono-Chu,Riboviria|Orthornavirae|Negarnaviricota|Haploviricotina|Monjiviricetes|Jingchuvirales||Chuviridae|||
WLJQ104274_Mono-Chu_Beihai_chuvirus-like_virus_2,Chuviridae,0,0,0,Riboviria,Orthornavirae,Negarnaviricota,Haploviricotina,Monjiviricetes,Jingchuvirales,,Chuviridae,,,,,Mono-Chu,Riboviria|Orthornavirae|Negarnaviricota|Haploviricotina|Monjiviricetes|Jingchuvirales||Chuviridae|||
WZRBX18263_Mono-Chu_Wenzhou_crab_virus_3_KM817603,Chuviridae,0,0,0,Riboviria,Orthornavirae,Negarnaviricota,Haploviricotina,Monjiviricetes,Jingchuvirales,,Chuviridae,,,,,Mono-Chu,Riboviria|Orthornavirae|Negarnaviricota|Haploviricotina|Monjiviricetes|Jingchuvirales||Chuviridae|||
XZSJSC65765_Mono-Chu_Xinzhou_nematode_virus_5,Chuviridae,0,0,0,Riboviria,Orthornavirae,Negarnaviricota,Haploviricotina,Monjiviricetes,Jingchuvirales,,Chuviridae,,,,,Mono-Chu,Riboviria|Orthornavirae|Negarnaviricota|Haploviricotina|Monjiviricetes|Jingchuvirales||Chuviridae|||
YP_004928143_Lloviu_virus,Filoviridae,0,1,0,Riboviria,Orthornavirae,Negarnaviricota,Haploviricotina,Monjiviricetes,Mononegavirales,,Filoviridae,,Cuevavirus,Cuevavirus lloviuense,,Mono-Chu,Riboviria|Orthornavirae|Negarnaviricota|Haploviricotina|Monjiviricetes|Mononegavirales||Filoviridae||Cuevavirus|Cuevavirus lloviuense
NP_066251_Zaire_ebolavirus,Filoviridae,1,1,0,Riboviria,Orthornavirae,Negarnaviricota,Haploviricotina,Monjiviricetes,Mononegavirales,,Filoviridae,,Orthoebolavirus,Orthoebolavirus zairense,,Mono-Chu,Riboviria|Orthornavirae|Negarnaviricota|Haploviricotina|Monjiviricetes|Mononegavirales||Filoviridae||Orthoebolavirus|Orthoebolavirus zairense
NP_690587_Reston_ebolavirus,Filoviridae,1,1,0,Riboviria,Orthornavirae,Negarnaviricota,Haploviricotina,Monjiviricetes,Mononegavirales,,Filoviridae,,Orthoebolavirus,Orthoebolavirus restonense,,Mono-Chu,Riboviria|Orthornavirae|Negarnaviricota|Haploviricotina|Monjiviricetes|Mononegavirales||Filoviridae||Orthoebolavirus|Orthoebolavirus restonense
YP_003815431.1_Tai_Forest_ebolavirus,Filoviridae,1,1,0,Riboviria,Orthornavirae,Negarnaviricota,Haploviricotina,Monjiviricetes,Mononegavirales,,Filoviridae,,Orthoebolavirus,Orthoebolavirus taiense,,Mono-Chu,Riboviria|Orthornavirae|Negarnaviricota|Haploviricotina|Monjiviricetes|Mononegavirales||Filoviridae||Orthoebolavirus|Orthoebolavirus taiense
YP_003815440.1_Bundibugyo_ebolavirus,Filoviridae,1,1,0,Riboviria,Orthornavirae,Negarnaviricota,Haploviricotina,Monjiviricetes,Mononegavirales,,Filoviridae,,Orthoebolavirus,Orthoebolavirus bundibugyoense,,Mono-Chu,Riboviria|Orthornavirae|Negarnaviricota|Haploviricotina|Monjiviricetes|Mononegavirales||Filoviridae||Orthoebolavirus|Orthoebolavirus bundibugyoense
YP_138527.1_Sudan_ebolavirus,Filoviridae,1,1,0,Riboviria,Orthornavirae,Negarnaviricota,Haploviricotina,Monjiviricetes,Mononegavirales,,Filoviridae,,Orthoebolavirus,Orthoebolavirus sudanense,,Mono-Chu,Riboviria|Orthornavirae|Negarnaviricota|Haploviricotina|Monjiviricetes|Mononegavirales||Filoviridae||Orthoebolavirus|Orthoebolavirus sudanense
YP_001531159_Marburg_marburgvirus,Filoviridae,1,1,0,Riboviria,Orthornavirae,Negarnaviricota,Haploviricotina,Monjiviricetes,Mononegavirales,,Filoviridae,,Orthomarburgvirus,Orthomarburgvirus marburgense,,Mono-Chu,Riboviria|Orthornavirae|Negarnaviricota|Haploviricotina|Monjiviricetes|Mononegavirales||Filoviridae||Orthomarburgvirus|Orthomarburgvirus marburgense
Rayfin_LQMMTII17328_Wenling_thamnaconus_septentrionalis_filovirus_14284bp,Filoviridae,0,1,0,Riboviria,Orthornavirae,Negarnaviricota,Haploviricotina,Monjiviricetes,Mononegavirales,,Filoviridae,,,,,Mono-Chu,Riboviria|Orthornavirae|Negarnaviricota|Haploviricotina|Monjiviricetes|Mononegavirales||Filoviridae|||
Rayfin_XYHYS28627_Wenling_frogfish_filovirus_17221bp,Filoviridae,0,1,0,Riboviria,Orthornavirae,Negarnaviricota,Haploviricotina,Monjiviricetes,Mononegavirales,,Filoviridae,,,,,Mono-Chu,Riboviria|Orthornavirae|Negarnaviricota|Haploviricotina|Monjiviricetes|Mononegavirales||Filoviridae|||
UHK03318.1_Hangzhou_acrida_cinerea_lispivirus_1_Acrida_cinerea_2078,Lispiviridae,0,0,0,Riboviria,Orthornavirae,Negarnaviricota,Haploviricotina,Monjiviricetes,Mononegavirales,,Lispiviridae,,Acridvirus,Acridvirus hangzhouense,,Mono-Chu,Riboviria|Orthornavirae|Negarnaviricota|Haploviricotina|Monjiviricetes|Mononegavirales||Lispiviridae||Acridvirus|Acridvirus hangzhouense
spider123641_Mono-Chu_Lishi_Spider_Virus_2_KM817632,Lispiviridae,0,0,0,Riboviria,Orthornavirae,Negarnaviricota,Haploviricotina,Monjiviricetes,Mononegavirales,,Lispiviridae,,Arlivirus,Arlivirus arachnae,,Mono-Chu,Riboviria|Orthornavirae|Negarnaviricota|Haploviricotina|Monjiviricetes|Mononegavirales||Lispiviridae||Arlivirus|Arlivirus arachnae
QTM133243_Mono-Chu_Hubei_odonate_virus_10,Lispiviridae,0,0,0,Riboviria,Orthornavirae,Negarnaviricota,Haploviricotina,Monjiviricetes,Mononegavirales,,Lispiviridae,,Damravirus,Damravirus dentatis,,Mono-Chu,Riboviria|Orthornavirae|Negarnaviricota|Haploviricotina|Monjiviricetes|Mononegavirales||Lispiviridae||Damravirus|Damravirus dentatis
tick109020_Mono-Chu_Tacheng_Tick_Virus_6_KM817641,Lispiviridae,0,0,0,Riboviria,Orthornavirae,Negarnaviricota,Haploviricotina,Monjiviricetes,Mononegavirales,,Lispiviridae,,Ganiavirus,Ganiavirus tachengense,,Mono-Chu,Riboviria|Orthornavirae|Negarnaviricota|Haploviricotina|Monjiviricetes|Mononegavirales||Lispiviridae||Ganiavirus|Ganiavirus tachengense
UHK03312.1_Hangzhou_eysarcoris_guttigerus_lispivirus_1_Eysarcoris_guttigerus_2270,Lispiviridae,0,0,0,Riboviria,Orthornavirae,Negarnaviricota,Haploviricotina,Monjiviricetes,Mononegavirales,,Lispiviridae,,Hemipvirus,Hemipvirus scuti,,Mono-Chu,Riboviria|Orthornavirae|Negarnaviricota|Haploviricotina|Monjiviricetes|Mononegavirales||Lispiviridae||Hemipvirus|Hemipvirus scuti
QCM135517_Mono-Chu_Hubei_rhabdo-like_virus_3,Lispiviridae,0,0,0,Riboviria,Orthornavirae,Negarnaviricota,Haploviricotina,Monjiviricetes,Mononegavirales,,Lispiviridae,,Leocovirus,Leocovirus coleopteris,,Mono-Chu,Riboviria|Orthornavirae|Negarnaviricota|Haploviricotina|Monjiviricetes|Mononegavirales||Lispiviridae||Leocovirus|Leocovirus coleopteris
WCLSXC55347_Mono-Chu_Wuchan_romanomermis_nematode_virus_2,Lispiviridae,0,0,0,Riboviria,Orthornavirae,Negarnaviricota,Haploviricotina,Monjiviricetes,Mononegavirales,,Lispiviridae,,Nematovirus,Nematovirus wuchangense,,Mono-Chu,Riboviria|Orthornavirae|Negarnaviricota|Haploviricotina|Monjiviricetes|Mononegavirales||Lispiviridae||Nematovirus|Nematovirus wuchangense
SXSSP2581_Mono-Chu_Sanxia_Water_Strider_Virus_4_KM817633,Lispiviridae,0,0,0,Riboviria,Orthornavirae,Negarnaviricota,Haploviricotina,Monjiviricetes,Mononegavirales,,Lispiviridae,,Sanstrivirus,Sanstrivirus gerridis,,Mono-Chu,Riboviria|Orthornavirae|Negarnaviricota|Haploviricotina|Monjiviricetes|Mononegavirales||Lispiviridae||Sanstrivirus|Sanstrivirus gerridis
arthropodmix13990_Mono-Chu_Hubei_rhabdo-like_virus_4,Mymonaviridae,0,0,0,Riboviria,Orthornavirae,Negarnaviricota,Haploviricotina,Monjiviricetes,Mononegavirales,,Mymonaviridae,,Hubramonavirus,Hubramonavirus hubeiense,,Mono-Chu,Riboviria|Orthornavirae|Negarnaviricota|Haploviricotina|Monjiviricetes|Mononegavirales||Mymonaviridae||Hubramonavirus|Hubramonavirus hubeiense
AHW76811_Sclerotinia_sclerotiorum_negative-stranded_RNA_virus_1,Mymonaviridae,0,0,0,Riboviria,Orthornavirae,Negarnaviricota,Haploviricotina,Monjiviricetes,Mononegavirales,,Mymonaviridae,,Sclerotimonavirus,Sclerotimonavirus sclerotiniae,,Mono-Chu,Riboviria|Orthornavirae|Negarnaviricota|Haploviricotina|Monjiviricetes|Mononegavirales||Mymonaviridae||Sclerotimonavirus|Sclerotimonavirus sclerotiniae
QJT73696.1_Botrytis_cinerea_negative-stranded_RNA_virus_3_Botrytis_cinerea_1934,Mymonaviridae,0,0,0,Riboviria,Orthornavirae,Negarnaviricota,Haploviricotina,Monjiviricetes,Mononegavirales,,Mymonaviridae,,Sclerotimonavirus,Sclerotimonavirus alphabotrytidis,,Mono-Chu,Riboviria|Orthornavirae|Negarnaviricota|Haploviricotina|Monjiviricetes|Mononegavirales||Mymonaviridae||Sclerotimonavirus|Sclerotimonavirus alphabotrytidis
BHJP58499_Mono-Chu_Beihai_rhabdo-like_virus_4,Nyamiviridae,0,0,0,Riboviria,Orthornavirae,Negarnaviricota,Haploviricotina,Monjiviricetes,Mononegavirales,,Nyamiviridae,,Berhavirus,Berhavirus beihaiense,,Mono-Chu,Riboviria|Orthornavirae|Negarnaviricota|Haploviricotina|Monjiviricetes|Mononegavirales||Nyamiviridae||Berhavirus|Berhavirus beihaiense
BHJP63888_Mono-Chu_Beihai_rhabdo-like_virus_5,Nyamiviridae,0,0,0,Riboviria,Orthornavirae,Negarnaviricota,Haploviricotina,Monjiviricetes,Mononegavirales,,Nyamiviridae,,Berhavirus,Berhavirus radialis,,Mono-Chu,Riboviria|Orthornavirae|Negarnaviricota|Haploviricotina|Monjiviricetes|Mononegavirales||Nyamiviridae||Berhavirus|Berhavirus radialis
BHNXC39077_Mono-Chu_Beihai_rhabdo-like_virus_3,Nyamiviridae,0,0,0,Riboviria,Orthornavirae,Negarnaviricota,Haploviricotina,Monjiviricetes,Mononegavirales,,Nyamiviridae,,Berhavirus,Berhavirus sipunculi,,Mono-Chu,Riboviria|Orthornavirae|Negarnaviricota|Haploviricotina|Monjiviricetes|Mononegavirales||Nyamiviridae||Berhavirus|Berhavirus sipunculi
BHJJX49420_Mono-Chu_Beihai_rhabdo-like_virus_6,Nyamiviridae,0,0,0,Riboviria,Orthornavirae,Negarnaviricota,Haploviricotina,Monjiviricetes,Mononegavirales,,Nyamiviridae,,Crustavirus,Crustavirus beihaiense,,Mono-Chu,Riboviria|Orthornavirae|Negarnaviricota|Haploviricotina|Monjiviricetes|Mononegavirales||Nyamiviridae||Crustavirus|Crustavirus beihaiense
WLJQ47777_Mono-Chu_Wenling_crustacean_virus_12,Nyamiviridae,0,0,0,Riboviria,Orthornavirae,Negarnaviricota,Haploviricotina,Monjiviricetes,Mononegavirales,,Nyamiviridae,,Crustavirus,Crustavirus wenlingense,,Mono-Chu,Riboviria|Orthornavirae|Negarnaviricota|Haploviricotina|Monjiviricetes|Mononegavirales||Nyamiviridae||Crustavirus|Crustavirus wenlingense
WZRBX43457_Mono-Chu_Wenzhou_crab_virus_1_KM817644,Nyamiviridae,0,0,0,Riboviria,Orthornavirae,Negarnaviricota,Haploviricotina,Monjiviricetes,Mononegavirales,,Nyamiviridae,,Crustavirus,Crustavirus wenzhouense,,Mono-Chu,Riboviria|Orthornavirae|Negarnaviricota|Haploviricotina|Monjiviricetes|Mononegavirales||Nyamiviridae||Crustavirus|Crustavirus wenzhouense
YP_002905331_Midway_virus,Nyamiviridae,0,0,0,Riboviria,Orthornavirae,Negarnaviricota,Haploviricotina,Monjiviricetes,Mononegavirales,,Nyamiviridae,,Nyavirus,Nyavirus midwayense,,Mono-Chu,Riboviria|Orthornavirae|Negarnaviricota|Haploviricotina|Monjiviricetes|Mononegavirales||Nyamiviridae||Nyavirus|Nyavirus midwayense
SGJSC14943_Mono-Chu_Wenzhou_tapeworm_virus_1_RdRp,Nyamiviridae,0,0,0,Riboviria,Orthornavirae,Negarnaviricota,Haploviricotina,Monjiviricetes,Mononegavirales,,Nyamiviridae,,Tapwovirus,Tapwovirus cesti,,Mono-Chu,Riboviria|Orthornavirae|Negarnaviricota|Haploviricotina|Monjiviricetes|Mononegavirales||Nyamiviridae||Tapwovirus|Tapwovirus cesti
NP_899661_Fer-de-Lance_paramyxovirus,Paramyxoviridae,0,1,0,Riboviria,Orthornavirae,Negarnaviricota,Haploviricotina,Monjiviricetes,Mononegavirales,,Paramyxoviridae,Orthoparamyxovirinae,Ferlavirus,Ferlavirus reptilis,,Mono-Chu,Riboviria|Orthornavirae|Negarnaviricota|Haploviricotina|Monjiviricetes|Mononegavirales||Paramyxoviridae|Orthoparamyxovirinae|Ferlavirus|Ferlavirus reptilis
NP_047113.3_Hendra_henipavirus,Paramyxoviridae,1,1,0,Riboviria,Orthornavirae,Negarnaviricota,Haploviricotina,Monjiviricetes,Mononegavirales,,Paramyxoviridae,Orthoparamyxovirinae,Henipavirus,Henipavirus hendraense,,Mono-Chu,Riboviria|Orthornavirae|Negarnaviricota|Haploviricotina|Monjiviricetes|Mononegavirales||Paramyxoviridae|Orthoparamyxovirinae|Henipavirus|Henipavirus hendraense
NP_112028_Nipah_virus,Paramyxoviridae,1,1,0,Riboviria,Orthornavirae,Negarnaviricota,Haploviricotina,Monjiviricetes,Mononegavirales,,Paramyxoviridae,Orthoparamyxovirinae,Henipavirus,Henipavirus nipahense,,Mono-Chu,Riboviria|Orthornavirae|Negarnaviricota|Haploviricotina|Monjiviricetes|Mononegavirales||Paramyxoviridae|Orthoparamyxovirinae|Henipavirus|Henipavirus nipahense
UBB42298.1_RNA_Longquan_Niviventer_niviventer_jeilongvirus_1_RNA_Niviventer_niviventer_2199,Paramyxoviridae,0,1,0,Riboviria,Orthornavirae,Negarnaviricota,Haploviricotina,Monjiviricetes,Mononegavirales,,Paramyxoviridae,,Jeilongvirus,,,Mono-Chu,Riboviria|Orthornavirae|Negarnaviricota|Haploviricotina|Monjiviricetes|Mononegavirales||Paramyxoviridae||Jeilongvirus|
UMO78112.1_Bat_paramyxovirus_Hipposideros_armiger_2193,Paramyxoviridae,0,1,0,Riboviria,Orthornavirae,Negarnaviricota,Haploviricotina,Monjiviricetes,Mononegavirales,,Paramyxoviridae,,Jeilongvirus,Jeilongvirus murinae,,Mono-Chu,Riboviria|Orthornavirae|Negarnaviricota|Haploviricotina|Monjiviricetes|Mononegavirales||Paramyxoviridae||Jeilongvirus|Jeilongvirus murinae
YP_010085024.1_Pohorje_myodes_paramyxovirus_1_2188,Paramyxoviridae,0,1,0,Riboviria,Orthornavirae,Negarnaviricota,Haploviricotina,Monjiviricetes,Mononegavirales,,Paramyxoviridae,Orthoparamyxovirinae,Jeilongvirus,Jeilongvirus myodesis,,Mono-Chu,Riboviria|Orthornavirae|Negarnaviricota|Haploviricotina|Monjiviricetes|Mononegavirales||Paramyxoviridae|Orthoparamyxovirinae|Jeilongvirus|Jeilongvirus myodesis
YP_338085_J-virus,Paramyxoviridae,0,1,0,Riboviria,Orthornavirae,Negarnaviricota,Haploviricotina,Monjiviricetes,Mononegavirales,,Paramyxoviridae,Orthoparamyxovirinae,Jeilongvirus,Jeilongvirus queenslandense,,Mono-Chu,Riboviria|Orthornavirae|Negarnaviricota|Haploviricotina|Monjiviricetes|Mononegavirales||Paramyxoviridae|Orthoparamyxovirinae|Jeilongvirus|Jeilongvirus queenslandense
NP_150063_Avian_paramyxovirus_6,Paramyxoviridae,0,1,0,Riboviria,Orthornavirae,Negarnaviricota,Haploviricotina,Monjiviricetes,Mononegavirales,,Paramyxoviridae,Avulavirinae,Metaavulavirus,Metaavulavirus hongkongense,,Mono-Chu,Riboviria|Orthornavirae|Negarnaviricota|Haploviricotina|Monjiviricetes|Mononegavirales||Paramyxoviridae|Avulavirinae|Metaavulavirus|Metaavulavirus hongkongense
NP_945030_Dolphin_morbillivirus,Paramyxoviridae,0,1,0,Riboviria,Orthornavirae,Negarnaviricota,Haploviricotina,Monjiviricetes,Mononegavirales,,Paramyxoviridae,Orthoparamyxovirinae,Morbillivirus,Morbillivirus ceti,,Mono-Chu,Riboviria|Orthornavirae|Negarnaviricota|Haploviricotina|Monjiviricetes|Mononegavirales||Paramyxoviridae|Orthoparamyxovirinae|Morbillivirus|Morbillivirus ceti
NP_047207.1_Canine_morbillivirus,Paramyxoviridae,1,1,0,Riboviria,Orthornavirae,Negarnaviricota,Haploviricotina,Monjiviricetes,Mononegavirales,,Paramyxoviridae,Orthoparamyxovirinae,Morbillivirus,Morbillivirus canis,,Mono-Chu,Riboviria|Orthornavirae|Negarnaviricota|Haploviricotina|Monjiviricetes|Mononegavirales||Paramyxoviridae|Orthoparamyxovirinae|Morbillivirus|Morbillivirus canis
NP_056924_Measles_virus,Paramyxoviridae,1,1,0,Riboviria,Orthornavirae,Negarnaviricota,Haploviricotina,Monjiviricetes,Mononegavirales,,Paramyxoviridae,Orthoparamyxovirinae,Morbillivirus,Morbillivirus hominis,,Mono-Chu,Riboviria|Orthornavirae|Negarnaviricota|Haploviricotina|Monjiviricetes|Mononegavirales||Paramyxoviridae|Orthoparamyxovirinae|Morbillivirus|Morbillivirus hominis
NP_054697_Tupaia_paramyxovirus,Paramyxoviridae,0,1,0,Riboviria,Orthornavirae,Negarnaviricota,Haploviricotina,Monjiviricetes,Mononegavirales,,Paramyxoviridae,Orthoparamyxovirinae,Narmovirus,Narmovirus tupaiae,,Mono-Chu,Riboviria|Orthornavirae|Negarnaviricota|Haploviricotina|Monjiviricetes|Mononegavirales||Paramyxoviridae|Orthoparamyxovirinae|Narmovirus|Narmovirus tupaiae
YP_006347589_Nariva_virus,Paramyxoviridae,0,1,0,Riboviria,Orthornavirae,Negarnaviricota,Haploviricotina,Monjiviricetes,Mononegavirales,,Paramyxoviridae,Orthoparamyxovirinae,Narmovirus,Narmovirus narivaense,,Mono-Chu,Riboviria|Orthornavirae|Negarnaviricota|Haploviricotina|Monjiviricetes|Mononegavirales||Paramyxoviridae|Orthoparamyxovirinae|Narmovirus|Narmovirus narivaense
NP_071471_Newcastle_disease_virus,Paramyxoviridae,0,1,0,Riboviria,Orthornavirae,Negarnaviricota,Haploviricotina,Monjiviricetes,Mononegavirales,,Paramyxoviridae,Avulavirinae,Orthoavulavirus,Orthoavulavirus javaense,,Mono-Chu,Riboviria|Orthornavirae|Negarnaviricota|Haploviricotina|Monjiviricetes|Mononegavirales||Paramyxoviridae|Avulavirinae|Orthoavulavirus|Orthoavulavirus javaense
YP_001249278_Mapuera_virus,Paramyxoviridae,0,1,0,Riboviria,Orthornavirae,Negarnaviricota,Haploviricotina,Monjiviricetes,Mononegavirales,,Paramyxoviridae,Rubulavirinae,Orthorubulavirus,Orthorubulavirus mapueraense,,Mono-Chu,Riboviria|Orthornavirae|Negarnaviricota|Haploviricotina|Monjiviricetes|Mononegavirales||Paramyxoviridae|Rubulavirinae|Orthorubulavirus|Orthorubulavirus mapueraense
NP_054714_Mumps_virus,Paramyxoviridae,1,0,0,Riboviria,Orthornavirae,Negarnaviricota,Haploviricotina,Monjiviricetes,Mononegavirales,,Paramyxoviridae,Rubulavirinae,Orthorubulavirus,Orthorubulavirus parotitidis,,Mono-Chu,Riboviria|Orthornavirae|Negarnaviricota|Haploviricotina|Monjiviricetes|Mononegavirales||Paramyxoviridae|Rubulavirinae|Orthorubulavirus|Orthorubulavirus parotitidis
YP_008378665_Human_parainfluenza_virus_4a,Paramyxoviridae,1,0,0,Riboviria,Orthornavirae,Negarnaviricota,Haploviricotina,Monjiviricetes,Mononegavirales,,Paramyxoviridae,Rubulavirinae,Orthorubulavirus,Orthorubulavirus hominis,,Mono-Chu,Riboviria|Orthornavirae|Negarnaviricota|Haploviricotina|Monjiviricetes|Mononegavirales||Paramyxoviridae|Rubulavirinae|Orthorubulavirus|Orthorubulavirus hominis
NP_598406_Human_parainfluenza_virus_2,Paramyxoviridae,1,1,0,Riboviria,Orthornavirae,Negarnaviricota,Haploviricotina,Monjiviricetes,Mononegavirales,,Paramyxoviridae,Rubulavirinae,Orthorubulavirus,Orthorubulavirus laryngotracheitidis,,Mono-Chu,Riboviria|Orthornavirae|Negarnaviricota|Haploviricotina|Monjiviricetes|Mononegavirales||Paramyxoviridae|Rubulavirinae|Orthorubulavirus|Orthorubulavirus laryngotracheitidis
YP_138510.1_Simian_rubulavirus,Paramyxoviridae,1,1,0,Riboviria,Orthornavirae,Negarnaviricota,Haploviricotina,Monjiviricetes,Mononegavirales,,Paramyxoviridae,Rubulavirinae,Orthorubulavirus,Orthorubulavirus simiae,,Mono-Chu,Riboviria|Orthornavirae|Negarnaviricota|Haploviricotina|Monjiviricetes|Mononegavirales||Paramyxoviridae|Rubulavirinae|Orthorubulavirus|Orthorubulavirus simiae
YP_138518.1_Mammalian_rubulavirus_5,Paramyxoviridae,1,1,0,Riboviria,Orthornavirae,Negarnaviricota,Haploviricotina,Monjiviricetes,Mononegavirales,,Paramyxoviridae,Rubulavirinae,Orthorubulavirus,Orthorubulavirus mammalis,,Mono-Chu,Riboviria|Orthornavirae|Negarnaviricota|Haploviricotina|Monjiviricetes|Mononegavirales||Paramyxoviridae|Rubulavirinae|Orthorubulavirus|Orthorubulavirus mammalis
YP_007008152_Avian_paramyxovirus_4,Paramyxoviridae,0,1,0,Riboviria,Orthornavirae,Negarnaviricota,Haploviricotina,Monjiviricetes,Mononegavirales,,Paramyxoviridae,Avulavirinae,Paraavulavirus,Paraavulavirus hongkongense,,Mono-Chu,Riboviria|Orthornavirae|Negarnaviricota|Haploviricotina|Monjiviricetes|Mononegavirales||Paramyxoviridae|Avulavirinae|Paraavulavirus|Paraavulavirus hongkongense
NP_665871.1_Tioman_virus,Paramyxoviridae,1,1,0,Riboviria,Orthornavirae,Negarnaviricota,Haploviricotina,Monjiviricetes,Mononegavirales,,Paramyxoviridae,Rubulavirinae,Pararubulavirus,Pararubulavirus tiomanense,,Mono-Chu,Riboviria|Orthornavirae|Negarnaviricota|Haploviricotina|Monjiviricetes|Mononegavirales||Paramyxoviridae|Rubulavirinae|Pararubulavirus|Pararubulavirus tiomanense
YP_009094034.1_Sosuga_virus,Paramyxoviridae,1,1,0,Riboviria,Orthornavirae,Negarnaviricota,Haploviricotina,Monjiviricetes,Mononegavirales,,Paramyxoviridae,Rubulavirinae,Pararubulavirus,Pararubulavirus sosugaense,,Mono-Chu,Riboviria|Orthornavirae|Negarnaviricota|Haploviricotina|Monjiviricetes|Mononegavirales||Paramyxoviridae|Rubulavirinae|Pararubulavirus|Pararubulavirus sosugaense
YP_415514_Menangle_virus,Paramyxoviridae,1,1,0,Riboviria,Orthornavirae,Negarnaviricota,Haploviricotina,Monjiviricetes,Mononegavirales,,Paramyxoviridae,Rubulavirinae,Pararubulavirus,Pararubulavirus menangleense,,Mono-Chu,Riboviria|Orthornavirae|Negarnaviricota|Haploviricotina|Monjiviricetes|Mononegavirales||Paramyxoviridae|Rubulavirinae|Pararubulavirus|Pararubulavirus menangleense
NP_067153_Human_parainfluenza_virus_3,Paramyxoviridae,1,1,0,Riboviria,Orthornavirae,Negarnaviricota,Haploviricotina,Monjiviricetes,Mononegavirales,,Paramyxoviridae,Orthoparamyxovirinae,Respirovirus,Respirovirus pneumoniae,,Mono-Chu,Riboviria|Orthornavirae|Negarnaviricota|Haploviricotina|Monjiviricetes|Mononegavirales||Paramyxoviridae|Orthoparamyxovirinae|Respirovirus|Respirovirus pneumoniae
NP_604442_Human_parainfluenza_virus_1,Paramyxoviridae,1,1,0,Riboviria,Orthornavirae,Negarnaviricota,Haploviricotina,Monjiviricetes,Mononegavirales,,Paramyxoviridae,Orthoparamyxovirinae,Respirovirus,Respirovirus laryngotracheitidis,,Mono-Chu,Riboviria|Orthornavirae|Negarnaviricota|Haploviricotina|Monjiviricetes|Mononegavirales||Paramyxoviridae|Orthoparamyxovirinae|Respirovirus|Respirovirus laryngotracheitidis
Rayfin_XYHYC179963_Wenling_triplecross_lizardfish_paramyxovirus_16560bp,Paramyxoviridae,0,1,0,Riboviria,Orthornavirae,Negarnaviricota,Haploviricotina,Monjiviricetes,Mononegavirales,,Paramyxoviridae,,,,,Mono-Chu,Riboviria|Orthornavirae|Negarnaviricota|Haploviricotina|Monjiviricetes|Mononegavirales||Paramyxoviridae|||
UBB42379.1_RNA_Jingmen_Miniopterus_schreibersii_paramyxovirus_2_RNA_Miniopterus_schreibersii_2174,Paramyxoviridae,0,1,0,Riboviria,Orthornavirae,Negarnaviricota,Haploviricotina,Monjiviricetes,Mononegavirales,,Paramyxoviridae,,,,,Mono-Chu,Riboviria|Orthornavirae|Negarnaviricota|Haploviricotina|Monjiviricetes|Mononegavirales||Paramyxoviridae|||
UOL48917.1_RNA_Wufeng_Typhlomys_cinereus_jeilongvirus_1_RNA_Typhlomys_cinereus_2178,Paramyxoviridae,0,1,0,Riboviria,Orthornavirae,Negarnaviricota,Haploviricotina,Monjiviricetes,Mononegavirales,,Paramyxoviridae,Orthoparamyxovirinae,Jeilongvirus,,,Mono-Chu,Riboviria|Orthornavirae|Negarnaviricota|Haploviricotina|Monjiviricetes|Mononegavirales||Paramyxoviridae|||
UOL48963.1_RNA_Wufeng_Murina_leucogaster_paramyxovirus_1_RNA_Murina_leucogaster_2181,Paramyxoviridae,0,1,0,Riboviria,Orthornavirae,Negarnaviricota,Haploviricotina,Monjiviricetes,Mononegavirales,,Paramyxoviridae,,,,,Mono-Chu,Riboviria|Orthornavirae|Negarnaviricota|Haploviricotina|Monjiviricetes|Mononegavirales||Paramyxoviridae|||
UQM99547.1_RNA_Gierle_apodemus_virus_RNA_Apodemus_sylvaticus_2193,Paramyxoviridae,0,1,0,Riboviria,Orthornavirae,Negarnaviricota,Haploviricotina,Monjiviricetes,Mononegavirales,,Paramyxoviridae,,,,,Mono-Chu,Riboviria|Orthornavirae|Negarnaviricota|Haploviricotina|Monjiviricetes|Mononegavirales||Paramyxoviridae|||
YP_009513228.1_Avian_metapneumovirus,Pneumoviridae,1,1,0,Riboviria,Orthornavirae,Negarnaviricota,Haploviricotina,Monjiviricetes,Mononegavirales,,Pneumoviridae,,Metapneumovirus,Metapneumovirus avis,,Mono-Chu,Riboviria|Orthornavirae|Negarnaviricota|Haploviricotina|Monjiviricetes|Mononegavirales||Pneumoviridae||Metapneumovirus|Metapneumovirus avis
YP_012613_Human_metapneumovirus,Pneumoviridae,1,1,0,Riboviria,Orthornavirae,Negarnaviricota,Haploviricotina,Monjiviricetes,Mononegavirales,,Pneumoviridae,,Metapneumovirus,Metapneumovirus hominis,,Mono-Chu,Riboviria|Orthornavirae|Negarnaviricota|Haploviricotina|Monjiviricetes|Mononegavirales||Pneumoviridae||Metapneumovirus|Metapneumovirus hominis
YP_173335_Pneumonia_virus_of_mice,Pneumoviridae,0,1,0,Riboviria,Orthornavirae,Negarnaviricota,Haploviricotina,Monjiviricetes,Mononegavirales,,Pneumoviridae,,Orthopneumovirus,Orthopneumovirus muris,,Mono-Chu,Riboviria|Orthornavirae|Negarnaviricota|Haploviricotina|Monjiviricetes|Mononegavirales||Pneumoviridae||Orthopneumovirus|Orthopneumovirus muris
NP_056866_Human_respiratory_syncytial_virus,Pneumoviridae,1,1,0,Riboviria,Orthornavirae,Negarnaviricota,Haploviricotina,Monjiviricetes,Mononegavirales,,Pneumoviridae,,Orthopneumovirus,Orthopneumovirus hominis,,Mono-Chu,Riboviria|Orthornavirae|Negarnaviricota|Haploviricotina|Monjiviricetes|Mononegavirales||Pneumoviridae||Orthopneumovirus|Orthopneumovirus hominis
fly115936_Mono-Chu_Shayang_Fly_Virus_3_KM817636,Rhabdoviridae,0,0,0,Riboviria,Orthornavirae,Negarnaviricota,Haploviricotina,Monjiviricetes,Mononegavirales,,Rhabdoviridae,,Alphadrosrhavirus,Alphadrosrhavirus shayang,,Mono-Chu,Riboviria|Orthornavirae|Negarnaviricota|Haploviricotina|Monjiviricetes|Mononegavirales||Rhabdoviridae||Alphadrosrhavirus|Alphadrosrhavirus shayang
fly116579_Mono-Chu_Wuhan_House_Fly_Virus_2_KM817649,Rhabdoviridae,0,0,0,Riboviria,Orthornavirae,Negarnaviricota,Haploviricotina,Monjiviricetes,Mononegavirales,,Rhabdoviridae,,Alphadrosrhavirus,Alphadrosrhavirus hubei,,Mono-Chu,Riboviria|Orthornavirae|Negarnaviricota|Haploviricotina|Monjiviricetes|Mononegavirales||Rhabdoviridae||Alphadrosrhavirus|Alphadrosrhavirus hubei
BHTH16013_Mono-Chu_Beihai_barnacle_virus_7,Rhabdoviridae,0,0,0,Riboviria,Orthornavirae,Negarnaviricota,Haploviricotina,Monjiviricetes,Mononegavirales,,Rhabdoviridae,,,,,Mono-Chu,Riboviria|Orthornavirae|Negarnaviricota|Haploviricotina|Monjiviricetes|Mononegavirales||Rhabdoviridae|||
CC61396_Mono-Chu_Shuangao_Bedbug_Virus_2_KM817637,Rhabdoviridae,0,0,0,Riboviria,Orthornavirae,Negarnaviricota,Haploviricotina,Monjiviricetes,Mononegavirales,,Rhabdoviridae,,,,,Mono-Chu,Riboviria|Orthornavirae|Negarnaviricota|Haploviricotina|Monjiviricetes|Mononegavirales||Rhabdoviridae|||
fly59540_Mono-Chu_Jingshan_Fly_Virus_2_KM817631,Rhabdoviridae,0,0,0,Riboviria,Orthornavirae,Negarnaviricota,Haploviricotina,Monjiviricetes,Mononegavirales,,Rhabdoviridae,,,,,Mono-Chu,Riboviria|Orthornavirae|Negarnaviricota|Haploviricotina|Monjiviricetes|Mononegavirales||Rhabdoviridae|||
fly82621_Mono-Chu_Wuhan_Fly_Virus_3_KM817647,Rhabdoviridae,0,0,0,Riboviria,Orthornavirae,Negarnaviricota,Haploviricotina,Monjiviricetes,Mononegavirales,,Rhabdoviridae,,,,,Mono-Chu,Riboviria|Orthornavirae|Negarnaviricota|Haploviricotina|Monjiviricetes|Mononegavirales||Rhabdoviridae|||
insectZJ98112_Mono-Chu_Shuangao_Insect_Virus_6_KM817639,Rhabdoviridae,0,0,0,Riboviria,Orthornavirae,Negarnaviricota,Haploviricotina,Monjiviricetes,Mononegavirales,,Rhabdoviridae,,,,,Mono-Chu,Riboviria|Orthornavirae|Negarnaviricota|Haploviricotina|Monjiviricetes|Mononegavirales||Rhabdoviridae|||
mosHB236541_Mono-Chu_Wuhan_Mosquito_Virus_9_KM817659,Rhabdoviridae,0,0,0,Riboviria,Orthornavirae,Negarnaviricota,Haploviricotina,Monjiviricetes,Mononegavirales,,Rhabdoviridae,,,,,Mono-Chu,Riboviria|Orthornavirae|Negarnaviricota|Haploviricotina|Monjiviricetes|Mononegavirales||Rhabdoviridae|||
QTM25107_Mono-Chu_Hubei_rhabdo-like_virus_1,Rhabdoviridae,0,0,0,Riboviria,Orthornavirae,Negarnaviricota,Haploviricotina,Monjiviricetes,Mononegavirales,,Rhabdoviridae,,,,,Mono-Chu,Riboviria|Orthornavirae|Negarnaviricota|Haploviricotina|Monjiviricetes|Mononegavirales||Rhabdoviridae|||
SXSSP2583_Mono-Chu_Sanxia_Water_Strider_Virus_5_KM817634,Rhabdoviridae,0,0,0,Riboviria,Orthornavirae,Negarnaviricota,Haploviricotina,Monjiviricetes,Mononegavirales,,Rhabdoviridae,,,,,Mono-Chu,Riboviria|Orthornavirae|Negarnaviricota|Haploviricotina|Monjiviricetes|Mononegavirales||Rhabdoviridae|||
SYJFC48550_Mono-Chu_Shayang_ascaridia_galli_virus_2,Rhabdoviridae,0,0,0,Riboviria,Orthornavirae,Negarnaviricota,Haploviricotina,Monjiviricetes,Mononegavirales,,Rhabdoviridae,,,,,Mono-Chu,Riboviria|Orthornavirae|Negarnaviricota|Haploviricotina|Monjiviricetes|Mononegavirales||Rhabdoviridae|||
tick109082_Mono-Chu_Tacheng_Tick_Virus_7_KM817642,Rhabdoviridae,0,0,0,Riboviria,Orthornavirae,Negarnaviricota,Haploviricotina,Monjiviricetes,Mononegavirales,,Rhabdoviridae,,,,,Mono-Chu,Riboviria|Orthornavirae|Negarnaviricota|Haploviricotina|Monjiviricetes|Mononegavirales||Rhabdoviridae|||
WHCC118217_Mono-Chu_Wuhan_Ant_Virus_KM817645,Rhabdoviridae,0,0,0,Riboviria,Orthornavirae,Negarnaviricota,Haploviricotina,Monjiviricetes,Mononegavirales,,Rhabdoviridae,,,,,Mono-Chu,Riboviria|Orthornavirae|Negarnaviricota|Haploviricotina|Monjiviricetes|Mononegavirales||Rhabdoviridae|||
WHSWHC60518_Mono-Chu_Hubei_rhabdo-like_virus_2,Rhabdoviridae,0,0,0,Riboviria,Orthornavirae,Negarnaviricota,Haploviricotina,Monjiviricetes,Mononegavirales,,Rhabdoviridae,,,,,Mono-Chu,Riboviria|Orthornavirae|Negarnaviricota|Haploviricotina|Monjiviricetes|Mononegavirales||Rhabdoviridae|||
WHZHC73015_Mono-Chu_Hubei_rhabdo-like_virus_9,Rhabdoviridae,0,0,0,Riboviria,Orthornavirae,Negarnaviricota,Haploviricotina,Monjiviricetes,Mononegavirales,,Rhabdoviridae,,,,,Mono-Chu,Riboviria|Orthornavirae|Negarnaviricota|Haploviricotina|Monjiviricetes|Mononegavirales||Rhabdoviridae|||
WLJQ101844_Mono-Chu_Wenling_crustacean_virus_10,Rhabdoviridae,0,0,0,Riboviria,Orthornavirae,Negarnaviricota,Haploviricotina,Monjiviricetes,Mononegavirales,,Rhabdoviridae,,,,,Mono-Chu,Riboviria|Orthornavirae|Negarnaviricota|Haploviricotina|Monjiviricetes|Mononegavirales||Rhabdoviridae|||
WLJQ201798_Mono-Chu_Wenling_crustacean_virus_11,Rhabdoviridae,0,0,0,Riboviria,Orthornavirae,Negarnaviricota,Haploviricotina,Monjiviricetes,Mononegavirales,,Rhabdoviridae,,,,,Mono-Chu,Riboviria|Orthornavirae|Negarnaviricota|Haploviricotina|Monjiviricetes|Mononegavirales||Rhabdoviridae|||
YP_010229220.1_Almendravirus_balsa_2042,Rhabdoviridae_Alpharhabdovirinae,0,0,0,Riboviria,Orthornavirae,Negarnaviricota,Haploviricotina,Monjiviricetes,Mononegavirales,,Rhabdoviridae,Alpharhabdovirinae,Almendravirus,Almendravirus balsa,,Mono-Chu,Riboviria|Orthornavirae|Negarnaviricota|Haploviricotina|Monjiviricetes|Mononegavirales||Rhabdoviridae|Alpharhabdovirinae|Almendravirus|Almendravirus balsa
LCM101902_Mono-Chu_Hubei_lepidoptera_virus_2,Rhabdoviridae_Alpharhabdovirinae,0,0,0,Riboviria,Orthornavirae,Negarnaviricota,Haploviricotina,Monjiviricetes,Mononegavirales,,Rhabdoviridae,Alpharhabdovirinae,Alphapaprhavirus,Alphapaprhavirus hubei,,Mono-Chu,Riboviria|Orthornavirae|Negarnaviricota|Haploviricotina|Monjiviricetes|Mononegavirales||Rhabdoviridae|Alpharhabdovirinae|Alphapaprhavirus|Alphapaprhavirus hubei
tick108993_Mono-Chu_Bole_Tick_Virus_2_KM817629,Rhabdoviridae_Alpharhabdovirinae,0,0,0,Riboviria,Orthornavirae,Negarnaviricota,Haploviricotina,Monjiviricetes,Mononegavirales,,Rhabdoviridae,Alpharhabdovirinae,Alpharicinrhavirus,Alpharicinrhavirus bole,Bole tick virus 2,Mono-Chu,Riboviria|Orthornavirae|Negarnaviricota|Haploviricotina|Monjiviricetes|Mononegavirales||Rhabdoviridae|Alpharhabdovirinae|Alpharicinrhavirus|Alpharicinrhavirus bole
tick109187_Mono-Chu_Wuhan_Tick_Virus_1_KM817660,Rhabdoviridae_Alpharhabdovirinae,0,0,0,Riboviria,Orthornavirae,Negarnaviricota,Haploviricotina,Monjiviricetes,Mononegavirales,,Rhabdoviridae,Alpharhabdovirinae,Alpharicinrhavirus,Alpharicinrhavirus wuhan,,Mono-Chu,Riboviria|Orthornavirae|Negarnaviricota|Haploviricotina|Monjiviricetes|Mononegavirales||Rhabdoviridae|Alpharhabdovirinae|Alpharicinrhavirus|Alpharicinrhavirus wuhan
QCF24331.1_Frog_lyssa-like_virus_1_Dryophytes_cinereus_2147,Rhabdoviridae_Alpharhabdovirinae,0,1,0,Riboviria,Orthornavirae,Negarnaviricota,Haploviricotina,Monjiviricetes,Mononegavirales,,Rhabdoviridae,Alpharhabdovirinae,Amplylivirus,Amplylivirus cinereus,,Mono-Chu,Riboviria|Orthornavirae|Negarnaviricota|Haploviricotina|Monjiviricetes|Mononegavirales||Rhabdoviridae|Alpharhabdovirinae|Amplylivirus|Amplylivirus cinereus
NP_065409_Bovine_ephemeral_fever_virus,Rhabdoviridae_Alpharhabdovirinae,0,1,0,Riboviria,Orthornavirae,Negarnaviricota,Haploviricotina,Monjiviricetes,Mononegavirales,,Rhabdoviridae,Alpharhabdovirinae,Ephemerovirus,Ephemerovirus febris,,Mono-Chu,Riboviria|Orthornavirae|Negarnaviricota|Haploviricotina|Monjiviricetes|Mononegavirales||Rhabdoviridae|Alpharhabdovirinae|Ephemerovirus|Ephemerovirus febris
YP_006200965_Obodhiang_virus,Rhabdoviridae_Alpharhabdovirinae,0,1,0,Riboviria,Orthornavirae,Negarnaviricota,Haploviricotina,Monjiviricetes,Mononegavirales,,Rhabdoviridae,Alpharhabdovirinae,Ephemerovirus,Ephemerovirus obodhiang,,Mono-Chu,Riboviria|Orthornavirae|Negarnaviricota|Haploviricotina|Monjiviricetes|Mononegavirales||Rhabdoviridae|Alpharhabdovirinae|Ephemerovirus|Ephemerovirus obodhiang
YP_006202628_Kotonkan_virus,Rhabdoviridae_Alpharhabdovirinae,0,1,0,Riboviria,Orthornavirae,Negarnaviricota,Haploviricotina,Monjiviricetes,Mononegavirales,,Rhabdoviridae,Alpharhabdovirinae,Ephemerovirus,Ephemerovirus kotonkan,,Mono-Chu,Riboviria|Orthornavirae|Negarnaviricota|Haploviricotina|Monjiviricetes|Mononegavirales||Rhabdoviridae|Alpharhabdovirinae|Ephemerovirus|Ephemerovirus kotonkan
YP_002333280_Wongabel_virus,Rhabdoviridae_Alpharhabdovirinae,0,0,0,Riboviria,Orthornavirae,Negarnaviricota,Haploviricotina,Monjiviricetes,Mononegavirales,,Rhabdoviridae,Alpharhabdovirinae,Hapavirus,Hapavirus wongabel,,Mono-Chu,Riboviria|Orthornavirae|Negarnaviricota|Haploviricotina|Monjiviricetes|Mononegavirales||Rhabdoviridae|Alpharhabdovirinae|Hapavirus|Hapavirus wongabel
YP_003518294_Ngaingan_virus,Rhabdoviridae_Alpharhabdovirinae,0,0,0,Riboviria,Orthornavirae,Negarnaviricota,Haploviricotina,Monjiviricetes,Mononegavirales,,Rhabdoviridae,Alpharhabdovirinae,Hapavirus,Hapavirus ngaingan,,Mono-Chu,Riboviria|Orthornavirae|Negarnaviricota|Haploviricotina|Monjiviricetes|Mononegavirales||Rhabdoviridae|Alpharhabdovirinae|Hapavirus|Hapavirus ngaingan
AHB08865_Kolente_virus,Rhabdoviridae_Alpharhabdovirinae,0,0,0,Riboviria,Orthornavirae,Negarnaviricota,Haploviricotina,Monjiviricetes,Mononegavirales,,Rhabdoviridae,Alpharhabdovirinae,Ledantevirus,Ledantevirus kolente,,Mono-Chu,Riboviria|Orthornavirae|Negarnaviricota|Haploviricotina|Monjiviricetes|Mononegavirales||Rhabdoviridae|Alpharhabdovirinae|Ledantevirus|Ledantevirus kolente
BAN29060_Nishimuro_virus,Rhabdoviridae_Alpharhabdovirinae,0,0,0,Riboviria,Orthornavirae,Negarnaviricota,Haploviricotina,Monjiviricetes,Mononegavirales,,Rhabdoviridae,Alpharhabdovirinae,Ledantevirus,Ledantevirus nishimuro,,Mono-Chu,Riboviria|Orthornavirae|Negarnaviricota|Haploviricotina|Monjiviricetes|Mononegavirales||Rhabdoviridae|Alpharhabdovirinae|Ledantevirus|Ledantevirus nishimuro
CC65127_Mono-Chu_Wuhan_Louse_Fly_Virus_5_KM817654,Rhabdoviridae_Alpharhabdovirinae,0,0,0,Riboviria,Orthornavirae,Negarnaviricota,Haploviricotina,Monjiviricetes,Mononegavirales,,Rhabdoviridae,Alpharhabdovirinae,Ledantevirus,Ledantevirus wuhan,,Mono-Chu,Riboviria|Orthornavirae|Negarnaviricota|Haploviricotina|Monjiviricetes|Mononegavirales||Rhabdoviridae|Alpharhabdovirinae|Ledantevirus|Ledantevirus wuhan
tick107864_Mono-Chu_Yongjia_Tick_Virus_2_KM817662,Rhabdoviridae_Alpharhabdovirinae,0,0,0,Riboviria,Orthornavirae,Negarnaviricota,Haploviricotina,Monjiviricetes,Mononegavirales,,Rhabdoviridae,Alpharhabdovirinae,Ledantevirus,Ledantevirus yongjia,,Mono-Chu,Riboviria|Orthornavirae|Negarnaviricota|Haploviricotina|Monjiviricetes|Mononegavirales||Rhabdoviridae|Alpharhabdovirinae|Ledantevirus|Ledantevirus yongjia
YP_007641391_Lagos_bat_virus,Rhabdoviridae_Alpharhabdovirinae,0,1,0,Riboviria,Orthornavirae,Negarnaviricota,Haploviricotina,Monjiviricetes,Mononegavirales,,Rhabdoviridae,Alpharhabdovirinae,Lyssavirus,Lyssavirus lagos,,Mono-Chu,Riboviria|Orthornavirae|Negarnaviricota|Haploviricotina|Monjiviricetes|Mononegavirales||Rhabdoviridae|Alpharhabdovirinae|Lyssavirus|Lyssavirus lagos
NP_056797.1_Rabies_lyssavirus,Rhabdoviridae_Alpharhabdovirinae,1,1,0,Riboviria,Orthornavirae,Negarnaviricota,Haploviricotina,Monjiviricetes,Mononegavirales,,Rhabdoviridae,Alpharhabdovirinae,Lyssavirus,Lyssavirus rabies,,Mono-Chu,Riboviria|Orthornavirae|Negarnaviricota|Haploviricotina|Monjiviricetes|Mononegavirales||Rhabdoviridae|Alpharhabdovirinae|Lyssavirus|Lyssavirus rabies
NP_056797_Rabies_virus,Rhabdoviridae_Alpharhabdovirinae,1,1,0,Riboviria,Orthornavirae,Negarnaviricota,Haploviricotina,Monjiviricetes,Mononegavirales,,Rhabdoviridae,Alpharhabdovirinae,Lyssavirus,Lyssavirus rabies,,Mono-Chu,Riboviria|Orthornavirae|Negarnaviricota|Haploviricotina|Monjiviricetes|Mononegavirales||Rhabdoviridae|Alpharhabdovirinae|Lyssavirus|Lyssavirus rabies
NP_478343_Australian_bat_lyssavirus,Rhabdoviridae_Alpharhabdovirinae,1,1,0,Riboviria,Orthornavirae,Negarnaviricota,Haploviricotina,Monjiviricetes,Mononegavirales,,Rhabdoviridae,Alpharhabdovirinae,Lyssavirus,Lyssavirus australis,,Mono-Chu,Riboviria|Orthornavirae|Negarnaviricota|Haploviricotina|Monjiviricetes|Mononegavirales||Rhabdoviridae|Alpharhabdovirinae|Lyssavirus|Lyssavirus australis
YP_001285392_European_bat_lyssavirus_1,Rhabdoviridae_Alpharhabdovirinae,1,1,0,Riboviria,Orthornavirae,Negarnaviricota,Haploviricotina,Monjiviricetes,Mononegavirales,,Rhabdoviridae,Alpharhabdovirinae,Lyssavirus,Lyssavirus hamburg,,Mono-Chu,Riboviria|Orthornavirae|Negarnaviricota|Haploviricotina|Monjiviricetes|Mononegavirales||Rhabdoviridae|Alpharhabdovirinae|Lyssavirus|Lyssavirus hamburg
YP_001285397.1_European_bat_2_lyssavirus,Rhabdoviridae_Alpharhabdovirinae,1,1,0,Riboviria,Orthornavirae,Negarnaviricota,Haploviricotina,Monjiviricetes,Mononegavirales,,Rhabdoviridae,Alpharhabdovirinae,Lyssavirus,Lyssavirus helsinki,,Mono-Chu,Riboviria|Orthornavirae|Negarnaviricota|Haploviricotina|Monjiviricetes|Mononegavirales||Rhabdoviridae|Alpharhabdovirinae|Lyssavirus|Lyssavirus helsinki
YP_007641401.1_Irkut_lyssavirus,Rhabdoviridae_Alpharhabdovirinae,1,1,0,Riboviria,Orthornavirae,Negarnaviricota,Haploviricotina,Monjiviricetes,Mononegavirales,,Rhabdoviridae,Alpharhabdovirinae,Lyssavirus,Lyssavirus irkut,,Mono-Chu,Riboviria|Orthornavirae|Negarnaviricota|Haploviricotina|Monjiviricetes|Mononegavirales||Rhabdoviridae|Alpharhabdovirinae|Lyssavirus|Lyssavirus irkut
YP_007641406.1_Duvenhage_lyssavirus,Rhabdoviridae_Alpharhabdovirinae,1,1,0,Riboviria,Orthornavirae,Negarnaviricota,Haploviricotina,Monjiviricetes,Mononegavirales,,Rhabdoviridae,Alpharhabdovirinae,Lyssavirus,Lyssavirus duvenhage,,Mono-Chu,Riboviria|Orthornavirae|Negarnaviricota|Haploviricotina|Monjiviricetes|Mononegavirales||Rhabdoviridae|Alpharhabdovirinae|Lyssavirus|Lyssavirus duvenhage
YP_142354.1_Mokola_lyssavirus,Rhabdoviridae_Alpharhabdovirinae,1,1,0,Riboviria,Orthornavirae,Negarnaviricota,Haploviricotina,Monjiviricetes,Mononegavirales,,Rhabdoviridae,Alpharhabdovirinae,Lyssavirus,Lyssavirus mokola,,Mono-Chu,Riboviria|Orthornavirae|Negarnaviricota|Haploviricotina|Monjiviricetes|Mononegavirales||Rhabdoviridae|Alpharhabdovirinae|Lyssavirus|Lyssavirus mokola
YP_009094323_Culex_tritaeniorhynchus_rhabdovirus,Rhabdoviridae_Alpharhabdovirinae,0,0,0,Riboviria,Orthornavirae,Negarnaviricota,Haploviricotina,Monjiviricetes,Mononegavirales,,Rhabdoviridae,Alpharhabdovirinae,Merhavirus,Merhavirus tritaeniorhynchus,,Mono-Chu,Riboviria|Orthornavirae|Negarnaviricota|Haploviricotina|Monjiviricetes|Mononegavirales||Rhabdoviridae|Alpharhabdovirinae|Merhavirus|Merhavirus tritaeniorhynchus
ACZ81407_Moussa_virus,Rhabdoviridae_Alpharhabdovirinae,0,0,0,Riboviria,Orthornavirae,Negarnaviricota,Haploviricotina,Monjiviricetes,Mononegavirales,,Rhabdoviridae,Alpharhabdovirinae,Mousrhavirus,Mousrhavirus moussa,,Mono-Chu,Riboviria|Orthornavirae|Negarnaviricota|Haploviricotina|Monjiviricetes|Mononegavirales||Rhabdoviridae|Alpharhabdovirinae|Mousrhavirus|Mousrhavirus moussa
YP_008686607_Eel_virus_European_X,Rhabdoviridae_Alpharhabdovirinae,0,1,0,Riboviria,Orthornavirae,Negarnaviricota,Haploviricotina,Monjiviricetes,Mononegavirales,,Rhabdoviridae,Alpharhabdovirinae,Perhabdovirus,Perhabdovirus anguilla,,Mono-Chu,Riboviria|Orthornavirae|Negarnaviricota|Haploviricotina|Monjiviricetes|Mononegavirales||Rhabdoviridae|Alpharhabdovirinae|Perhabdovirus|Perhabdovirus anguilla
AHL66985_Long_Island_tick_rhabdovirus,Rhabdoviridae_Alpharhabdovirinae,0,0,0,Riboviria,Orthornavirae,Negarnaviricota,Haploviricotina,Monjiviricetes,Mononegavirales,,Rhabdoviridae,Alpharhabdovirinae,Sawgrhavirus,Sawgrhavirus longisland,,Mono-Chu,Riboviria|Orthornavirae|Negarnaviricota|Haploviricotina|Monjiviricetes|Mononegavirales||Rhabdoviridae|Alpharhabdovirinae|Sawgrhavirus|Sawgrhavirus longisland
AMK09246_Drosophila_immigrans_sigmavirus,Rhabdoviridae_Alpharhabdovirinae,0,0,0,Riboviria,Orthornavirae,Negarnaviricota,Haploviricotina,Monjiviricetes,Mononegavirales,,Rhabdoviridae,Alpharhabdovirinae,Sigmavirus,Sigmavirus immigrans,,Mono-Chu,Riboviria|Orthornavirae|Negarnaviricota|Haploviricotina|Monjiviricetes|Mononegavirales||Rhabdoviridae|Alpharhabdovirinae|Sigmavirus|Sigmavirus immigrans
CC22735_Mono-Chu_Wuhan_Louse_Fly_Virus_8_KM817655,Rhabdoviridae_Alpharhabdovirinae,0,0,0,Riboviria,Orthornavirae,Negarnaviricota,Haploviricotina,Monjiviricetes,Mononegavirales,,Rhabdoviridae,Alpharhabdovirinae,Sigmavirus,,,Mono-Chu,Riboviria|Orthornavirae|Negarnaviricota|Haploviricotina|Monjiviricetes|Mononegavirales||Rhabdoviridae|Alpharhabdovirinae|Sigmavirus|
CC63457_Mono-Chu_Wuhan_Louse_Fly_Virus_9_KM817656,Rhabdoviridae_Alpharhabdovirinae,0,0,0,Riboviria,Orthornavirae,Negarnaviricota,Haploviricotina,Monjiviricetes,Mononegavirales,,Rhabdoviridae,Alpharhabdovirinae,Sigmavirus,Sigmavirus hippoboscid,,Mono-Chu,Riboviria|Orthornavirae|Negarnaviricota|Haploviricotina|Monjiviricetes|Mononegavirales||Rhabdoviridae|Alpharhabdovirinae|Sigmavirus|Sigmavirus hippoboscid
CC64619_Mono-Chu_Wuhan_Louse_Fly_Virus_10_KM817657,Rhabdoviridae_Alpharhabdovirinae,0,0,0,Riboviria,Orthornavirae,Negarnaviricota,Haploviricotina,Monjiviricetes,Mononegavirales,,Rhabdoviridae,Alpharhabdovirinae,Sigmavirus,Sigmavirus lousefly,,Mono-Chu,Riboviria|Orthornavirae|Negarnaviricota|Haploviricotina|Monjiviricetes|Mononegavirales||Rhabdoviridae|Alpharhabdovirinae|Sigmavirus|Sigmavirus lousefly
fly100821_Mono-Chu_Wuhan_House_Fly_Virus_1_KM817648,Rhabdoviridae_Alpharhabdovirinae,0,0,0,Riboviria,Orthornavirae,Negarnaviricota,Haploviricotina,Monjiviricetes,Mononegavirales,,Rhabdoviridae,Alpharhabdovirinae,Sigmavirus,Sigmavirus wuhan,,Mono-Chu,Riboviria|Orthornavirae|Negarnaviricota|Haploviricotina|Monjiviricetes|Mononegavirales||Rhabdoviridae|Alpharhabdovirinae|Sigmavirus|Sigmavirus wuhan
fly34462_Mono-Chu_Shayang_Fly_Virus_2_KM817635,Rhabdoviridae_Alpharhabdovirinae,0,0,0,Riboviria,Orthornavirae,Negarnaviricota,Haploviricotina,Monjiviricetes,Mononegavirales,,Rhabdoviridae,Alpharhabdovirinae,Sigmavirus,Sigmavirus shayang,,Mono-Chu,Riboviria|Orthornavirae|Negarnaviricota|Haploviricotina|Monjiviricetes|Mononegavirales||Rhabdoviridae|Alpharhabdovirinae|Sigmavirus|Sigmavirus shayang
fly96780_Mono-Chu_Wuhan_Fly_Virus_2_KM817646,Rhabdoviridae_Alpharhabdovirinae,0,0,0,Riboviria,Orthornavirae,Negarnaviricota,Haploviricotina,Monjiviricetes,Mononegavirales,,Rhabdoviridae,Alpharhabdovirinae,Sigmavirus,Sigmavirus domestica,,Mono-Chu,Riboviria|Orthornavirae|Negarnaviricota|Haploviricotina|Monjiviricetes|Mononegavirales||Rhabdoviridae|Alpharhabdovirinae|Sigmavirus|Sigmavirus domestica
QMU95563.1_Bactrocera_dorsalis_sigmavirus_Bactrocera_dorsalis_2120,Rhabdoviridae_Alpharhabdovirinae,0,0,0,Riboviria,Orthornavirae,Negarnaviricota,Haploviricotina,Monjiviricetes,Mononegavirales,,Rhabdoviridae,Alpharhabdovirinae,Sigmavirus,,,Mono-Chu,Riboviria|Orthornavirae|Negarnaviricota|Haploviricotina|Monjiviricetes|Mononegavirales||Rhabdoviridae|Alpharhabdovirinae|Sigmavirus|
SCM172232_Mono-Chu_Hubei_diptera_virus_9,Rhabdoviridae_Alpharhabdovirinae,0,0,0,Riboviria,Orthornavirae,Negarnaviricota,Haploviricotina,Monjiviricetes,Mononegavirales,,Rhabdoviridae,Alpharhabdovirinae,Sigmavirus,Sigmavirus hubei,,Mono-Chu,Riboviria|Orthornavirae|Negarnaviricota|Haploviricotina|Monjiviricetes|Mononegavirales||Rhabdoviridae|Alpharhabdovirinae|Sigmavirus|Sigmavirus hubei
SCM43656_Mono-Chu_Hubei_diptera_virus_10,Rhabdoviridae_Alpharhabdovirinae,0,0,0,Riboviria,Orthornavirae,Negarnaviricota,Haploviricotina,Monjiviricetes,Mononegavirales,,Rhabdoviridae,Alpharhabdovirinae,Sigmavirus,Sigmavirus myga,,Mono-Chu,Riboviria|Orthornavirae|Negarnaviricota|Haploviricotina|Monjiviricetes|Mononegavirales||Rhabdoviridae|Alpharhabdovirinae|Sigmavirus|Sigmavirus myga
SCM45623_Mono-Chu_Drosophila_immigrans_sigmavirus,Rhabdoviridae_Alpharhabdovirinae,0,0,0,Riboviria,Orthornavirae,Negarnaviricota,Haploviricotina,Monjiviricetes,Mononegavirales,,Rhabdoviridae,Alpharhabdovirinae,Sigmavirus,Sigmavirus immigrans,,Mono-Chu,Riboviria|Orthornavirae|Negarnaviricota|Haploviricotina|Monjiviricetes|Mononegavirales||Rhabdoviridae|Alpharhabdovirinae|Sigmavirus|Sigmavirus immigrans
SCM51525_Mono-Chu_Hubei_dimarhabdovirus_virus_1,Rhabdoviridae_Alpharhabdovirinae,0,0,0,Riboviria,Orthornavirae,Negarnaviricota,Haploviricotina,Monjiviricetes,Mononegavirales,,Rhabdoviridae,Alpharhabdovirinae,Sigmavirus,Sigmavirus ying,,Mono-Chu,Riboviria|Orthornavirae|Negarnaviricota|Haploviricotina|Monjiviricetes|Mononegavirales||Rhabdoviridae|Alpharhabdovirinae|Sigmavirus|Sigmavirus ying
YP_003126913_Drosophila_melanogaster_sigmavirus,Rhabdoviridae_Alpharhabdovirinae,0,0,0,Riboviria,Orthornavirae,Negarnaviricota,Haploviricotina,Monjiviricetes,Mononegavirales,,Rhabdoviridae,Alpharhabdovirinae,Sigmavirus,Sigmavirus melanogaster,,Mono-Chu,Riboviria|Orthornavirae|Negarnaviricota|Haploviricotina|Monjiviricetes|Mononegavirales||Rhabdoviridae|Alpharhabdovirinae|Sigmavirus|Sigmavirus melanogaster
YP_008686601_Drosophila_obscura_sigmavirus,Rhabdoviridae_Alpharhabdovirinae,0,0,0,Riboviria,Orthornavirae,Negarnaviricota,Haploviricotina,Monjiviricetes,Mononegavirales,,Rhabdoviridae,Alpharhabdovirinae,Sigmavirus,Sigmavirus obscura,,Mono-Chu,Riboviria|Orthornavirae|Negarnaviricota|Haploviricotina|Monjiviricetes|Mononegavirales||Rhabdoviridae|Alpharhabdovirinae|Sigmavirus|Sigmavirus obscura
YP_802942_Siniperca_chuatsi_rhabdovirus,Rhabdoviridae_Alpharhabdovirinae,0,1,0,Riboviria,Orthornavirae,Negarnaviricota,Haploviricotina,Monjiviricetes,Mononegavirales,,Rhabdoviridae,Alpharhabdovirinae,Siniperhavirus,Siniperhavirus chuatsi,,Mono-Chu,Riboviria|Orthornavirae|Negarnaviricota|Haploviricotina|Monjiviricetes|Mononegavirales||Rhabdoviridae|Alpharhabdovirinae|Siniperhavirus|Siniperhavirus chuatsi
UAU42858.1_Sandjimba_virus_2072,Rhabdoviridae_Alpharhabdovirinae,0,0,0,Riboviria,Orthornavirae,Negarnaviricota,Haploviricotina,Monjiviricetes,Mononegavirales,,Rhabdoviridae,Alpharhabdovirinae,Sunrhavirus,Sunrhavirus sandjimba,,Mono-Chu,Riboviria|Orthornavirae|Negarnaviricota|Haploviricotina|Monjiviricetes|Mononegavirales||Rhabdoviridae|Alpharhabdovirinae|Sunrhavirus|Sunrhavirus sandjimba
YP_007641376_Tibrogargan_virus,Rhabdoviridae_Alpharhabdovirinae,0,1,0,Riboviria,Orthornavirae,Negarnaviricota,Haploviricotina,Monjiviricetes,Mononegavirales,,Rhabdoviridae,Alpharhabdovirinae,Tibrovirus,Tibrovirus tibrogargan,,Mono-Chu,Riboviria|Orthornavirae|Negarnaviricota|Haploviricotina|Monjiviricetes|Mononegavirales||Rhabdoviridae|Alpharhabdovirinae|Tibrovirus|Tibrovirus tibrogargan
YP_009505511.1_Ekpoma_virus_1,Rhabdoviridae_Alpharhabdovirinae,1,0,0,Riboviria,Orthornavirae,Negarnaviricota,Haploviricotina,Monjiviricetes,Mononegavirales,,Rhabdoviridae,Alpharhabdovirinae,Tibrovirus,Tibrovirus alphaekpoma,,Mono-Chu,Riboviria|Orthornavirae|Negarnaviricota|Haploviricotina|Monjiviricetes|Mononegavirales||Rhabdoviridae|Alpharhabdovirinae|Tibrovirus|Tibrovirus alphaekpoma
YP_009505519.1_Ekpoma_virus_2,Rhabdoviridae_Alpharhabdovirinae,1,0,0,Riboviria,Orthornavirae,Negarnaviricota,Haploviricotina,Monjiviricetes,Mononegavirales,,Rhabdoviridae,Alpharhabdovirinae,Tibrovirus,Tibrovirus betaekpoma,,Mono-Chu,Riboviria|Orthornavirae|Negarnaviricota|Haploviricotina|Monjiviricetes|Mononegavirales||Rhabdoviridae|Alpharhabdovirinae|Tibrovirus|Tibrovirus betaekpoma
YP_009664719.1_Bas-Congo_tibrovirus,Rhabdoviridae_Alpharhabdovirinae,1,0,0,Riboviria,Orthornavirae,Negarnaviricota,Haploviricotina,Monjiviricetes,Mononegavirales,,Rhabdoviridae,Alpharhabdovirinae,Tibrovirus,Tibrovirus congo,,Mono-Chu,Riboviria|Orthornavirae|Negarnaviricota|Haploviricotina|Monjiviricetes|Mononegavirales||Rhabdoviridae|Alpharhabdovirinae|Tibrovirus|Tibrovirus congo
ADB88761_Durham_virus,Rhabdoviridae_Alpharhabdovirinae,0,0,0,Riboviria,Orthornavirae,Negarnaviricota,Haploviricotina,Monjiviricetes,Mononegavirales,,Rhabdoviridae,Alpharhabdovirinae,Tupavirus,Tupavirus durham,,Mono-Chu,Riboviria|Orthornavirae|Negarnaviricota|Haploviricotina|Monjiviricetes|Mononegavirales||Rhabdoviridae|Alpharhabdovirinae|Tupavirus|Tupavirus durham
WAD86935.1_Tupavirus_sp._Dasymys_incomtus_2136,Rhabdoviridae_Alpharhabdovirinae,0,0,0,Riboviria,Orthornavirae,Negarnaviricota,Haploviricotina,Monjiviricetes,Mononegavirales,,Rhabdoviridae,Alpharhabdovirinae,Tupavirus,,,Mono-Chu,Riboviria|Orthornavirae|Negarnaviricota|Haploviricotina|Monjiviricetes|Mononegavirales||Rhabdoviridae|Alpharhabdovirinae|Tupavirus|
YP_238534_Tupaia_virus,Rhabdoviridae_Alpharhabdovirinae,0,0,0,Riboviria,Orthornavirae,Negarnaviricota,Haploviricotina,Monjiviricetes,Mononegavirales,,Rhabdoviridae,Alpharhabdovirinae,Tupavirus,Tupavirus tupaia,,Mono-Chu,Riboviria|Orthornavirae|Negarnaviricota|Haploviricotina|Monjiviricetes|Mononegavirales||Rhabdoviridae|Alpharhabdovirinae|Tupavirus|Tupavirus tupaia
UBB42398.1_Longquan_Rhinolophus_sinicus_vesiculovirus_1_Rhinolophus_sinicus_2104,Rhabdoviridae_Alpharhabdovirinae,0,1,0,Riboviria,Orthornavirae,Negarnaviricota,Haploviricotina,Monjiviricetes,Mononegavirales,,Rhabdoviridae,Alpharhabdovirinae,Vesiculovirus,,,Mono-Chu,Riboviria|Orthornavirae|Negarnaviricota|Haploviricotina|Monjiviricetes|Mononegavirales||Rhabdoviridae|Alpharhabdovirinae|Vesiculovirus|
UOX72934.1_Wufeng_Myotis_altarium_vesiculovirus_1_Myotis_altarium_2098,Rhabdoviridae_Alpharhabdovirinae,0,1,0,Riboviria,Orthornavirae,Negarnaviricota,Haploviricotina,Monjiviricetes,Mononegavirales,,Rhabdoviridae,Alpharhabdovirinae,Vesiculovirus,Vesiculovirus wufeng,,Mono-Chu,Riboviria|Orthornavirae|Negarnaviricota|Haploviricotina|Monjiviricetes|Mononegavirales||Rhabdoviridae|Alpharhabdovirinae|Vesiculovirus|Vesiculovirus wufeng
NP_041716_Vesicular_stomatitis_Indiana_virus,Rhabdoviridae_Alpharhabdovirinae,1,1,0,Riboviria,Orthornavirae,Negarnaviricota,Haploviricotina,Monjiviricetes,Mononegavirales,,Rhabdoviridae,Alpharhabdovirinae,Vesiculovirus,Vesiculovirus indiana,,Mono-Chu,Riboviria|Orthornavirae|Negarnaviricota|Haploviricotina|Monjiviricetes|Mononegavirales||Rhabdoviridae|Alpharhabdovirinae|Vesiculovirus|Vesiculovirus indiana
YP_007641381.1_Chandipura_virus,Rhabdoviridae_Alpharhabdovirinae,1,1,0,Riboviria,Orthornavirae,Negarnaviricota,Haploviricotina,Monjiviricetes,Mononegavirales,,Rhabdoviridae,Alpharhabdovirinae,Vesiculovirus,Vesiculovirus chandipura,,Mono-Chu,Riboviria|Orthornavirae|Negarnaviricota|Haploviricotina|Monjiviricetes|Mononegavirales||Rhabdoviridae|Alpharhabdovirinae|Vesiculovirus|Vesiculovirus chandipura
YP_007641386_Isfahan_virus,Rhabdoviridae_Alpharhabdovirinae,1,1,0,Riboviria,Orthornavirae,Negarnaviricota,Haploviricotina,Monjiviricetes,Mononegavirales,,Rhabdoviridae,Alpharhabdovirinae,Vesiculovirus,Vesiculovirus isfahan,,Mono-Chu,Riboviria|Orthornavirae|Negarnaviricota|Haploviricotina|Monjiviricetes|Mononegavirales||Rhabdoviridae|Alpharhabdovirinae|Vesiculovirus|Vesiculovirus isfahan
YP_009047085.1_Vesicular_stomatitis_New_Jersey_virus,Rhabdoviridae_Alpharhabdovirinae,1,1,0,Riboviria,Orthornavirae,Negarnaviricota,Haploviricotina,Monjiviricetes,Mononegavirales,,Rhabdoviridae,Alpharhabdovirinae,Vesiculovirus,Vesiculovirus alagoas,,Mono-Chu,Riboviria|Orthornavirae|Negarnaviricota|Haploviricotina|Monjiviricetes|Mononegavirales||Rhabdoviridae|Alpharhabdovirinae|Vesiculovirus|Vesiculovirus alagoas
YP_009091830.1_Maraba_virus,Rhabdoviridae_Alpharhabdovirinae,1,1,0,Riboviria,Orthornavirae,Negarnaviricota,Haploviricotina,Monjiviricetes,Mononegavirales,,Rhabdoviridae,Alpharhabdovirinae,Vesiculovirus,Vesiculovirus maraba,,Mono-Chu,Riboviria|Orthornavirae|Negarnaviricota|Haploviricotina|Monjiviricetes|Mononegavirales||Rhabdoviridae|Alpharhabdovirinae|Vesiculovirus|Vesiculovirus maraba
YP_009094101.1_Vesicular_stomatitis_Alagoas_virus,Rhabdoviridae_Alpharhabdovirinae,1,1,0,Riboviria,Orthornavirae,Negarnaviricota,Haploviricotina,Monjiviricetes,Mononegavirales,,Rhabdoviridae,Alpharhabdovirinae,Vesiculovirus,Vesiculovirus indiana,,Mono-Chu,Riboviria|Orthornavirae|Negarnaviricota|Haploviricotina|Monjiviricetes|Mononegavirales||Rhabdoviridae|Alpharhabdovirinae|Vesiculovirus|Vesiculovirus indiana
YP_009177651.1_Cocal_virus,Rhabdoviridae_Alpharhabdovirinae,1,1,0,Riboviria,Orthornavirae,Negarnaviricota,Haploviricotina,Monjiviricetes,Mononegavirales,,Rhabdoviridae,Alpharhabdovirinae,Vesiculovirus,Vesiculovirus cocal,,Mono-Chu,Riboviria|Orthornavirae|Negarnaviricota|Haploviricotina|Monjiviricetes|Mononegavirales||Rhabdoviridae|Alpharhabdovirinae|Vesiculovirus|Vesiculovirus cocal
YP_009505536.1_Piry_virus,Rhabdoviridae_Alpharhabdovirinae,1,1,0,Riboviria,Orthornavirae,Negarnaviricota,Haploviricotina,Monjiviricetes,Mononegavirales,,Rhabdoviridae,Alpharhabdovirinae,Vesiculovirus,Vesiculovirus piry,,Mono-Chu,Riboviria|Orthornavirae|Negarnaviricota|Haploviricotina|Monjiviricetes|Mononegavirales||Rhabdoviridae|Alpharhabdovirinae|Vesiculovirus|Vesiculovirus piry
QTM26149_Mono-Chu_Hubei_dimarhabdovirus_virus_3,Rhabdoviridae_Alpharhabdovirinae,0,0,0,Riboviria,Orthornavirae,Negarnaviricota,Haploviricotina,Monjiviricetes,Mononegavirales,,Rhabdoviridae,Alpharhabdovirinae,,,,Mono-Chu,Riboviria|Orthornavirae|Negarnaviricota|Haploviricotina|Monjiviricetes|Mononegavirales||Rhabdoviridae|||
QTM26629_Mono-Chu_Hubei_dimarhabdovirus_virus_2,Rhabdoviridae_Alpharhabdovirinae,0,0,0,Riboviria,Orthornavirae,Negarnaviricota,Haploviricotina,Monjiviricetes,Mononegavirales,,Rhabdoviridae,Alpharhabdovirinae,,,,Mono-Chu,Riboviria|Orthornavirae|Negarnaviricota|Haploviricotina|Monjiviricetes|Mononegavirales||Rhabdoviridae|||
SCM46012_Mono-Chu_Hubei_dimarhabdovirus_virus_4,Rhabdoviridae_Alpharhabdovirinae,0,0,0,Riboviria,Orthornavirae,Negarnaviricota,Haploviricotina,Monjiviricetes,Mononegavirales,,Rhabdoviridae,Alpharhabdovirinae,,,,Mono-Chu,Riboviria|Orthornavirae|Negarnaviricota|Haploviricotina|Monjiviricetes|Mononegavirales||Rhabdoviridae|||
tick109024_Mono-Chu_Tacheng_Tick_Virus_3_KM817640,Rhabdoviridae_Alpharhabdovirinae,0,0,0,Riboviria,Orthornavirae,Negarnaviricota,Haploviricotina,Monjiviricetes,Mononegavirales,,Rhabdoviridae,Alpharhabdovirinae,,,,Mono-Chu,Riboviria|Orthornavirae|Negarnaviricota|Haploviricotina|Monjiviricetes|Mononegavirales||Rhabdoviridae|||
tick109145_Mono-Chu_Taishun_Tick_Virus_KM817643,Rhabdoviridae_Alpharhabdovirinae,0,0,0,Riboviria,Orthornavirae,Negarnaviricota,Haploviricotina,Monjiviricetes,Mononegavirales,,Rhabdoviridae,Alpharhabdovirinae,,,,Mono-Chu,Riboviria|Orthornavirae|Negarnaviricota|Haploviricotina|Monjiviricetes|Mononegavirales||Rhabdoviridae|||
tick109152_Mono-Chu_Huangpi_Tick_Virus_3_KM817630,Rhabdoviridae_Alpharhabdovirinae,0,0,0,Riboviria,Orthornavirae,Negarnaviricota,Haploviricotina,Monjiviricetes,Mononegavirales,,Rhabdoviridae,Alpharhabdovirinae,,,,Mono-Chu,Riboviria|Orthornavirae|Negarnaviricota|Haploviricotina|Monjiviricetes|Mononegavirales||Rhabdoviridae|||
UYL94385.1_Hattula_rhabdovirus_Ochlerotatus_communis_2119,Rhabdoviridae_Alpharhabdovirinae,0,0,0,Riboviria,Orthornavirae,Negarnaviricota,Haploviricotina,Monjiviricetes,Mononegavirales,,Rhabdoviridae,Alpharhabdovirinae,,,,Mono-Chu,Riboviria|Orthornavirae|Negarnaviricota|Haploviricotina|Monjiviricetes|Mononegavirales||Rhabdoviridae|||
WHCCII13332_Mono-Chu_Wuhan_Insect_virus_7_KM817653,Rhabdoviridae_Alpharhabdovirinae,0,0,0,Riboviria,Orthornavirae,Negarnaviricota,Haploviricotina,Monjiviricetes,Mononegavirales,,Rhabdoviridae,Alpharhabdovirinae,,,,Mono-Chu,Riboviria|Orthornavirae|Negarnaviricota|Haploviricotina|Monjiviricetes|Mononegavirales||Rhabdoviridae|||
WHSFII14871_Mono-Chu_Wuhan_pillworm_virus_2,Rhabdoviridae_Alpharhabdovirinae,0,0,0,Riboviria,Orthornavirae,Negarnaviricota,Haploviricotina,Monjiviricetes,Mononegavirales,,Rhabdoviridae,Alpharhabdovirinae,,,,Mono-Chu,Riboviria|Orthornavirae|Negarnaviricota|Haploviricotina|Monjiviricetes|Mononegavirales||Rhabdoviridae|||
XSNXC32924_Mono-Chu_Xingshan_nematode_virus_4,Rhabdoviridae_Alpharhabdovirinae,0,0,0,Riboviria,Orthornavirae,Negarnaviricota,Haploviricotina,Monjiviricetes,Mononegavirales,,Rhabdoviridae,Alpharhabdovirinae,,,,Mono-Chu,Riboviria|Orthornavirae|Negarnaviricota|Haploviricotina|Monjiviricetes|Mononegavirales||Rhabdoviridae|||
XZSJSC65538_Mono-Chu_Xinzhou_dimarhabdovirus_virus_1,Rhabdoviridae_Alpharhabdovirinae,0,0,0,Riboviria,Orthornavirae,Negarnaviricota,Haploviricotina,Monjiviricetes,Mononegavirales,,Rhabdoviridae,Alpharhabdovirinae,,,,Mono-Chu,Riboviria|Orthornavirae|Negarnaviricota|Haploviricotina|Monjiviricetes|Mononegavirales||Rhabdoviridae|||
XZSJSC65771_Mono-Chu_Xinzhou_nematode_virus_4,Rhabdoviridae_Alpharhabdovirinae,0,0,0,Riboviria,Orthornavirae,Negarnaviricota,Haploviricotina,Monjiviricetes,Mononegavirales,,Rhabdoviridae,Alpharhabdovirinae,,,,Mono-Chu,Riboviria|Orthornavirae|Negarnaviricota|Haploviricotina|Monjiviricetes|Mononegavirales||Rhabdoviridae|||
CC64168_Mono-Chu_Wuhan_Louse_Fly_Virus_11_KM817658,Rhabdoviridae_Alpharhabdovirinae,0,1,0,Riboviria,Orthornavirae,Negarnaviricota,Haploviricotina,Monjiviricetes,Mononegavirales,,Rhabdoviridae,Alpharhabdovirinae,,,,Mono-Chu,Riboviria|Orthornavirae|Negarnaviricota|Haploviricotina|Monjiviricetes|Mononegavirales||Rhabdoviridae|||
NP_620502_Rice_yellow_stunt_virus,Rhabdoviridae_Betarhabdovirinae,0,0,1,Riboviria,Orthornavirae,Negarnaviricota,Haploviricotina,Monjiviricetes,Mononegavirales,,Rhabdoviridae,Betarhabdovirinae,Alphanucleorhabdovirus,Alphanucleorhabdovirus oryzae,,Mono-Chu,Riboviria|Orthornavirae|Negarnaviricota|Haploviricotina|Monjiviricetes|Mononegavirales||Rhabdoviridae|Betarhabdovirinae|Alphanucleorhabdovirus|Alphanucleorhabdovirus oryzae
YP_004927971_Potato_yellow_dwarf_virus,Rhabdoviridae_Betarhabdovirinae,0,0,1,Riboviria,Orthornavirae,Negarnaviricota,Haploviricotina,Monjiviricetes,Mononegavirales,,Rhabdoviridae,Betarhabdovirinae,Alphanucleorhabdovirus,Alphanucleorhabdovirus tuberosum,,Mono-Chu,Riboviria|Orthornavirae|Negarnaviricota|Haploviricotina|Monjiviricetes|Mononegavirales||Rhabdoviridae|Betarhabdovirinae|Alphanucleorhabdovirus|Alphanucleorhabdovirus tuberosum
YP_052855_Maize_mosaic_virus,Rhabdoviridae_Betarhabdovirinae,0,0,1,Riboviria,Orthornavirae,Negarnaviricota,Haploviricotina,Monjiviricetes,Mononegavirales,,Rhabdoviridae,Betarhabdovirinae,Alphanucleorhabdovirus,Alphanucleorhabdovirus maydis,,Mono-Chu,Riboviria|Orthornavirae|Negarnaviricota|Haploviricotina|Monjiviricetes|Mononegavirales||Rhabdoviridae|Betarhabdovirinae|Alphanucleorhabdovirus|Alphanucleorhabdovirus maydis
NP_042286_Sonchus_yellow_net_virus,Rhabdoviridae_Betarhabdovirinae,0,0,1,Riboviria,Orthornavirae,Negarnaviricota,Haploviricotina,Monjiviricetes,Mononegavirales,,Rhabdoviridae,Betarhabdovirinae,Betanucleorhabdovirus,Betanucleorhabdovirus retesonchi,,Mono-Chu,Riboviria|Orthornavirae|Negarnaviricota|Haploviricotina|Monjiviricetes|Mononegavirales||Rhabdoviridae|Betarhabdovirinae|Betanucleorhabdovirus|Betanucleorhabdovirus retesonchi
QJZ27984.1_Cardamom_vein_clearing_nucleorhabdovirus_1_Elettaria_cardamomum_2095,Rhabdoviridae_Betarhabdovirinae,0,0,1,Riboviria,Orthornavirae,Negarnaviricota,Haploviricotina,Monjiviricetes,Mononegavirales,,Rhabdoviridae,Betarhabdovirinae,Betanucleorhabdovirus,Betanucleorhabdovirus cardamomi,,Mono-Chu,Riboviria|Orthornavirae|Negarnaviricota|Haploviricotina|Monjiviricetes|Mononegavirales||Rhabdoviridae|Betarhabdovirinae|Betanucleorhabdovirus|Betanucleorhabdovirus cardamomi
YP_009825050.1_Bird_s-foot_trefoil_nucleorhabdovirus_2104,Rhabdoviridae_Betarhabdovirinae,0,0,1,Riboviria,Orthornavirae,Negarnaviricota,Haploviricotina,Monjiviricetes,Mononegavirales,,Rhabdoviridae,Betarhabdovirinae,Betanucleorhabdovirus,Betanucleorhabdovirus loti,,Mono-Chu,Riboviria|Orthornavirae|Negarnaviricota|Haploviricotina|Monjiviricetes|Mononegavirales||Rhabdoviridae|Betarhabdovirinae|Betanucleorhabdovirus|Betanucleorhabdovirus loti
NP_597914_Northern_cereal_mosaic_virus,Rhabdoviridae_Betarhabdovirinae,0,0,1,Riboviria,Orthornavirae,Negarnaviricota,Haploviricotina,Monjiviricetes,Mononegavirales,,Rhabdoviridae,Betarhabdovirinae,Cytorhabdovirus,Cytorhabdovirus gramineae,,Mono-Chu,Riboviria|Orthornavirae|Negarnaviricota|Haploviricotina|Monjiviricetes|Mononegavirales||Rhabdoviridae|Betarhabdovirinae|Cytorhabdovirus|Cytorhabdovirus gramineae
UYE93361.1_Tomato_betanucleorhabdovirus_2_Solanum_villosum_2105,Rhabdoviridae_Betarhabdovirinae,0,0,1,Riboviria,Orthornavirae,Negarnaviricota,Haploviricotina,Monjiviricetes,Mononegavirales,,Rhabdoviridae,Betarhabdovirinae,Cytorhabdovirus,Cytorhabdovirus lycopersici,,Mono-Chu,Riboviria|Orthornavirae|Negarnaviricota|Haploviricotina|Monjiviricetes|Mononegavirales||Rhabdoviridae|Betarhabdovirinae|Cytorhabdovirus|Cytorhabdovirus lycopersici
YP_006576506_Persimmon_virus_A,Rhabdoviridae_Betarhabdovirinae,0,0,1,Riboviria,Orthornavirae,Negarnaviricota,Haploviricotina,Monjiviricetes,Mononegavirales,,Rhabdoviridae,Betarhabdovirinae,Cytorhabdovirus,Cytorhabdovirus persimmon,,Mono-Chu,Riboviria|Orthornavirae|Negarnaviricota|Haploviricotina|Monjiviricetes|Mononegavirales||Rhabdoviridae|Betarhabdovirinae|Cytorhabdovirus|Cytorhabdovirus persimmon
WHCCII12826_Mono-Chu_Wuhan_Insect_virus_4_KM817650,Rhabdoviridae_Betarhabdovirinae,0,0,1,Riboviria,Orthornavirae,Negarnaviricota,Haploviricotina,Monjiviricetes,Mononegavirales,,Rhabdoviridae,Betarhabdovirinae,Cytorhabdovirus,Cytorhabdovirus alphawuhaninsectum,,Mono-Chu,Riboviria|Orthornavirae|Negarnaviricota|Haploviricotina|Monjiviricetes|Mononegavirales||Rhabdoviridae|Betarhabdovirinae|Cytorhabdovirus|Cytorhabdovirus alphawuhaninsectum
WHCCII13264_Mono-Chu_Wuhan_Insect_virus_5_KM817651,Rhabdoviridae_Betarhabdovirinae,0,0,1,Riboviria,Orthornavirae,Negarnaviricota,Haploviricotina,Monjiviricetes,Mononegavirales,,Rhabdoviridae,Betarhabdovirinae,Cytorhabdovirus,Cytorhabdovirus betawuhaninsectum,,Mono-Chu,Riboviria|Orthornavirae|Negarnaviricota|Haploviricotina|Monjiviricetes|Mononegavirales||Rhabdoviridae|Betarhabdovirinae|Cytorhabdovirus|Cytorhabdovirus betawuhaninsectum
WHCCII13270_Mono-Chu_Wuhan_Insect_virus_6_KM817652,Rhabdoviridae_Betarhabdovirinae,0,0,1,Riboviria,Orthornavirae,Negarnaviricota,Haploviricotina,Monjiviricetes,Mononegavirales,,Rhabdoviridae,Betarhabdovirinae,Cytorhabdovirus,Cytorhabdovirus gammawuhaninsectum,,Mono-Chu,Riboviria|Orthornavirae|Negarnaviricota|Haploviricotina|Monjiviricetes|Mononegavirales||Rhabdoviridae|Betarhabdovirinae|Cytorhabdovirus|Cytorhabdovirus gammawuhaninsectum
YP_010086794.1_Cabbage_cytorhabdovirus_1_2071,Rhabdoviridae_Betarhabdovirinae,0,0,1,Riboviria,Orthornavirae,Negarnaviricota,Haploviricotina,Monjiviricetes,Mononegavirales,,Rhabdoviridae,Betarhabdovirinae,Cytorhabdovirus,Cytorhabdovirus brassicicolae,,Mono-Chu,Riboviria|Orthornavirae|Negarnaviricota|Haploviricotina|Monjiviricetes|Mononegavirales||Rhabdoviridae|Betarhabdovirinae|Cytorhabdovirus|Cytorhabdovirus brassicicolae
YP_010087157.1_Cytorhabdovirus_caricae_2113,Rhabdoviridae_Betarhabdovirinae,0,0,1,Riboviria,Orthornavirae,Negarnaviricota,Haploviricotina,Monjiviricetes,Mononegavirales,,Rhabdoviridae,Betarhabdovirinae,Cytorhabdovirus,Cytorhabdovirus caricae,,Mono-Chu,Riboviria|Orthornavirae|Negarnaviricota|Haploviricotina|Monjiviricetes|Mononegavirales||Rhabdoviridae|Betarhabdovirinae|Cytorhabdovirus|Cytorhabdovirus caricae
YP_010087631.1_Cytorhabdovirus_fragariae_2086,Rhabdoviridae_Betarhabdovirinae,0,0,1,Riboviria,Orthornavirae,Negarnaviricota,Haploviricotina,Monjiviricetes,Mononegavirales,,Rhabdoviridae,Betarhabdovirinae,Cytorhabdovirus,Cytorhabdovirus fragariae,,Mono-Chu,Riboviria|Orthornavirae|Negarnaviricota|Haploviricotina|Monjiviricetes|Mononegavirales||Rhabdoviridae|Betarhabdovirinae|Cytorhabdovirus|Cytorhabdovirus fragariae
YP_425092_Lettuce_necrotic_yellows_virus,Rhabdoviridae_Betarhabdovirinae,0,0,1,Riboviria,Orthornavirae,Negarnaviricota,Haploviricotina,Monjiviricetes,Mononegavirales,,Rhabdoviridae,Betarhabdovirinae,Cytorhabdovirus,Cytorhabdovirus lactucanecante,,Mono-Chu,Riboviria|Orthornavirae|Negarnaviricota|Haploviricotina|Monjiviricetes|Mononegavirales||Rhabdoviridae|Betarhabdovirinae|Cytorhabdovirus|Cytorhabdovirus lactucanecante
YP_001294929_Orchid_fleck_virus,Rhabdoviridae_Betarhabdovirinae,0,0,1,Riboviria,Orthornavirae,Negarnaviricota,Haploviricotina,Monjiviricetes,Mononegavirales,,Rhabdoviridae,Betarhabdovirinae,Dichorhavirus,Dichorhavirus orchidaceae,,Mono-Chu,Riboviria|Orthornavirae|Negarnaviricota|Haploviricotina|Monjiviricetes|Mononegavirales||Rhabdoviridae|Betarhabdovirinae|Dichorhavirus|Dichorhavirus orchidaceae
YP_052849_Maize_fine_streak_virus,Rhabdoviridae_Betarhabdovirinae,0,0,1,Riboviria,Orthornavirae,Negarnaviricota,Haploviricotina,Monjiviricetes,Mononegavirales,,Rhabdoviridae,Betarhabdovirinae,Gammanucleorhabdovirus,Gammanucleorhabdovirus maydis,,Mono-Chu,Riboviria|Orthornavirae|Negarnaviricota|Haploviricotina|Monjiviricetes|Mononegavirales||Rhabdoviridae|Betarhabdovirinae|Gammanucleorhabdovirus|Gammanucleorhabdovirus maydis
UQZ09616.1_morning_glory_varicosavirus_Ipomoea_purpurea_1968,Rhabdoviridae_Betarhabdovirinae,0,0,1,Riboviria,Orthornavirae,Negarnaviricota,Haploviricotina,Monjiviricetes,Mononegavirales,,Rhabdoviridae,Betarhabdovirinae,Varicosavirus,Varicosavirus ipomoeae,,Mono-Chu,Riboviria|Orthornavirae|Negarnaviricota|Haploviricotina|Monjiviricetes|Mononegavirales||Rhabdoviridae|Betarhabdovirinae|Varicosavirus|Varicosavirus ipomoeae
YP_002308576_Lettuce_big-vein_associated_virus,Rhabdoviridae_Betarhabdovirinae,0,0,1,Riboviria,Orthornavirae,Negarnaviricota,Haploviricotina,Monjiviricetes,Mononegavirales,,Rhabdoviridae,Betarhabdovirinae,Varicosavirus,Varicosavirus lactucae,,Mono-Chu,Riboviria|Orthornavirae|Negarnaviricota|Haploviricotina|Monjiviricetes|Mononegavirales||Rhabdoviridae|Betarhabdovirinae|Varicosavirus|Varicosavirus lactucae
AUD57853.1_Red_clover_varicosavirus_Trifolium_pratense_2018,Rhabdoviridae_Betarhabdovirinae,0,0,1,Riboviria,Orthornavirae,Negarnaviricota,Haploviricotina,Monjiviricetes,Mononegavirales,,Rhabdoviridae,Betarhabdovirinae,Varicosavirus,Varicosavirus trifolii,,Mono-Chu,Riboviria|Orthornavirae|Negarnaviricota|Haploviricotina|Monjiviricetes|Mononegavirales||Rhabdoviridae|||
NP_042681_Infectious_hematopoietic_necrosis_virus,Rhabdoviridae_Gammarhabdovirinae,0,0,0,Riboviria,Orthornavirae,Negarnaviricota,Haploviricotina,Monjiviricetes,Mononegavirales,,Rhabdoviridae,Gammarhabdovirinae,Novirhabdovirus,Novirhabdovirus salmonid,,Mono-Chu,Riboviria|Orthornavirae|Negarnaviricota|Haploviricotina|Monjiviricetes|Mononegavirales||Rhabdoviridae|Gammarhabdovirinae|Novirhabdovirus|Novirhabdovirus salmonid
NP_049550_Viral_hemorrhagic_septicemia_virus,Rhabdoviridae_Gammarhabdovirinae,0,0,0,Riboviria,Orthornavirae,Negarnaviricota,Haploviricotina,Monjiviricetes,Mononegavirales,,Rhabdoviridae,Gammarhabdovirinae,Novirhabdovirus,Novirhabdovirus piscine,,Mono-Chu,Riboviria|Orthornavirae|Negarnaviricota|Haploviricotina|Monjiviricetes|Mononegavirales||Rhabdoviridae|Gammarhabdovirinae|Novirhabdovirus|Novirhabdovirus piscine
NP_050585_Snakehead_virus,Rhabdoviridae_Gammarhabdovirinae,0,0,0,Riboviria,Orthornavirae,Negarnaviricota,Haploviricotina,Monjiviricetes,Mononegavirales,,Rhabdoviridae,Gammarhabdovirinae,Novirhabdovirus,Novirhabdovirus snakehead,,Mono-Chu,Riboviria|Orthornavirae|Negarnaviricota|Haploviricotina|Monjiviricetes|Mononegavirales||Rhabdoviridae|Gammarhabdovirinae|Novirhabdovirus|Novirhabdovirus snakehead
NP_919035_Hirame_rhabdovirus,Rhabdoviridae_Gammarhabdovirinae,0,0,0,Riboviria,Orthornavirae,Negarnaviricota,Haploviricotina,Monjiviricetes,Mononegavirales,,Rhabdoviridae,Gammarhabdovirinae,Novirhabdovirus,Novirhabdovirus hirame,,Mono-Chu,Riboviria|Orthornavirae|Negarnaviricota|Haploviricotina|Monjiviricetes|Mononegavirales||Rhabdoviridae|Gammarhabdovirinae|Novirhabdovirus|Novirhabdovirus hirame
insectZJ96598_Mono-Chu_Shuangao_Fly_Virus_2_KM817638,Xinmoviridae,0,0,0,Riboviria,Orthornavirae,Negarnaviricota,Haploviricotina,Monjiviricetes,Mononegavirales,,Xinmoviridae,,Anphevirus,Shuangao anphevirus,,Mono-Chu,Riboviria|Orthornavirae|Negarnaviricota|Haploviricotina|Monjiviricetes|Mononegavirales||Xinmoviridae||Anphevirus|Shuangao anphevirus
mosHB236539_Mono-Chu_Xincheng_Mosquito_Virus_KM817661,Xinmoviridae,0,0,0,Riboviria,Orthornavirae,Negarnaviricota,Haploviricotina,Monjiviricetes,Mononegavirales,,Xinmoviridae,,Anphevirus,Anphevirus xinchengense,,Mono-Chu,Riboviria|Orthornavirae|Negarnaviricota|Haploviricotina|Monjiviricetes|Mononegavirales||Xinmoviridae||Anphevirus|Anphevirus xinchengense
YP_009388622.1_Culex_mononega-like_virus_2_2079,Xinmoviridae,0,0,0,Riboviria,Orthornavirae,Negarnaviricota,Haploviricotina,Monjiviricetes,Mononegavirales,,Xinmoviridae,,Doupovirus,Doupovirus australiaense,,Mono-Chu,Riboviria|Orthornavirae|Negarnaviricota|Haploviricotina|Monjiviricetes|Mononegavirales||Xinmoviridae||Doupovirus|Doupovirus australiaense
QTM26925_Mono-Chu_Hubei_rhabdo-like_virus_7,Xinmoviridae,0,0,0,Riboviria,Orthornavirae,Negarnaviricota,Haploviricotina,Monjiviricetes,Mononegavirales,,Xinmoviridae,,,,,Mono-Chu,Riboviria|Orthornavirae|Negarnaviricota|Haploviricotina|Monjiviricetes|Mononegavirales||Xinmoviridae|||
SCM51501_Mono-Chu_Hubei_diptera_virus_11,Xinmoviridae,0,0,0,Riboviria,Orthornavirae,Negarnaviricota,Haploviricotina,Monjiviricetes,Mononegavirales,,Xinmoviridae,,,,,Mono-Chu,Riboviria|Orthornavirae|Negarnaviricota|Haploviricotina|Monjiviricetes|Mononegavirales||Xinmoviridae|||
UHM27681.1_Fushun_monolepta_lauta_xinmovirus_2_Monolepta_lauta_2166,Xinmoviridae,0,0,0,Riboviria,Orthornavirae,Negarnaviricota,Haploviricotina,Monjiviricetes,Mononegavirales,,Xinmoviridae,,,,,Mono-Chu,Riboviria|Orthornavirae|Negarnaviricota|Haploviricotina|Monjiviricetes|Mononegavirales||Xinmoviridae|||
ZCM94262_Mono-Chu_Hubei_orthoptera_virus_5,Xinmoviridae,0,0,0,Riboviria,Orthornavirae,Negarnaviricota,Haploviricotina,Monjiviricetes,Mononegavirales,,Xinmoviridae,,,,,Mono-Chu,Riboviria|Orthornavirae|Negarnaviricota|Haploviricotina|Monjiviricetes|Mononegavirales||Xinmoviridae|||
