Cluster_sseqid,Cluster_taxon,Human,Vertebrates,Plant,Realm,Kingdom,Phylum,Subphylum,Class,Order,Suborder,Family,Subfamily,Genus,Species,,SuperGroup,Taxon_set
NC_001625_Southern_cowpea_mosaic_virus,Solemoviridae_Sobemovirus,0,0,1,Riboviria,Orthornavirae,Pisuviricota,,Pisoniviricetes,Sobelivirales,,Solemoviridae,,Sobemovirus,,,Luteo-Sobemo,Riboviria|Orthornavirae|Pisuviricota||Pisoniviricetes|Sobelivirales||Solemoviridae||Sobemovirus|
NC_001696_Lucerne_transient_streak_virus,Solemoviridae_Sobemovirus,0,0,1,Riboviria,Orthornavirae,Pisuviricota,,Pisoniviricetes,Sobelivirales,,Solemoviridae,,Sobemovirus,Lucerne transient streak virus,,Luteo-Sobemo,Riboviria|Orthornavirae|Pisuviricota||Pisoniviricetes|Sobelivirales||Solemoviridae||Sobemovirus|Lucerne transient streak virus
NC_014509_Velvet_tobacco_mottle_virus,Solemoviridae_Sobemovirus,0,0,1,Riboviria,Orthornavirae,Pisuviricota,,Pisoniviricetes,Sobelivirales,,Solemoviridae,,Sobemovirus,Velvet tobacco mottle virus,,Luteo-Sobemo,Riboviria|Orthornavirae|Pisuviricota||Pisoniviricetes|Sobelivirales||Solemoviridae||Sobemovirus|Velvet tobacco mottle virus
NC_011536_Imperata_yellow_mottle_virus,Solemoviridae_Sobemovirus,0,0,1,Riboviria,Orthornavirae,Pisuviricota,,Pisoniviricetes,Sobelivirales,,Solemoviridae,,Sobemovirus,Imperata yellow mottle virus,,Luteo-Sobemo,Riboviria|Orthornavirae|Pisuviricota||Pisoniviricetes|Sobelivirales||Solemoviridae||Sobemovirus|Imperata yellow mottle virus
NC_011187_Rubus_chlorotic_mottle_virus,Solemoviridae_Sobemovirus,0,0,1,Riboviria,Orthornavirae,Pisuviricota,,Pisoniviricetes,Sobelivirales,,Solemoviridae,,Sobemovirus,Sowbane mosaic virus,,Luteo-Sobemo,Riboviria|Orthornavirae|Pisuviricota||Pisoniviricetes|Sobelivirales||Solemoviridae||Sobemovirus|Sowbane mosaic virus
NC_002618_Cocksfoot_mottle_virus,Solemoviridae_Sobemovirus,0,0,1,Riboviria,Orthornavirae,Pisuviricota,,Pisoniviricetes,Sobelivirales,,Solemoviridae,,Sobemovirus,Cocksfoot mottle virus,,Luteo-Sobemo,Riboviria|Orthornavirae|Pisuviricota||Pisoniviricetes|Sobelivirales||Solemoviridae||Sobemovirus|Cocksfoot mottle virus
NC_004346_Subterranean_clover_mottle_virus,Solemoviridae_Sobemovirus,0,0,1,Riboviria,Orthornavirae,Pisuviricota,,Pisoniviricetes,Sobelivirales,,Solemoviridae,,Sobemovirus,Subterranean clover mottle virus,,Luteo-Sobemo,Riboviria|Orthornavirae|Pisuviricota||Pisoniviricetes|Sobelivirales||Solemoviridae||Sobemovirus|Subterranean clover mottle virus
NC_004553_Turnip_rosette_virus,Solemoviridae_Sobemovirus,0,0,1,Riboviria,Orthornavirae,Pisuviricota,,Pisoniviricetes,Sobelivirales,,Solemoviridae,,Sobemovirus,Turnip rosette virus,,Luteo-Sobemo,Riboviria|Orthornavirae|Pisuviricota||Pisoniviricetes|Sobelivirales||Solemoviridae||Sobemovirus|Turnip rosette virus
NC_004060_Southern_bean_mosaic_virus,Solemoviridae_Sobemovirus,0,0,1,Riboviria,Orthornavirae,Pisuviricota,,Pisoniviricetes,Sobelivirales,,Solemoviridae,,Sobemovirus,Southern bean mosaic virus,,Luteo-Sobemo,Riboviria|Orthornavirae|Pisuviricota||Pisoniviricetes|Sobelivirales||Solemoviridae||Sobemovirus|Southern bean mosaic virus
NC_003747_Ryegrass_mottle_virus,Solemoviridae_Sobemovirus,0,0,1,Riboviria,Orthornavirae,Pisuviricota,,Pisoniviricetes,Sobelivirales,,Solemoviridae,,Sobemovirus,Ryegrass mottle virus,,Luteo-Sobemo,Riboviria|Orthornavirae|Pisuviricota||Pisoniviricetes|Sobelivirales||Solemoviridae||Sobemovirus|Ryegrass mottle virus
NC_001575_Rice_yellow_mottle_virus,Solemoviridae_Sobemovirus,0,0,1,Riboviria,Orthornavirae,Pisuviricota,,Pisoniviricetes,Sobelivirales,,Solemoviridae,,Sobemovirus,Rice yellow mottle virus,,Luteo-Sobemo,Riboviria|Orthornavirae|Pisuviricota||Pisoniviricetes|Sobelivirales||Solemoviridae||Sobemovirus|Rice yellow mottle virus
NC_018449_Papaya_lethal_yellowing_virus,Solemoviridae_Sobemovirus,0,0,1,Riboviria,Orthornavirae,Pisuviricota,,Pisoniviricetes,Sobelivirales,,Solemoviridae,,Sobemovirus,Papaya lethal yellowing virus,,Luteo-Sobemo,Riboviria|Orthornavirae|Pisuviricota||Pisoniviricetes|Sobelivirales||Solemoviridae||Sobemovirus|Papaya lethal yellowing virus
NC_017914_Artemisia_virus_A,Solemoviridae_Sobemovirus,0,0,1,Riboviria,Orthornavirae,Pisuviricota,,Pisoniviricetes,Sobelivirales,,Solemoviridae,,Sobemovirus,Artemisia virus A,,Luteo-Sobemo,Riboviria|Orthornavirae|Pisuviricota||Pisoniviricetes|Sobelivirales||Solemoviridae||Sobemovirus|Artemisia virus A
NC_016033_Soybean_yellow_common_mosaic_virus,Solemoviridae_Sobemovirus,0,0,1,Riboviria,Orthornavirae,Pisuviricota,,Pisoniviricetes,Sobelivirales,,Solemoviridae,,Sobemovirus,Soybean yellow common mosaic virus,,Luteo-Sobemo,Riboviria|Orthornavirae|Pisuviricota||Pisoniviricetes|Sobelivirales||Solemoviridae||Sobemovirus|Soybean yellow common mosaic virus
NC_002568_Sesbania_mosaic_virus,Solemoviridae_Sobemovirus,0,0,1,Riboviria,Orthornavirae,Pisuviricota,,Pisoniviricetes,Sobelivirales,,Solemoviridae,,Sobemovirus,Sesbania mosaic virus,,Luteo-Sobemo,Riboviria|Orthornavirae|Pisuviricota||Pisoniviricetes|Sobelivirales||Solemoviridae||Sobemovirus|Sesbania mosaic virus
DAZ87470.1_Cardamom_polerovirus_Elettaria_cardamomum_1135,Solemoviridae_Polerovirus,0,0,1,Riboviria,Orthornavirae,Pisuviricota,,Pisoniviricetes,Sobelivirales,,Solemoviridae,,Polerovirus,,,Luteo-Sobemo,Riboviria|Orthornavirae|Pisuviricota||Pisoniviricetes|Sobelivirales||Solemoviridae||Polerovirus|
QGY99242.1_Groundnut_rosette_assistor_virus_Arachis_1054,Solemoviridae_Polerovirus,0,0,1,Riboviria,Orthornavirae,Pisuviricota,,Pisoniviricetes,Sobelivirales,,Solemoviridae,,Polerovirus,,,Luteo-Sobemo,Riboviria|Orthornavirae|Pisuviricota||Pisoniviricetes|Sobelivirales||Solemoviridae||Polerovirus|
BBL52496.1_Persimmon_polerovirus_Diospyros_kaki_1056,Solemoviridae_Polerovirus,0,0,1,Riboviria,Orthornavirae,Pisuviricota,,Pisoniviricetes,Sobelivirales,,Solemoviridae,,Polerovirus,,,Luteo-Sobemo,Riboviria|Orthornavirae|Pisuviricota||Pisoniviricetes|Sobelivirales||Solemoviridae||Polerovirus|
QBF54044.1_Zucchini_aphid-borne_yellows_virus_Cucurbita_pepo_1042,Solemoviridae_Polerovirus,0,0,1,Riboviria,Orthornavirae,Pisuviricota,,Pisoniviricetes,Sobelivirales,,Solemoviridae,,Polerovirus,,,Luteo-Sobemo,Riboviria|Orthornavirae|Pisuviricota||Pisoniviricetes|Sobelivirales||Solemoviridae||Polerovirus|
YP_010086855.1_Faba_bean_polerovirus_1_1033,Solemoviridae_Polerovirus,0,0,1,Riboviria,Orthornavirae,Pisuviricota,,Pisoniviricetes,Sobelivirales,,Solemoviridae,,Polerovirus,Faba bean polerovirus 1,,Luteo-Sobemo,Riboviria|Orthornavirae|Pisuviricota||Pisoniviricetes|Sobelivirales||Solemoviridae||Polerovirus|Faba bean polerovirus 1
CJLX30310_Changjiang_polero-like_virus_1,Solemoviridae_Polerovirus,0,0,1,Riboviria,Orthornavirae,Pisuviricota,,Pisoniviricetes,Sobelivirales,,Solemoviridae,,Polerovirus,,,Luteo-Sobemo,Riboviria|Orthornavirae|Pisuviricota||Pisoniviricetes|Sobelivirales||Solemoviridae||Polerovirus|
WHCC118254_Hubei_polero-like_virus_1,Solemoviridae_Polerovirus,0,0,1,Riboviria,Orthornavirae,Pisuviricota,,Pisoniviricetes,Sobelivirales,,Solemoviridae,,Polerovirus,,,Luteo-Sobemo,Riboviria|Orthornavirae|Pisuviricota||Pisoniviricetes|Sobelivirales||Solemoviridae||Polerovirus|
QTM26674_Hubei_polero-like_virus_2,Solemoviridae_Polerovirus,0,0,1,Riboviria,Orthornavirae,Pisuviricota,,Pisoniviricetes,Sobelivirales,,Solemoviridae,,Polerovirus,,,Luteo-Sobemo,Riboviria|Orthornavirae|Pisuviricota||Pisoniviricetes|Sobelivirales||Solemoviridae||Polerovirus|
NC_012931_Wheat_yellow_dwarf_virus-GPV,Solemoviridae_Polerovirus,0,0,1,Riboviria,Orthornavirae,Pisuviricota,,Pisoniviricetes,Sobelivirales,,Solemoviridae,,Polerovirus,Barley yellow dwarf virus GPV,,Luteo-Sobemo,Riboviria|Orthornavirae|Pisuviricota||Pisoniviricetes|Sobelivirales||Solemoviridae||Polerovirus|Barley yellow dwarf virus GPV
NC_004751_Cereal_yellow_dwarf_virus-RPV,Solemoviridae_Polerovirus,0,0,1,Riboviria,Orthornavirae,Pisuviricota,,Pisoniviricetes,Sobelivirales,,Solemoviridae,,Polerovirus,Cereal yellow dwarf virus RPV,,Luteo-Sobemo,Riboviria|Orthornavirae|Pisuviricota||Pisoniviricetes|Sobelivirales||Solemoviridae||Polerovirus|Cereal yellow dwarf virus RPV
NC_002198_Cereal_yellow_dwarf_virus-RPS,Solemoviridae_Polerovirus,0,0,1,Riboviria,Orthornavirae,Pisuviricota,,Pisoniviricetes,Sobelivirales,,Solemoviridae,,Polerovirus,Cereal yellow dwarf virus RPS,,Luteo-Sobemo,Riboviria|Orthornavirae|Pisuviricota||Pisoniviricetes|Sobelivirales||Solemoviridae||Polerovirus|Cereal yellow dwarf virus RPS
NC_003688_Cucurbit_aphid-borne_yellows_virus,Solemoviridae_Polerovirus,0,0,1,Riboviria,Orthornavirae,Pisuviricota,,Pisoniviricetes,Sobelivirales,,Solemoviridae,,Polerovirus,Cucurbit aphid-borne yellows virus,,Luteo-Sobemo,Riboviria|Orthornavirae|Pisuviricota||Pisoniviricetes|Sobelivirales||Solemoviridae||Polerovirus|Cucurbit aphid-borne yellows virus
NC_010809_Melon_aphid-borne_yellows_virus,Solemoviridae_Polerovirus,0,0,1,Riboviria,Orthornavirae,Pisuviricota,,Pisoniviricetes,Sobelivirales,,Solemoviridae,,Polerovirus,Melon aphid-borne yellows virus,,Luteo-Sobemo,Riboviria|Orthornavirae|Pisuviricota||Pisoniviricetes|Sobelivirales||Solemoviridae||Polerovirus|Melon aphid-borne yellows virus
NC_004756_Beet_western_yellows_virus,Solemoviridae_Polerovirus,0,0,1,Riboviria,Orthornavirae,Pisuviricota,,Pisoniviricetes,Sobelivirales,,Solemoviridae,,Polerovirus,Beet western yellows virus,,Luteo-Sobemo,Riboviria|Orthornavirae|Pisuviricota||Pisoniviricetes|Sobelivirales||Solemoviridae||Polerovirus|Beet western yellows virus
NC_003491_Beet_mild_yellowing_virus,Solemoviridae_Polerovirus,0,0,1,Riboviria,Orthornavirae,Pisuviricota,,Pisoniviricetes,Sobelivirales,,Solemoviridae,,Polerovirus,Beet mild yellowing virus,,Luteo-Sobemo,Riboviria|Orthornavirae|Pisuviricota||Pisoniviricetes|Sobelivirales||Solemoviridae||Polerovirus|Beet mild yellowing virus
NC_021484_Maize_yellow_dwarf_virus-RMV,Solemoviridae_Polerovirus,0,0,1,Riboviria,Orthornavirae,Pisuviricota,,Pisoniviricetes,Sobelivirales,,Solemoviridae,,Polerovirus,Maize yellow dwarf virus RMV,,Luteo-Sobemo,Riboviria|Orthornavirae|Pisuviricota||Pisoniviricetes|Sobelivirales||Solemoviridae||Polerovirus|Maize yellow dwarf virus RMV
NC_015050_Pepper_vein_yellows_virus,Solemoviridae_Polerovirus,0,0,1,Riboviria,Orthornavirae,Pisuviricota,,Pisoniviricetes,Sobelivirales,,Solemoviridae,,Polerovirus,Pepper vein yellows virus 1,,Luteo-Sobemo,Riboviria|Orthornavirae|Pisuviricota||Pisoniviricetes|Sobelivirales||Solemoviridae||Polerovirus|Pepper vein yellows virus 1
NC_010732_Tobacco_vein_distorting_virus,Solemoviridae_Polerovirus,0,0,1,Riboviria,Orthornavirae,Pisuviricota,,Pisoniviricetes,Sobelivirales,,Solemoviridae,,Polerovirus,Tobacco vein distorting virus,,Luteo-Sobemo,Riboviria|Orthornavirae|Pisuviricota||Pisoniviricetes|Sobelivirales||Solemoviridae||Polerovirus|Tobacco vein distorting virus
NC_016038_Brassica_yellows_virus,Solemoviridae_Polerovirus,0,0,1,Riboviria,Orthornavirae,Pisuviricota,,Pisoniviricetes,Sobelivirales,,Solemoviridae,,Polerovirus,Turnip yellows virus,,Luteo-Sobemo,Riboviria|Orthornavirae|Pisuviricota||Pisoniviricetes|Sobelivirales||Solemoviridae||Polerovirus|Turnip yellows virus
NC_003743_Turnip_yellows_virus,Solemoviridae_Polerovirus,0,0,1,Riboviria,Orthornavirae,Pisuviricota,,Pisoniviricetes,Sobelivirales,,Solemoviridae,,Polerovirus,Turnip yellows virus,,Luteo-Sobemo,Riboviria|Orthornavirae|Pisuviricota||Pisoniviricetes|Sobelivirales||Solemoviridae||Polerovirus|Turnip yellows virus
NC_014545_Cotton_leafroll_dwarf_virus,Solemoviridae_Polerovirus,0,0,1,Riboviria,Orthornavirae,Pisuviricota,,Pisoniviricetes,Sobelivirales,,Solemoviridae,,Polerovirus,Cotton leafroll dwarf virus,,Luteo-Sobemo,Riboviria|Orthornavirae|Pisuviricota||Pisoniviricetes|Sobelivirales||Solemoviridae||Polerovirus|Cotton leafroll dwarf virus
NC_008249_Chickpea_chlorotic_stunt_virus,Solemoviridae_Polerovirus,0,0,1,Riboviria,Orthornavirae,Pisuviricota,,Pisoniviricetes,Sobelivirales,,Solemoviridae,,Polerovirus,Chickpea chlorotic stunt virus,,Luteo-Sobemo,Riboviria|Orthornavirae|Pisuviricota||Pisoniviricetes|Sobelivirales||Solemoviridae||Polerovirus|Chickpea chlorotic stunt virus
NC_006265_Carrot_red_leaf_virus,Solemoviridae_Polerovirus,0,0,1,Riboviria,Orthornavirae,Pisuviricota,,Pisoniviricetes,Sobelivirales,,Solemoviridae,,Polerovirus,Carrot red leaf virus,,Luteo-Sobemo,Riboviria|Orthornavirae|Pisuviricota||Pisoniviricetes|Sobelivirales||Solemoviridae||Polerovirus|Carrot red leaf virus
NC_001747_Potato_leafroll_virus,Solemoviridae_Polerovirus,0,0,1,Riboviria,Orthornavirae,Pisuviricota,,Pisoniviricetes,Sobelivirales,,Solemoviridae,,Polerovirus,,,Luteo-Sobemo,Riboviria|Orthornavirae|Pisuviricota||Pisoniviricetes|Sobelivirales||Solemoviridae||Polerovirus|
NC_025435_Strawberry_polerovirus_1,Solemoviridae_Polerovirus,0,0,1,Riboviria,Orthornavirae,Pisuviricota,,Pisoniviricetes,Sobelivirales,,Solemoviridae,,Polerovirus,,,Luteo-Sobemo,Riboviria|Orthornavirae|Pisuviricota||Pisoniviricetes|Sobelivirales||Solemoviridae||Polerovirus|
NC_002766_Beet_chlorosis_virus,Solemoviridae_Polerovirus,0,0,1,Riboviria,Orthornavirae,Pisuviricota,,Pisoniviricetes,Sobelivirales,,Solemoviridae,,Polerovirus,Beet chlorosis virus,,Luteo-Sobemo,Riboviria|Orthornavirae|Pisuviricota||Pisoniviricetes|Sobelivirales||Solemoviridae||Polerovirus|Beet chlorosis virus
NC_025837_Sauropus_yellowing_virus_isolate,Solemoviridae_Polerovirus,0,0,1,Riboviria,Orthornavirae,Pisuviricota,,Pisoniviricetes,Sobelivirales,,Solemoviridae,,Polerovirus,,,Luteo-Sobemo,Riboviria|Orthornavirae|Pisuviricota||Pisoniviricetes|Sobelivirales||Solemoviridae||Polerovirus|
NC_000874_Sugarcane_yellow_leaf_virus,Solemoviridae_Polerovirus,0,0,1,Riboviria,Orthornavirae,Pisuviricota,,Pisoniviricetes,Sobelivirales,,Solemoviridae,,Polerovirus,Sugarcane yellow leaf virus,,Luteo-Sobemo,Riboviria|Orthornavirae|Pisuviricota||Pisoniviricetes|Sobelivirales||Solemoviridae||Polerovirus|Sugarcane yellow leaf virus
NC_018571_Suakwa_aphid-borne_yellows_virus,Solemoviridae_Polerovirus,0,0,1,Riboviria,Orthornavirae,Pisuviricota,,Pisoniviricetes,Sobelivirales,,Solemoviridae,,Polerovirus,Suakwa aphid-borne yellows virus,,Luteo-Sobemo,Riboviria|Orthornavirae|Pisuviricota||Pisoniviricetes|Sobelivirales||Solemoviridae||Polerovirus|Suakwa aphid-borne yellows virus
YP_009825041.1_Bird_s-foot_trefoil_enamovirus_1_1183,Solemoviridae_Enamovirus,0,0,1,Riboviria,Orthornavirae,Pisuviricota,,Pisoniviricetes,Sobelivirales,,Solemoviridae,,Enamovirus,Birdsfoot trefoil enamovirus 1,,Luteo-Sobemo,Riboviria|Orthornavirae|Pisuviricota||Pisoniviricetes|Sobelivirales||Solemoviridae||Enamovirus|Birdsfoot trefoil enamovirus 1
NC_021564_Citrus_vein_enation_virus,Solemoviridae_Enamovirus,0,0,1,Riboviria,Orthornavirae,Pisuviricota,,Pisoniviricetes,Sobelivirales,,Solemoviridae,,Enamovirus,Citrus vein enation virus,,Luteo-Sobemo,Riboviria|Orthornavirae|Pisuviricota||Pisoniviricetes|Sobelivirales||Solemoviridae||Enamovirus|Citrus vein enation virus
NC_003629_Pea_enation_mosaic_virus-1,Solemoviridae_Enamovirus,0,0,1,Riboviria,Orthornavirae,Pisuviricota,,Pisoniviricetes,Sobelivirales,,Solemoviridae,,Enamovirus,Pea enation mosaic virus 1,,Luteo-Sobemo,Riboviria|Orthornavirae|Pisuviricota||Pisoniviricetes|Sobelivirales||Solemoviridae||Enamovirus|Pea enation mosaic virus 1
YP_386495_Heterocapsa_circularisquama_RNA_virus,Alvernaviridae,0,0,0,Riboviria,Orthornavirae,Pisuviricota,,Pisoniviricetes,Sobelivirales,,Alvernaviridae,,Dinornavirus,Heterocapsa circularisquama RNA virus 01,,Luteo-Sobemo,Riboviria|Orthornavirae|Pisuviricota||Pisoniviricetes|Sobelivirales||Alvernaviridae||Dinornavirus|Heterocapsa circularisquama RNA virus 01
BHZC45609_Beihai_razor_shell_virus_3,Luteo-Sobemo,0,0,0,Riboviria,Orthornavirae,,,,,,,,,,,Luteo-Sobemo,Riboviria|Orthornavirae|||||||||
BHWZXX19227_Beihai_shrimp_virus_4,Luteo-Sobemo,0,0,0,Riboviria,Orthornavirae,,,,,,,,,,,Luteo-Sobemo,Riboviria|Orthornavirae|||||||||
BHWZXX15615_Beihai_shrimp_virus_5_RdRp,Luteo-Sobemo,0,0,0,Riboviria,Orthornavirae,,,,,,,,,,,Luteo-Sobemo,Riboviria|Orthornavirae|||||||||
BHZY60709_Beihai_sobemo-like_virus_1,Solemoviridae,0,0,0,Riboviria,Orthornavirae,Pisuviricota,,Pisoniviricetes,Sobelivirales,,Solemoviridae,,,,,Luteo-Sobemo,Riboviria|Orthornavirae|Pisuviricota||Pisoniviricetes|Sobelivirales||Solemoviridae|||
BHZY60634_Beihai_sobemo-like_virus_10,Alvernaviridae,0,0,0,Riboviria,Orthornavirae,Pisuviricota,,Pisoniviricetes,Sobelivirales,,Alvernaviridae,,,,,Luteo-Sobemo,Riboviria|Orthornavirae|Pisuviricota||Pisoniviricetes|Sobelivirales||Alvernaviridae|||
BHZY59277_Beihai_sobemo-like_virus_11,Alvernaviridae,0,0,0,Riboviria,Orthornavirae,Pisuviricota,,Pisoniviricetes,Sobelivirales,,Alvernaviridae,,,,,Luteo-Sobemo,Riboviria|Orthornavirae|Pisuviricota||Pisoniviricetes|Sobelivirales||Alvernaviridae|||
HOU156693_Beihai_sobemo-like_virus_12,Luteo-Sobemo,0,0,0,Riboviria,Orthornavirae,,,,,,,,,,,Luteo-Sobemo,Riboviria|Orthornavirae|||||||||
YYSZX17641_Beihai_sobemo-like_virus_13,Luteo-Sobemo,0,0,0,Riboviria,Orthornavirae,,,,,,,,,,,Luteo-Sobemo,Riboviria|Orthornavirae|||||||||
HOU157842_Beihai_sobemo-like_virus_14,Luteo-Sobemo,0,0,0,Riboviria,Orthornavirae,,,,,,,,,,,Luteo-Sobemo,Riboviria|Orthornavirae|||||||||
BHBJDX18383_Beihai_sobemo-like_virus_15,Luteo-Sobemo,0,0,0,Riboviria,Orthornavirae,,,,,,,,,,,Luteo-Sobemo,Riboviria|Orthornavirae|||||||||
BHCL80925_Beihai_sobemo-like_virus_16,Luteo-Sobemo,0,0,0,Riboviria,Orthornavirae,,,,,,,,,,,Luteo-Sobemo,Riboviria|Orthornavirae|||||||||
HOU157151_Beihai_sobemo-like_virus_17,Luteo-Sobemo,0,0,0,Riboviria,Orthornavirae,,,,,,,,,,,Luteo-Sobemo,Riboviria|Orthornavirae|||||||||
BWBFG40814_Beihai_sobemo-like_virus_18,Luteo-Sobemo,0,0,0,Riboviria,Orthornavirae,,,,,,,,,,,Luteo-Sobemo,Riboviria|Orthornavirae|||||||||
BHBJDX18617_Beihai_sobemo-like_virus_19,Luteo-Sobemo,0,0,0,Riboviria,Orthornavirae,,,,,,,,,,,Luteo-Sobemo,Riboviria|Orthornavirae|||||||||
BHZC35241_Beihai_sobemo-like_virus_2,Alvernaviridae,0,0,0,Riboviria,Orthornavirae,Pisuviricota,,Pisoniviricetes,Sobelivirales,,Alvernaviridae,,,,,Luteo-Sobemo,Riboviria|Orthornavirae|Pisuviricota||Pisoniviricetes|Sobelivirales||Alvernaviridae|||
BHNXC40978_Beihai_sobemo-like_virus_20,Luteo-Sobemo,0,0,0,Riboviria,Orthornavirae,,,,,,,,,,,Luteo-Sobemo,Riboviria|Orthornavirae|||||||||
BHZY58647_Beihai_sobemo-like_virus_21,Luteo-Sobemo,0,0,0,Riboviria,Orthornavirae,,,,,,,,,,,Luteo-Sobemo,Riboviria|Orthornavirae|||||||||
BHWZXX14614_Beihai_sobemo-like_virus_22,Luteo-Sobemo,0,0,0,Riboviria,Orthornavirae,,,,,,,,,,,Luteo-Sobemo,Riboviria|Orthornavirae|||||||||
BHZY181484_Beihai_sobemo-like_virus_23,Luteo-Sobemo,0,0,0,Riboviria,Orthornavirae,,,,,,,,,,,Luteo-Sobemo,Riboviria|Orthornavirae|||||||||
BHBJDX18033_Beihai_sobemo-like_virus_24,Luteo-Sobemo,0,0,0,Riboviria,Orthornavirae,,,,,,,,,,,Luteo-Sobemo,Riboviria|Orthornavirae|||||||||
BHZC34084_Beihai_sobemo-like_virus_25,Luteo-Sobemo,0,0,0,Riboviria,Orthornavirae,,,,,,,,,,,Luteo-Sobemo,Riboviria|Orthornavirae|||||||||
BHTH8711_Beihai_sobemo-like_virus_26,Luteo-Sobemo,0,0,0,Riboviria,Orthornavirae,,,,,,,,,,,Luteo-Sobemo,Riboviria|Orthornavirae|||||||||
BHWZXX15541_Beihai_sobemo-like_virus_27,Luteo-Sobemo,0,0,0,Riboviria,Orthornavirae,,,,,,,,,,,Luteo-Sobemo,Riboviria|Orthornavirae|||||||||
BHZY60830_Beihai_sobemo-like_virus_3,Alvernaviridae,0,0,0,Riboviria,Orthornavirae,Pisuviricota,,Pisoniviricetes,Sobelivirales,,Alvernaviridae,,,,,Luteo-Sobemo,Riboviria|Orthornavirae|Pisuviricota||Pisoniviricetes|Sobelivirales||Alvernaviridae|||
BHZY59438_Beihai_sobemo-like_virus_4,Alvernaviridae,0,0,0,Riboviria,Orthornavirae,Pisuviricota,,Pisoniviricetes,Sobelivirales,,Alvernaviridae,,,,,Luteo-Sobemo,Riboviria|Orthornavirae|Pisuviricota||Pisoniviricetes|Sobelivirales||Alvernaviridae|||
BHZY60175_Beihai_sobemo-like_virus_5,Alvernaviridae,0,0,0,Riboviria,Orthornavirae,Pisuviricota,,Pisoniviricetes,Sobelivirales,,Alvernaviridae,,,,,Luteo-Sobemo,Riboviria|Orthornavirae|Pisuviricota||Pisoniviricetes|Sobelivirales||Alvernaviridae|||
BWBFG40829_Beihai_sobemo-like_virus_6,Alvernaviridae,0,0,0,Riboviria,Orthornavirae,Pisuviricota,,Pisoniviricetes,Sobelivirales,,Alvernaviridae,,,,,Luteo-Sobemo,Riboviria|Orthornavirae|Pisuviricota||Pisoniviricetes|Sobelivirales||Alvernaviridae|||
BHZY60654_Beihai_sobemo-like_virus_7,Alvernaviridae,0,0,0,Riboviria,Orthornavirae,Pisuviricota,,Pisoniviricetes,Sobelivirales,,Alvernaviridae,,,,,Luteo-Sobemo,Riboviria|Orthornavirae|Pisuviricota||Pisoniviricetes|Sobelivirales||Alvernaviridae|||
BWBFG36635_Beihai_sobemo-like_virus_8,Alvernaviridae,0,0,0,Riboviria,Orthornavirae,Pisuviricota,,Pisoniviricetes,Sobelivirales,,Alvernaviridae,,,,,Luteo-Sobemo,Riboviria|Orthornavirae|Pisuviricota||Pisoniviricetes|Sobelivirales||Alvernaviridae|||
BHZY60769_Beihai_sobemo-like_virus_9,Alvernaviridae,0,0,0,Riboviria,Orthornavirae,Pisuviricota,,Pisoniviricetes,Sobelivirales,,Alvernaviridae,,,,,Luteo-Sobemo,Riboviria|Orthornavirae|Pisuviricota||Pisoniviricetes|Sobelivirales||Alvernaviridae|||
CJLX29826_Changjiang_sobemo-like_virus_1,Solemoviridae,0,0,0,Riboviria,Orthornavirae,Pisuviricota,,Pisoniviricetes,Sobelivirales,,Solemoviridae,,,,,Luteo-Sobemo,Riboviria|Orthornavirae|Pisuviricota||Pisoniviricetes|Sobelivirales||Solemoviridae|||
CJLX29674_Changjiang_sobemo-like_virus_2,Luteo-Sobemo,0,0,0,Riboviria,Orthornavirae,,,,,,,,,,,Luteo-Sobemo,Riboviria|Orthornavirae|||||||||
SCM43654_Hubei_diptera_virus_12_RdRp,Luteo-Sobemo,0,0,0,Riboviria,Orthornavirae,,,,,,,,,,,Luteo-Sobemo,Riboviria|Orthornavirae|||||||||
SCM94998_Hubei_diptera_virus_13_RdRp,Luteo-Sobemo,0,0,0,Riboviria,Orthornavirae,,,,,,,,,,,Luteo-Sobemo,Riboviria|Orthornavirae|||||||||
SCM51203_Hubei_diptera_virus_14_RdRp,Luteo-Sobemo,0,0,0,Riboviria,Orthornavirae,,,,,,,,,,,Luteo-Sobemo,Riboviria|Orthornavirae|||||||||
mosZJ35453_Hubei_mosquito_virus_2_RdRp,Luteo-Sobemo,0,0,0,Riboviria,Orthornavirae,,,,,,,,,,,Luteo-Sobemo,Riboviria|Orthornavirae|||||||||
WGML401068_Hubei_myriapoda_virus_9_RdRp,Luteo-Sobemo,0,0,0,Riboviria,Orthornavirae,,,,,,,,,,,Luteo-Sobemo,Riboviria|Orthornavirae|||||||||
SZmix20791_Hubei_sobemo-like_virus_1,Solemoviridae,0,0,0,Riboviria,Orthornavirae,Pisuviricota,,Pisoniviricetes,Sobelivirales,,Solemoviridae,,,,,Luteo-Sobemo,Riboviria|Orthornavirae|Pisuviricota||Pisoniviricetes|Sobelivirales||Solemoviridae|||
spider133871_Hubei_sobemo-like_virus_10,Luteo-Sobemo,0,0,0,Riboviria,Orthornavirae,,,,,,,,,,,Luteo-Sobemo,Riboviria|Orthornavirae|||||||||
spider125434_Hubei_sobemo-like_virus_11,Luteo-Sobemo,0,0,0,Riboviria,Orthornavirae,,,,,,,,,,,Luteo-Sobemo,Riboviria|Orthornavirae|||||||||
spider127544_Hubei_sobemo-like_virus_12,Luteo-Sobemo,0,0,0,Riboviria,Orthornavirae,,,,,,,,,,,Luteo-Sobemo,Riboviria|Orthornavirae|||||||||
QTM6420_Hubei_sobemo-like_virus_14,Luteo-Sobemo,0,0,0,Riboviria,Orthornavirae,,,,,,,,,,,Luteo-Sobemo,Riboviria|Orthornavirae|||||||||
tick96090_Hubei_sobemo-like_virus_15,Luteo-Sobemo,0,0,0,Riboviria,Orthornavirae,,,,,,,,,,,Luteo-Sobemo,Riboviria|Orthornavirae|||||||||
WGML146458_Hubei_sobemo-like_virus_16,Luteo-Sobemo,0,0,0,Riboviria,Orthornavirae,,,,,,,,,,,Luteo-Sobemo,Riboviria|Orthornavirae|||||||||
WGML125344_Hubei_sobemo-like_virus_17,Luteo-Sobemo,0,0,0,Riboviria,Orthornavirae,,,,,,,,,,,Luteo-Sobemo,Riboviria|Orthornavirae|||||||||
WHYY23868_Hubei_sobemo-like_virus_18,Luteo-Sobemo,0,0,0,Riboviria,Orthornavirae,,,,,,,,,,,Luteo-Sobemo,Riboviria|Orthornavirae|||||||||
SCM51527_Hubei_sobemo-like_virus_19,Luteo-Sobemo,0,0,0,Riboviria,Orthornavirae,,,,,,,,,,,Luteo-Sobemo,Riboviria|Orthornavirae|||||||||
WGML145690_Hubei_sobemo-like_virus_2,Solemoviridae,0,0,0,Riboviria,Orthornavirae,Pisuviricota,,Pisoniviricetes,Sobelivirales,,Solemoviridae,,,,,Luteo-Sobemo,Riboviria|Orthornavirae|Pisuviricota||Pisoniviricetes|Sobelivirales||Solemoviridae|||
CC64562_Hubei_sobemo-like_virus_20,Luteo-Sobemo,0,0,0,Riboviria,Orthornavirae,,,,,,,,,,,Luteo-Sobemo,Riboviria|Orthornavirae|||||||||
CC64469_Hubei_sobemo-like_virus_21_RdRp,Luteo-Sobemo,0,0,0,Riboviria,Orthornavirae,,,,,,,,,,,Luteo-Sobemo,Riboviria|Orthornavirae|||||||||
ZCM21279_Hubei_sobemo-like_virus_22,Luteo-Sobemo,0,0,0,Riboviria,Orthornavirae,,,,,,,,,,,Luteo-Sobemo,Riboviria|Orthornavirae|||||||||
QTM27250_Hubei_sobemo-like_virus_23,Luteo-Sobemo,0,0,0,Riboviria,Orthornavirae,,,,,,,,,,,Luteo-Sobemo,Riboviria|Orthornavirae|||||||||
WHLC5390_Hubei_sobemo-like_virus_24,Luteo-Sobemo,0,0,0,Riboviria,Orthornavirae,,,,,,,,,,,Luteo-Sobemo,Riboviria|Orthornavirae|||||||||
QTM27214_Hubei_sobemo-like_virus_25,Luteo-Sobemo,0,0,0,Riboviria,Orthornavirae,,,,,,,,,,,Luteo-Sobemo,Riboviria|Orthornavirae|||||||||
arthropodmix14077_Hubei_sobemo-like_virus_26,Luteo-Sobemo,0,0,0,Riboviria,Orthornavirae,,,,,,,,,,,Luteo-Sobemo,Riboviria|Orthornavirae|||||||||
WHCCII13324_Hubei_sobemo-like_virus_27,Luteo-Sobemo,0,0,0,Riboviria,Orthornavirae,,,,,,,,,,,Luteo-Sobemo,Riboviria|Orthornavirae|||||||||
QTM26976_Hubei_sobemo-like_virus_28,Luteo-Sobemo,0,0,0,Riboviria,Orthornavirae,,,,,,,,,,,Luteo-Sobemo,Riboviria|Orthornavirae|||||||||
QTM12808_Hubei_sobemo-like_virus_29,Luteo-Sobemo,0,0,0,Riboviria,Orthornavirae,,,,,,,,,,,Luteo-Sobemo,Riboviria|Orthornavirae|||||||||
WHBL72900_Hubei_sobemo-like_virus_3,Solemoviridae,0,0,0,Riboviria,Orthornavirae,Pisuviricota,,Pisoniviricetes,Sobelivirales,,Solemoviridae,,,,,Luteo-Sobemo,Riboviria|Orthornavirae|Pisuviricota||Pisoniviricetes|Sobelivirales||Solemoviridae|||
QTM19610_Hubei_sobemo-like_virus_30,Luteo-Sobemo,0,0,0,Riboviria,Orthornavirae,,,,,,,,,,,Luteo-Sobemo,Riboviria|Orthornavirae|||||||||
WHCC117732_Hubei_sobemo-like_virus_31,Luteo-Sobemo,0,0,0,Riboviria,Orthornavirae,,,,,,,,,,,Luteo-Sobemo,Riboviria|Orthornavirae|||||||||
spider112797_Hubei_sobemo-like_virus_32,Luteo-Sobemo,0,0,0,Riboviria,Orthornavirae,,,,,,,,,,,Luteo-Sobemo,Riboviria|Orthornavirae|||||||||
LCM101922_Hubei_sobemo-like_virus_33,Luteo-Sobemo,0,0,0,Riboviria,Orthornavirae,,,,,,,,,,,Luteo-Sobemo,Riboviria|Orthornavirae|||||||||
SSZZ41_Hubei_sobemo-like_virus_34,Luteo-Sobemo,0,0,0,Riboviria,Orthornavirae,,,,,,,,,,,Luteo-Sobemo,Riboviria|Orthornavirae|||||||||
QTM24286_Hubei_sobemo-like_virus_35,Luteo-Sobemo,0,0,0,Riboviria,Orthornavirae,,,,,,,,,,,Luteo-Sobemo,Riboviria|Orthornavirae|||||||||
spider124913_Hubei_sobemo-like_virus_36,Luteo-Sobemo,0,0,0,Riboviria,Orthornavirae,,,,,,,,,,,Luteo-Sobemo,Riboviria|Orthornavirae|||||||||
QTM25849_Hubei_sobemo-like_virus_37,Luteo-Sobemo,0,0,0,Riboviria,Orthornavirae,,,,,,,,,,,Luteo-Sobemo,Riboviria|Orthornavirae|||||||||
QTM27202_Hubei_sobemo-like_virus_38,Luteo-Sobemo,0,0,0,Riboviria,Orthornavirae,,,,,,,,,,,Luteo-Sobemo,Riboviria|Orthornavirae|||||||||
mosHB229649_Hubei_sobemo-like_virus_39,Luteo-Sobemo,0,0,0,Riboviria,Orthornavirae,,,,,,,,,,,Luteo-Sobemo,Riboviria|Orthornavirae|||||||||
WHBL62463_Hubei_sobemo-like_virus_4,Alvernaviridae,0,0,0,Riboviria,Orthornavirae,Pisuviricota,,Pisoniviricetes,Sobelivirales,,Alvernaviridae,,,,,Luteo-Sobemo,Riboviria|Orthornavirae|Pisuviricota||Pisoniviricetes|Sobelivirales||Alvernaviridae|||
QTM104806_Hubei_sobemo-like_virus_40,Luteo-Sobemo,0,0,0,Riboviria,Orthornavirae,,,,,,,,,,,Luteo-Sobemo,Riboviria|Orthornavirae|||||||||
3mos6151_Hubei_sobemo-like_virus_41,Luteo-Sobemo,0,0,0,Riboviria,Orthornavirae,,,,,,,,,,,Luteo-Sobemo,Riboviria|Orthornavirae|||||||||
QTM26192_Hubei_sobemo-like_virus_42,Luteo-Sobemo,0,0,0,Riboviria,Orthornavirae,,,,,,,,,,,Luteo-Sobemo,Riboviria|Orthornavirae|||||||||
arthropodmix11560_Hubei_sobemo-like_virus_43,Luteo-Sobemo,0,0,0,Riboviria,Orthornavirae,,,,,,,,,,,Luteo-Sobemo,Riboviria|Orthornavirae|||||||||
WGML133391_Hubei_sobemo-like_virus_44,Luteo-Sobemo,0,0,0,Riboviria,Orthornavirae,,,,,,,,,,,Luteo-Sobemo,Riboviria|Orthornavirae|||||||||
QTM25680_Hubei_sobemo-like_virus_45,Luteo-Sobemo,0,0,0,Riboviria,Orthornavirae,,,,,,,,,,,Luteo-Sobemo,Riboviria|Orthornavirae|||||||||
spider133700_Hubei_sobemo-like_virus_46,Luteo-Sobemo,0,0,0,Riboviria,Orthornavirae,,,,,,,,,,,Luteo-Sobemo,Riboviria|Orthornavirae|||||||||
spider133229_Hubei_sobemo-like_virus_47,Luteo-Sobemo,0,0,0,Riboviria,Orthornavirae,,,,,,,,,,,Luteo-Sobemo,Riboviria|Orthornavirae|||||||||
QCM18154_Hubei_sobemo-like_virus_48_RdRp,Luteo-Sobemo,0,0,0,Riboviria,Orthornavirae,,,,,,,,,,,Luteo-Sobemo,Riboviria|Orthornavirae|||||||||
QTM12655_Hubei_sobemo-like_virus_49,Luteo-Sobemo,0,0,0,Riboviria,Orthornavirae,,,,,,,,,,,Luteo-Sobemo,Riboviria|Orthornavirae|||||||||
spider59976_Hubei_sobemo-like_virus_5,Luteo-Sobemo,0,0,0,Riboviria,Orthornavirae,,,,,,,,,,,Luteo-Sobemo,Riboviria|Orthornavirae|||||||||
spider128669_Hubei_sobemo-like_virus_6,Luteo-Sobemo,0,0,0,Riboviria,Orthornavirae,,,,,,,,,,,Luteo-Sobemo,Riboviria|Orthornavirae|||||||||
spider134446_Hubei_sobemo-like_virus_7,Luteo-Sobemo,0,0,0,Riboviria,Orthornavirae,,,,,,,,,,,Luteo-Sobemo,Riboviria|Orthornavirae|||||||||
QTM19779_Hubei_sobemo-like_virus_8,Luteo-Sobemo,0,0,0,Riboviria,Orthornavirae,,,,,,,,,,,Luteo-Sobemo,Riboviria|Orthornavirae|||||||||
spider112041_Hubei_sobemo-like_virus_9,Luteo-Sobemo,0,0,0,Riboviria,Orthornavirae,,,,,,,,,,,Luteo-Sobemo,Riboviria|Orthornavirae|||||||||
SSZZ3520_Hubei_tetragnatha_maxillosa_virus_6_RdRp,Luteo-Sobemo,0,0,0,Riboviria,Orthornavirae,,,,,,,,,,,Luteo-Sobemo,Riboviria|Orthornavirae|||||||||
SXSSP20269_Sanxia_sobemo-like_virus_1,Luteo-Sobemo,0,0,0,Riboviria,Orthornavirae,,,,,,,,,,,Luteo-Sobemo,Riboviria|Orthornavirae|||||||||
SXSSP2316_Sanxia_sobemo-like_virus_2,Luteo-Sobemo,0,0,0,Riboviria,Orthornavirae,,,,,,,,,,,Luteo-Sobemo,Riboviria|Orthornavirae|||||||||
SXSSP2531_Sanxia_sobemo-like_virus_3,Luteo-Sobemo,0,0,0,Riboviria,Orthornavirae,,,,,,,,,,,Luteo-Sobemo,Riboviria|Orthornavirae|||||||||
SXSSP2021_Sanxia_sobemo-like_virus_4,Luteo-Sobemo,0,0,0,Riboviria,Orthornavirae,,,,,,,,,,,Luteo-Sobemo,Riboviria|Orthornavirae|||||||||
SXSSP2561_Sanxia_sobemo-like_virus_5,Luteo-Sobemo,0,0,0,Riboviria,Orthornavirae,,,,,,,,,,,Luteo-Sobemo,Riboviria|Orthornavirae|||||||||
SXSSP2571_Sanxia_water_strider_virus_10_RdRp,Luteo-Sobemo,0,0,0,Riboviria,Orthornavirae,,,,,,,,,,,Luteo-Sobemo,Riboviria|Orthornavirae|||||||||
SXSSP2582_Sanxia_water_strider_virus_11,Luteo-Sobemo,0,0,0,Riboviria,Orthornavirae,,,,,,,,,,,Luteo-Sobemo,Riboviria|Orthornavirae|||||||||
SXSSP2564_Sanxia_water_strider_virus_12,Luteo-Sobemo,0,0,0,Riboviria,Orthornavirae,,,,,,,,,,,Luteo-Sobemo,Riboviria|Orthornavirae|||||||||
SHWCII5101_Shahe_sobemo-like_virus_1,Luteo-Sobemo,0,0,0,Riboviria,Orthornavirae,,,,,,,,,,,Luteo-Sobemo,Riboviria|Orthornavirae|||||||||
insectZJ96499_Shuangao_insect_virus_9,Luteo-Sobemo,0,0,0,Riboviria,Orthornavirae,,,,,,,,,,,Luteo-Sobemo,Riboviria|Orthornavirae|||||||||
insectZJ66941_Shuangao_sobemo-like_virus_1,Luteo-Sobemo,0,0,0,Riboviria,Orthornavirae,,,,,,,,,,,Luteo-Sobemo,Riboviria|Orthornavirae|||||||||
insectZJ89114_Shuangao_sobemo-like_virus_2,Luteo-Sobemo,0,0,0,Riboviria,Orthornavirae,,,,,,,,,,,Luteo-Sobemo,Riboviria|Orthornavirae|||||||||
insectZJ66198_Shuangao_sobemo-like_virus_3,Luteo-Sobemo,0,0,0,Riboviria,Orthornavirae,,,,,,,,,,,Luteo-Sobemo,Riboviria|Orthornavirae|||||||||
WLJQ103508_Wenling_sobemo-like_virus_1,Luteo-Sobemo,0,0,0,Riboviria,Orthornavirae,,,,,,,,,,,Luteo-Sobemo,Riboviria|Orthornavirae|||||||||
WLJQ95081_Wenling_sobemo-like_virus_2,Luteo-Sobemo,0,0,0,Riboviria,Orthornavirae,,,,,,,,,,,Luteo-Sobemo,Riboviria|Orthornavirae|||||||||
shrimp6189_Wenzhou_shrimp_virus_9_RdRp,Luteo-Sobemo,0,0,0,Riboviria,Orthornavirae,,,,,,,,,,,Luteo-Sobemo,Riboviria|Orthornavirae|||||||||
WZFSL61418_Wenzhou_sobemo-like_virus_1,Solemoviridae,0,0,0,Riboviria,Orthornavirae,Pisuviricota,,Pisoniviricetes,Sobelivirales,,Solemoviridae,,,,,Luteo-Sobemo,Riboviria|Orthornavirae|Pisuviricota||Pisoniviricetes|Sobelivirales||Solemoviridae|||
mosZJ15137_Wenzhou_sobemo-like_virus_2,Luteo-Sobemo,0,0,0,Riboviria,Orthornavirae,,,,,,,,,,,Luteo-Sobemo,Riboviria|Orthornavirae|||||||||
mosZJ35256_Wenzhou_sobemo-like_virus_3,Luteo-Sobemo,0,0,0,Riboviria,Orthornavirae,,,,,,,,,,,Luteo-Sobemo,Riboviria|Orthornavirae|||||||||
mosZJ35391_Wenzhou_sobemo-like_virus_4,Luteo-Sobemo,0,0,0,Riboviria,Orthornavirae,,,,,,,,,,,Luteo-Sobemo,Riboviria|Orthornavirae|||||||||
WCLSXC83893_Wuchan_romanomermis_nematode_virus_3_RdRp,Luteo-Sobemo,0,0,0,Riboviria,Orthornavirae,,,,,,,,,,,Luteo-Sobemo,Riboviria|Orthornavirae|||||||||
WHCC117028_Wuhan_arthropod_virus_4_RdRp,Luteo-Sobemo,0,0,0,Riboviria,Orthornavirae,,,,,,,,,,,Luteo-Sobemo,Riboviria|Orthornavirae|||||||||
WHYCM467_Wuhan_heteroptera_virus_2_RdRp,Luteo-Sobemo,0,0,0,Riboviria,Orthornavirae,,,,,,,,,,,Luteo-Sobemo,Riboviria|Orthornavirae|||||||||
WHYY19909_Wuhan_house_centipede_virus_4_RdRp,Luteo-Sobemo,0,0,0,Riboviria,Orthornavirae,,,,,,,,,,,Luteo-Sobemo,Riboviria|Orthornavirae|||||||||
WHYY23902_Wuhan_house_centipede_virus_5_RdRp,Luteo-Sobemo,0,0,0,Riboviria,Orthornavirae,,,,,,,,,,,Luteo-Sobemo,Riboviria|Orthornavirae|||||||||
WHCCII1277_Wuhan_insect_virus_17,Luteo-Sobemo,0,0,0,Riboviria,Orthornavirae,,,,,,,,,,,Luteo-Sobemo,Riboviria|Orthornavirae|||||||||
CC64594_Wuhan_insect_virus_34,Luteo-Sobemo,0,0,0,Riboviria,Orthornavirae,,,,,,,,,,,Luteo-Sobemo,Riboviria|Orthornavirae|||||||||
WHSFII20254_Wuhan_pillworm_virus_3_RdRp,Luteo-Sobemo,0,0,0,Riboviria,Orthornavirae,,,,,,,,,,,Luteo-Sobemo,Riboviria|Orthornavirae|||||||||
XSNXC27943_Xingshan_nematode_virus_5_RdRp,Luteo-Sobemo,0,0,0,Riboviria,Orthornavirae,,,,,,,,,,,Luteo-Sobemo,Riboviria|Orthornavirae|||||||||
WHYY18840_Hubei_sobemo-like_virus_13,Luteo-Sobemo,0,0,0,Riboviria,Orthornavirae,,,,,,,,,,,Luteo-Sobemo,Riboviria|Orthornavirae|||||||||
NP_042510_Mushroom_bacilliform_virus,Solemoviridae,0,0,0,Riboviria,Orthornavirae,Pisuviricota,,Pisoniviricetes,Sobelivirales,,Solemoviridae,,,,,Luteo-Sobemo,Riboviria|Orthornavirae|Pisuviricota||Pisoniviricetes|Sobelivirales||Solemoviridae|||
AII01812_Ixodes_scapularis_associated_virus_2,Luteo-Sobemo,0,0,0,Riboviria,Orthornavirae,,,,,,,,,,,Luteo-Sobemo,Riboviria|Orthornavirae|||||||||
AII01797_Ixodes_scapularis_associated_virus_1,Luteo-Sobemo,0,0,0,Riboviria,Orthornavirae,,,,,,,,,,,Luteo-Sobemo,Riboviria|Orthornavirae|||||||||
AHA86920_Carascovirus_SF1,Luteo-Sobemo,0,0,0,Riboviria,Orthornavirae,,,,,,,,,,,Luteo-Sobemo,Riboviria|Orthornavirae|||||||||
KU754509_La_Tardoire_virus,Luteo-Sobemo,0,0,0,Riboviria,Orthornavirae,,,,,,,,,,,Luteo-Sobemo,Riboviria|Orthornavirae|||||||||
KR003801_Humaita-Tubiacanga_virus,Luteo-Sobemo,0,0,0,Riboviria,Orthornavirae,,,,,,,,,,,Luteo-Sobemo,Riboviria|Orthornavirae|||||||||
KP714076_Motts_Mill_virus,Luteo-Sobemo,0,0,0,Riboviria,Orthornavirae,,,,,,,,,,,Luteo-Sobemo,Riboviria|Orthornavirae|||||||||
