Cluster_sseqid,Cluster_taxon,Human,Vertebrates,Plant,Realm,Kingdom,Phylum,Subphylum,Class,Order,Suborder,Family,Subfamily,Genus,Species,,SuperGroup,Taxon_set
NP_694845_Lymphocytic_choriomeningitis_mammarenavirus,Arenaviridae,1,1,0,Riboviria,Orthornavirae,Negarnaviricota,Polyploviricotina,Ellioviricetes,Bunyavirales,,Arenaviridae,,Mammarenavirus,Mammarenavirus choriomeningitidis,,Negative_Bunya-Arena,Riboviria|Orthornavirae|Negarnaviricota|Polyploviricotina|Ellioviricetes|Bunyavirales||Arenaviridae||Mammarenavirus|Mammarenavirus choriomeningitidis
NP_694848_Tacaribe_mammarenavirus,Arenaviridae,0,1,0,Riboviria,Orthornavirae,Negarnaviricota,Polyploviricotina,Ellioviricetes,Bunyavirales,,Arenaviridae,,Mammarenavirus,Mammarenavirus tacaribeense,,Negative_Bunya-Arena,Riboviria|Orthornavirae|Negarnaviricota|Polyploviricotina|Ellioviricetes|Bunyavirales||Arenaviridae||Mammarenavirus|Mammarenavirus tacaribeense
NP_694872_Lassa_mammarenavirus,Arenaviridae,1,1,0,Riboviria,Orthornavirae,Negarnaviricota,Polyploviricotina,Ellioviricetes,Bunyavirales,,Arenaviridae,,Mammarenavirus,Mammarenavirus lassaense,,Negative_Bunya-Arena,Riboviria|Orthornavirae|Negarnaviricota|Polyploviricotina|Ellioviricetes|Bunyavirales||Arenaviridae||Mammarenavirus|Mammarenavirus lassaense
NP_899215_Machupo_mammarenavirus,Arenaviridae,1,1,0,Riboviria,Orthornavirae,Negarnaviricota,Polyploviricotina,Ellioviricetes,Bunyavirales,,Arenaviridae,,Mammarenavirus,Mammarenavirus machupoense,,Negative_Bunya-Arena,Riboviria|Orthornavirae|Negarnaviricota|Polyploviricotina|Ellioviricetes|Bunyavirales||Arenaviridae||Mammarenavirus|Mammarenavirus machupoense
NP_899217_Junin_mammarenavirus,Arenaviridae,1,1,0,Riboviria,Orthornavirae,Negarnaviricota,Polyploviricotina,Ellioviricetes,Bunyavirales,,Arenaviridae,,Mammarenavirus,Mammarenavirus juninense,,Negative_Bunya-Arena,Riboviria|Orthornavirae|Negarnaviricota|Polyploviricotina|Ellioviricetes|Bunyavirales||Arenaviridae||Mammarenavirus|Mammarenavirus juninense
NP_899221_Guanarito_mammarenavirus,Arenaviridae,1,1,0,Riboviria,Orthornavirae,Negarnaviricota,Polyploviricotina,Ellioviricetes,Bunyavirales,,Arenaviridae,,Mammarenavirus,Mammarenavirus guanaritoense,,Negative_Bunya-Arena,Riboviria|Orthornavirae|Negarnaviricota|Polyploviricotina|Ellioviricetes|Bunyavirales||Arenaviridae||Mammarenavirus|Mammarenavirus guanaritoense
Rayfin_XYHYG11303_Wenling_frogfish_arenavirus_1_6537bp,Arenaviridae,0,1,0,Riboviria,Orthornavirae,Negarnaviricota,Polyploviricotina,Ellioviricetes,Bunyavirales,,Arenaviridae,,,,,Negative_Bunya-Arena,Riboviria|Orthornavirae|Negarnaviricota|Polyploviricotina|Ellioviricetes|Bunyavirales||Arenaviridae|||
Rayfin_XYHYG24857_Wenling_frogfish_arenavirus_2_6425bp,Arenaviridae,0,1,0,Riboviria,Orthornavirae,Negarnaviricota,Polyploviricotina,Ellioviricetes,Bunyavirales,,Arenaviridae,,,,,Negative_Bunya-Arena,Riboviria|Orthornavirae|Negarnaviricota|Polyploviricotina|Ellioviricetes|Bunyavirales||Arenaviridae|||
YP_001649212_Allpahuayo_mammarenavirus,Arenaviridae,0,1,0,Riboviria,Orthornavirae,Negarnaviricota,Polyploviricotina,Ellioviricetes,Bunyavirales,,Arenaviridae,,Mammarenavirus,Mammarenavirus allpahuayoense,,Negative_Bunya-Arena,Riboviria|Orthornavirae|Negarnaviricota|Polyploviricotina|Ellioviricetes|Bunyavirales||Arenaviridae||Mammarenavirus|Mammarenavirus allpahuayoense
YP_001649214_Oliveros_mammarenavirus,Arenaviridae,0,1,0,Riboviria,Orthornavirae,Negarnaviricota,Polyploviricotina,Ellioviricetes,Bunyavirales,,Arenaviridae,,Mammarenavirus,Mammarenavirus oliverosense,,Negative_Bunya-Arena,Riboviria|Orthornavirae|Negarnaviricota|Polyploviricotina|Ellioviricetes|Bunyavirales||Arenaviridae||Mammarenavirus|Mammarenavirus oliverosense
YP_001649216_Amapar_mammarenavirus,Arenaviridae,0,1,0,Riboviria,Orthornavirae,Negarnaviricota,Polyploviricotina,Ellioviricetes,Bunyavirales,,Arenaviridae,,Mammarenavirus,Mammarenavirus amapariense,,Negative_Bunya-Arena,Riboviria|Orthornavirae|Negarnaviricota|Polyploviricotina|Ellioviricetes|Bunyavirales||Arenaviridae||Mammarenavirus|Mammarenavirus amapariense
YP_001649218_Cupixi_mammarenavirus,Arenaviridae,0,1,0,Riboviria,Orthornavirae,Negarnaviricota,Polyploviricotina,Ellioviricetes,Bunyavirales,,Arenaviridae,,Mammarenavirus,Mammarenavirus cupixiense,,Negative_Bunya-Arena,Riboviria|Orthornavirae|Negarnaviricota|Polyploviricotina|Ellioviricetes|Bunyavirales||Arenaviridae||Mammarenavirus|Mammarenavirus cupixiense
YP_001649225_Bear_Canyon_mammarenavirus,Arenaviridae,0,1,0,Riboviria,Orthornavirae,Negarnaviricota,Polyploviricotina,Ellioviricetes,Bunyavirales,,Arenaviridae,,Mammarenavirus,Mammarenavirus bearense,,Negative_Bunya-Arena,Riboviria|Orthornavirae|Negarnaviricota|Polyploviricotina|Ellioviricetes|Bunyavirales||Arenaviridae||Mammarenavirus|Mammarenavirus bearense
YP_001816785_Chapare_mammarenavirus,Arenaviridae,1,1,0,Riboviria,Orthornavirae,Negarnaviricota,Polyploviricotina,Ellioviricetes,Bunyavirales,,Arenaviridae,,Mammarenavirus,Mammarenavirus chapareense,,Negative_Bunya-Arena,Riboviria|Orthornavirae|Negarnaviricota|Polyploviricotina|Ellioviricetes|Bunyavirales||Arenaviridae||Mammarenavirus|Mammarenavirus chapareense
YP_001911118_Tamiami_mammarenavirus,Arenaviridae,0,1,0,Riboviria,Orthornavirae,Negarnaviricota,Polyploviricotina,Ellioviricetes,Bunyavirales,,Arenaviridae,,Mammarenavirus,Mammarenavirus tamiamiense,,Negative_Bunya-Arena,Riboviria|Orthornavirae|Negarnaviricota|Polyploviricotina|Ellioviricetes|Bunyavirales||Arenaviridae||Mammarenavirus|Mammarenavirus tamiamiense
YP_001911120_Whitewater_Arroyo_mammarenavirus,Arenaviridae,1,1,0,Riboviria,Orthornavirae,Negarnaviricota,Polyploviricotina,Ellioviricetes,Bunyavirales,,Arenaviridae,,Mammarenavirus,Mammarenavirus whitewaterense,,Negative_Bunya-Arena,Riboviria|Orthornavirae|Negarnaviricota|Polyploviricotina|Ellioviricetes|Bunyavirales||Arenaviridae||Mammarenavirus|Mammarenavirus whitewaterense
YP_001936024_Flexal_mammarenavirus,Arenaviridae,0,1,0,Riboviria,Orthornavirae,Negarnaviricota,Polyploviricotina,Ellioviricetes,Bunyavirales,,Arenaviridae,,Mammarenavirus,Mammarenavirus flexalense,,Negative_Bunya-Arena,Riboviria|Orthornavirae|Negarnaviricota|Polyploviricotina|Ellioviricetes|Bunyavirales||Arenaviridae||Mammarenavirus|Mammarenavirus flexalense
YP_001936026_Latino_mammarenavirus,Arenaviridae,0,1,0,Riboviria,Orthornavirae,Negarnaviricota,Polyploviricotina,Ellioviricetes,Bunyavirales,,Arenaviridae,,Mammarenavirus,Mammarenavirus latinum,,Negative_Bunya-Arena,Riboviria|Orthornavirae|Negarnaviricota|Polyploviricotina|Ellioviricetes|Bunyavirales||Arenaviridae||Mammarenavirus|Mammarenavirus latinum
YP_001936028_Parana_mammarenavirus,Arenaviridae,0,1,0,Riboviria,Orthornavirae,Negarnaviricota,Polyploviricotina,Ellioviricetes,Bunyavirales,,Arenaviridae,,Mammarenavirus,Mammarenavirus paranaense,,Negative_Bunya-Arena,Riboviria|Orthornavirae|Negarnaviricota|Polyploviricotina|Ellioviricetes|Bunyavirales||Arenaviridae||Mammarenavirus|Mammarenavirus paranaense
YP_002929493_Lujo_mammarenavirus,Arenaviridae,1,1,0,Riboviria,Orthornavirae,Negarnaviricota,Polyploviricotina,Ellioviricetes,Bunyavirales,,Arenaviridae,,Mammarenavirus,Mammarenavirus lujoense,,Negative_Bunya-Arena,Riboviria|Orthornavirae|Negarnaviricota|Polyploviricotina|Ellioviricetes|Bunyavirales||Arenaviridae||Mammarenavirus|Mammarenavirus lujoense
YP_003090217_Morogoro_virus,Arenaviridae,0,1,0,Riboviria,Orthornavirae,Negarnaviricota,Polyploviricotina,Ellioviricetes,Bunyavirales,,Arenaviridae,,Mammarenavirus,Mammarenavirus mopeiaense,,Negative_Bunya-Arena,Riboviria|Orthornavirae|Negarnaviricota|Polyploviricotina|Ellioviricetes|Bunyavirales||Arenaviridae||Mammarenavirus|Mammarenavirus mopeiaense
YP_004933733_Luna_mammarenavirus,Arenaviridae,0,1,0,Riboviria,Orthornavirae,Negarnaviricota,Polyploviricotina,Ellioviricetes,Bunyavirales,,Arenaviridae,,Mammarenavirus,Mammarenavirus lunaense,,Negative_Bunya-Arena,Riboviria|Orthornavirae|Negarnaviricota|Polyploviricotina|Ellioviricetes|Bunyavirales||Arenaviridae||Mammarenavirus|Mammarenavirus lunaense
YP_006590089_Golden_Gate_virus,Arenaviridae,0,1,0,Riboviria,Orthornavirae,Negarnaviricota,Polyploviricotina,Ellioviricetes,Bunyavirales,,Arenaviridae,,Reptarenavirus,Reptarenavirus aurei,,Negative_Bunya-Arena,Riboviria|Orthornavirae|Negarnaviricota|Polyploviricotina|Ellioviricetes|Bunyavirales||Arenaviridae||Reptarenavirus|Reptarenavirus aurei
YP_006590093_CAS_virus,Arenaviridae,0,1,0,Riboviria,Orthornavirae,Negarnaviricota,Polyploviricotina,Ellioviricetes,Bunyavirales,,Arenaviridae,,Reptarenavirus,Reptarenavirus californiae,,Negative_Bunya-Arena,Riboviria|Orthornavirae|Negarnaviricota|Polyploviricotina|Ellioviricetes|Bunyavirales||Arenaviridae||Reptarenavirus|Reptarenavirus californiae
YP_006858709_Lunk_virus_NKS-1,Arenaviridae,0,1,0,Riboviria,Orthornavirae,Negarnaviricota,Polyploviricotina,Ellioviricetes,Bunyavirales,,Arenaviridae,,Mammarenavirus,Mammarenavirus lunkense,,Negative_Bunya-Arena,Riboviria|Orthornavirae|Negarnaviricota|Polyploviricotina|Ellioviricetes|Bunyavirales||Arenaviridae||Mammarenavirus|Mammarenavirus lunkense
YP_009019197_ROUT_virus,Arenaviridae,0,1,0,Riboviria,Orthornavirae,Negarnaviricota,Polyploviricotina,Ellioviricetes,Bunyavirales,,Arenaviridae,,Reptarenavirus,Reptarenavirus rotterdamense,,Negative_Bunya-Arena,Riboviria|Orthornavirae|Negarnaviricota|Polyploviricotina|Ellioviricetes|Bunyavirales||Arenaviridae||Reptarenavirus|Reptarenavirus rotterdamense
YP_009019199_Merino_Walk_mammarenavirus,Arenaviridae,0,1,0,Riboviria,Orthornavirae,Negarnaviricota,Polyploviricotina,Ellioviricetes,Bunyavirales,,Arenaviridae,,Mammarenavirus,Mammarenavirus merinoense,,Negative_Bunya-Arena,Riboviria|Orthornavirae|Negarnaviricota|Polyploviricotina|Ellioviricetes|Bunyavirales||Arenaviridae||Mammarenavirus|Mammarenavirus merinoense
YP_009019203_University_of_Helsinki_virus,Arenaviridae,0,1,0,Riboviria,Orthornavirae,Negarnaviricota,Polyploviricotina,Ellioviricetes,Bunyavirales,,Arenaviridae,,Reptarenavirus,Reptarenavirus rotterdamense,,Negative_Bunya-Arena,Riboviria|Orthornavirae|Negarnaviricota|Polyploviricotina|Ellioviricetes|Bunyavirales||Arenaviridae||Reptarenavirus|Reptarenavirus rotterdamense
YP_009113209_Wenzhou_mammarenavirus,Arenaviridae,0,1,0,Riboviria,Orthornavirae,Negarnaviricota,Polyploviricotina,Ellioviricetes,Bunyavirales,,Arenaviridae,,Mammarenavirus,Mammarenavirus wenzhouense,,Negative_Bunya-Arena,Riboviria|Orthornavirae|Negarnaviricota|Polyploviricotina|Ellioviricetes|Bunyavirales||Arenaviridae||Mammarenavirus|Mammarenavirus wenzhouense
YP_009116793_Gairo_mammarenavirus,Arenaviridae,0,1,0,Riboviria,Orthornavirae,Negarnaviricota,Polyploviricotina,Ellioviricetes,Bunyavirales,,Arenaviridae,,Mammarenavirus,Mammarenavirus gairoense,,Negative_Bunya-Arena,Riboviria|Orthornavirae|Negarnaviricota|Polyploviricotina|Ellioviricetes|Bunyavirales||Arenaviridae||Mammarenavirus|Mammarenavirus gairoense
YP_009141010_Okahandja_mammarenavirus,Arenaviridae,0,1,0,Riboviria,Orthornavirae,Negarnaviricota,Polyploviricotina,Ellioviricetes,Bunyavirales,,Arenaviridae,,Mammarenavirus,Mammarenavirus okahandjaense,,Negative_Bunya-Arena,Riboviria|Orthornavirae|Negarnaviricota|Polyploviricotina|Ellioviricetes|Bunyavirales||Arenaviridae||Mammarenavirus|Mammarenavirus okahandjaense
YP_009508476.1_Souris_virus_2215,Arenaviridae,0,1,0,Riboviria,Orthornavirae,Negarnaviricota,Polyploviricotina,Ellioviricetes,Bunyavirales,,Arenaviridae,,Mammarenavirus,Mammarenavirus cameroonense,,Negative_Bunya-Arena,Riboviria|Orthornavirae|Negarnaviricota|Polyploviricotina|Ellioviricetes|Bunyavirales||Arenaviridae||Mammarenavirus|Mammarenavirus cameroonense
YP_010086249.1_Xapuri_virus_2199,Arenaviridae,0,1,0,Riboviria,Orthornavirae,Negarnaviricota,Polyploviricotina,Ellioviricetes,Bunyavirales,,Arenaviridae,,Mammarenavirus,Mammarenavirus xapuriense,,Negative_Bunya-Arena,Riboviria|Orthornavirae|Negarnaviricota|Polyploviricotina|Ellioviricetes|Bunyavirales||Arenaviridae||Mammarenavirus|Mammarenavirus xapuriense
YP_025093_Pirital_mammarenavirus,Arenaviridae,0,1,0,Riboviria,Orthornavirae,Negarnaviricota,Polyploviricotina,Ellioviricetes,Bunyavirales,,Arenaviridae,,Mammarenavirus,Mammarenavirus piritalense,,Negative_Bunya-Arena,Riboviria|Orthornavirae|Negarnaviricota|Polyploviricotina|Ellioviricetes|Bunyavirales||Arenaviridae||Mammarenavirus|Mammarenavirus piritalense
YP_089660_Sabia_mammarenavirus,Arenaviridae,1,1,0,Riboviria,Orthornavirae,Negarnaviricota,Polyploviricotina,Ellioviricetes,Bunyavirales,,Arenaviridae,,Mammarenavirus,Mammarenavirus brazilense,,Negative_Bunya-Arena,Riboviria|Orthornavirae|Negarnaviricota|Polyploviricotina|Ellioviricetes|Bunyavirales||Arenaviridae||Mammarenavirus|Mammarenavirus brazilense
YP_138534_Pichinde_mammarenavirus,Arenaviridae,1,1,0,Riboviria,Orthornavirae,Negarnaviricota,Polyploviricotina,Ellioviricetes,Bunyavirales,,Arenaviridae,,Mammarenavirus,Mammarenavirus caliense,,Negative_Bunya-Arena,Riboviria|Orthornavirae|Negarnaviricota|Polyploviricotina|Ellioviricetes|Bunyavirales||Arenaviridae||Mammarenavirus|Mammarenavirus caliense
YP_170708_Mopeia_virus_AN20410,Arenaviridae,0,1,0,Riboviria,Orthornavirae,Negarnaviricota,Polyploviricotina,Ellioviricetes,Bunyavirales,,Arenaviridae,,Mammarenavirus,Mammarenavirus mopeiaense,,Negative_Bunya-Arena,Riboviria|Orthornavirae|Negarnaviricota|Polyploviricotina|Ellioviricetes|Bunyavirales||Arenaviridae||Mammarenavirus|Mammarenavirus mopeiaense
YP_516229_Mobala_mammarenavirus,Arenaviridae,0,1,0,Riboviria,Orthornavirae,Negarnaviricota,Polyploviricotina,Ellioviricetes,Bunyavirales,,Arenaviridae,,Mammarenavirus,Mammarenavirus praomyidis,,Negative_Bunya-Arena,Riboviria|Orthornavirae|Negarnaviricota|Polyploviricotina|Ellioviricetes|Bunyavirales||Arenaviridae||Mammarenavirus|Mammarenavirus praomyidis
YP_516233_Ippy_mammarenavirus,Arenaviridae,0,1,0,Riboviria,Orthornavirae,Negarnaviricota,Polyploviricotina,Ellioviricetes,Bunyavirales,,Arenaviridae,,Mammarenavirus,Mammarenavirus ippyense,,Negative_Bunya-Arena,Riboviria|Orthornavirae|Negarnaviricota|Polyploviricotina|Ellioviricetes|Bunyavirales||Arenaviridae||Mammarenavirus|Mammarenavirus ippyense
BHBJDX18821_Bunya-Arena_Beihai_shrimp_virus_3_RdRp,Negative_Bunya-Arena,0,0,0,Riboviria,Orthornavirae,Negarnaviricota,Polyploviricotina,Ellioviricetes,Bunyavirales,,,,,,,Negative_Bunya-Arena,Riboviria|Orthornavirae|Negarnaviricota|Polyploviricotina|Ellioviricetes|Bunyavirales|||||
BHCL81707_Bunya-Arena_Beihai_bunya-like_virus_4,Negative_Bunya-Arena,0,0,0,Riboviria,Orthornavirae,Negarnaviricota,Polyploviricotina,Ellioviricetes,Bunyavirales,,,,,,,Negative_Bunya-Arena,Riboviria|Orthornavirae|Negarnaviricota|Polyploviricotina|Ellioviricetes|Bunyavirales|||||
BHJJX25757_Bunya-Arena_Beihai_hermit_crab_virus_2_RdRp,Negative_Bunya-Arena,0,0,0,Riboviria,Orthornavirae,Negarnaviricota,Polyploviricotina,Ellioviricetes,Bunyavirales,,,,,,,Negative_Bunya-Arena,Riboviria|Orthornavirae|Negarnaviricota|Polyploviricotina|Ellioviricetes|Bunyavirales|||||
BHJP59844_Bunya-Arena_Beihai_bunya-like_virus_5,Negative_Bunya-Arena,0,0,0,Riboviria,Orthornavirae,Negarnaviricota,Polyploviricotina,Ellioviricetes,Bunyavirales,,,,,,,Negative_Bunya-Arena,Riboviria|Orthornavirae|Negarnaviricota|Polyploviricotina|Ellioviricetes|Bunyavirales|||||
BHNXC41490_Bunya-Arena_Beihai_sipunculid_worm_virus_7_RdRp,Negative_Bunya-Arena,0,0,0,Riboviria,Orthornavirae,Negarnaviricota,Polyploviricotina,Ellioviricetes,Bunyavirales,,,,,,,Negative_Bunya-Arena,Riboviria|Orthornavirae|Negarnaviricota|Polyploviricotina|Ellioviricetes|Bunyavirales|||||
BHTH16146_Bunya-Arena_Beihai_barnacle_virus_5,Negative_Bunya-Arena,0,0,0,Riboviria,Orthornavirae,Negarnaviricota,Polyploviricotina,Ellioviricetes,Bunyavirales,,,,,,,Negative_Bunya-Arena,Riboviria|Orthornavirae|Negarnaviricota|Polyploviricotina|Ellioviricetes|Bunyavirales|||||
BWBFG40849_Bunya-Arena_Beihai_bunya-like_virus_3,Negative_Bunya-Arena,0,0,0,Riboviria,Orthornavirae,Negarnaviricota,Polyploviricotina,Ellioviricetes,Bunyavirales,,,,,,,Negative_Bunya-Arena,Riboviria|Orthornavirae|Negarnaviricota|Polyploviricotina|Ellioviricetes|Bunyavirales|||||
CC41253_Bunya-Arena_Shuangao_Bedbug_Virus_1_KM817678,Negative_Bunya-Arena,0,0,0,Riboviria,Orthornavirae,Negarnaviricota,Polyploviricotina,Ellioviricetes,Bunyavirales,,,,,,,Negative_Bunya-Arena,Riboviria|Orthornavirae|Negarnaviricota|Polyploviricotina|Ellioviricetes|Bunyavirales|||||
CPQY18609_Bunya-Arena_Changping_bunya-like_virus_1,Negative_Bunya-Arena,0,0,0,Riboviria,Orthornavirae,Negarnaviricota,Polyploviricotina,Ellioviricetes,Bunyavirales,,,,,,,Negative_Bunya-Arena,Riboviria|Orthornavirae|Negarnaviricota|Polyploviricotina|Ellioviricetes|Bunyavirales|||||
GAKZ01048260_Procotyla_fluviatilis,Negative_Bunya-Arena,0,0,0,Riboviria,Orthornavirae,Negarnaviricota,Polyploviricotina,Ellioviricetes,Bunyavirales,,,,,,,Negative_Bunya-Arena,Riboviria|Orthornavirae|Negarnaviricota|Polyploviricotina|Ellioviricetes|Bunyavirales|||||
JMYJCC72012_Bunya-Arena_Jingmen_bunya-like_virus_1,Negative_Bunya-Arena,0,0,0,Riboviria,Orthornavirae,Negarnaviricota,Polyploviricotina,Ellioviricetes,Bunyavirales,,,,,,,Negative_Bunya-Arena,Riboviria|Orthornavirae|Negarnaviricota|Polyploviricotina|Ellioviricetes|Bunyavirales|||||
mosHB106551_Bunya-Arena_Jiangxia_Mosquito_Virus_2_KM817671,Negative_Bunya-Arena,0,0,0,Riboviria,Orthornavirae,Negarnaviricota,Polyploviricotina,Ellioviricetes,Bunyavirales,,,,,,,Negative_Bunya-Arena,Riboviria|Orthornavirae|Negarnaviricota|Polyploviricotina|Ellioviricetes|Bunyavirales|||||
mosZJ36691_Bunya-Arena_Shuangao_Mosquito_Virus_KM817682,Negative_Bunya-Arena,0,0,0,Riboviria,Orthornavirae,Negarnaviricota,Polyploviricotina,Ellioviricetes,Bunyavirales,,,,,,,Negative_Bunya-Arena,Riboviria|Orthornavirae|Negarnaviricota|Polyploviricotina|Ellioviricetes|Bunyavirales|||||
QJT73693.1_Botrytis_cinerea_bocivirus_1_Botrytis_cinerea_2211,Phenuiviridae,0,0,0,Riboviria,Orthornavirae,Negarnaviricota,Polyploviricotina,Ellioviricetes,Bunyavirales,,Phenuiviridae,,,,,Negative_Bunya-Arena,Riboviria|Orthornavirae|Negarnaviricota|Polyploviricotina|Ellioviricetes|Bunyavirales||Phenuiviridae|||
QJT73694.1_Botrytis_cinerea_negative-stranded_RNA_virus_6_Botrytis_cinerea_2258,Negative_Bunya-Arena,0,0,0,Riboviria,Orthornavirae,Negarnaviricota,Polyploviricotina,Ellioviricetes,Bunyavirales,,,,,,,Negative_Bunya-Arena,Riboviria|Orthornavirae|Negarnaviricota|Polyploviricotina|Ellioviricetes|Bunyavirales|||||
QJW70358.1_Erysiphe_necator_associated_negative-stranded_RNA_virus_9_Erysiphe_necator_2139,Negative_Bunya-Arena,0,0,0,Riboviria,Orthornavirae,Negarnaviricota,Polyploviricotina,Ellioviricetes,Bunyavirales,,,,,,,Negative_Bunya-Arena,Riboviria|Orthornavirae|Negarnaviricota|Polyploviricotina|Ellioviricetes|Bunyavirales|||||
QJW70360.1_Erysiphe_necator_associated_negative-stranded_RNA_virus_10_Erysiphe_necator_2160,Negative_Bunya-Arena,0,0,0,Riboviria,Orthornavirae,Negarnaviricota,Polyploviricotina,Ellioviricetes,Bunyavirales,,,,,,,Negative_Bunya-Arena,Riboviria|Orthornavirae|Negarnaviricota|Polyploviricotina|Ellioviricetes|Bunyavirales|||||
QTT60999.1_Phytophthora_condilina_negative_stranded_RNA_virus_7_Phytophthora_condilina_3101,Negative_Bunya-Arena,0,0,0,Riboviria,Orthornavirae,Negarnaviricota,Polyploviricotina,Ellioviricetes,Bunyavirales,,,,,,,Negative_Bunya-Arena,Riboviria|Orthornavirae|Negarnaviricota|Polyploviricotina|Ellioviricetes|Bunyavirales|||||
QTT61000.1_Phytophthora_condilina_negative_stranded_RNA_virus_8_Phytophthora_condilina_2802,Negative_Bunya-Arena,0,0,0,Riboviria,Orthornavirae,Negarnaviricota,Polyploviricotina,Ellioviricetes,Bunyavirales,,,,,,,Negative_Bunya-Arena,Riboviria|Orthornavirae|Negarnaviricota|Polyploviricotina|Ellioviricetes|Bunyavirales|||||
QTT61001.1_Phytophthora_condilina_negative_stranded_RNA_virus_9_Phytophthora_condilina_3038,Negative_Bunya-Arena,0,0,0,Riboviria,Orthornavirae,Negarnaviricota,Polyploviricotina,Ellioviricetes,Bunyavirales,,,,,,,Negative_Bunya-Arena,Riboviria|Orthornavirae|Negarnaviricota|Polyploviricotina|Ellioviricetes|Bunyavirales|||||
QTT61003.1_Phytophthora_condilina_negative_stranded_RNA_virus_11_Phytophthora_condilina_3008,Negative_Bunya-Arena,0,0,0,Riboviria,Orthornavirae,Negarnaviricota,Polyploviricotina,Ellioviricetes,Bunyavirales,,,,,,,Negative_Bunya-Arena,Riboviria|Orthornavirae|Negarnaviricota|Polyploviricotina|Ellioviricetes|Bunyavirales|||||
QVU28732.1_Yunnan_Paris_negative-stranded_virus_Paris_polyphylla_2181,Phenuiviridae,0,0,0,Riboviria,Orthornavirae,Negarnaviricota,Polyploviricotina,Ellioviricetes,Bunyavirales,,Phenuiviridae,,,,,Negative_Bunya-Arena,Riboviria|Orthornavirae|Negarnaviricota|Polyploviricotina|Ellioviricetes|Bunyavirales||Phenuiviridae|||
SCJXSX36597_Bunya-Arena_Beihai_sesarmid_crab_virus_5,Negative_Bunya-Arena,0,0,0,Riboviria,Orthornavirae,Negarnaviricota,Polyploviricotina,Ellioviricetes,Bunyavirales,,,,,,,Negative_Bunya-Arena,Riboviria|Orthornavirae|Negarnaviricota|Polyploviricotina|Ellioviricetes|Bunyavirales|||||
SCM26604_Bunya-Arena_Hubei_bunya-like_virus_12,Negative_Bunya-Arena,0,0,0,Riboviria,Orthornavirae,Negarnaviricota,Polyploviricotina,Ellioviricetes,Bunyavirales,,,,,,,Negative_Bunya-Arena,Riboviria|Orthornavirae|Negarnaviricota|Polyploviricotina|Ellioviricetes|Bunyavirales|||||
SCM50476_Bunya-Arena_Hubei_bunya-like_virus_5,Negative_Bunya-Arena,0,0,0,Riboviria,Orthornavirae,Negarnaviricota,Polyploviricotina,Ellioviricetes,Bunyavirales,,,,,,,Negative_Bunya-Arena,Riboviria|Orthornavirae|Negarnaviricota|Polyploviricotina|Ellioviricetes|Bunyavirales|||||
shrimp6186_Bunya-Arena_Whenzhou_Shrimp_Virus_2_KM817687,Negative_Bunya-Arena,0,0,0,Riboviria,Orthornavirae,Negarnaviricota,Polyploviricotina,Ellioviricetes,Bunyavirales,,,,,,,Negative_Bunya-Arena,Riboviria|Orthornavirae|Negarnaviricota|Polyploviricotina|Ellioviricetes|Bunyavirales|||||
SHWC0209c12636_Bunya-Arena_Shahe_bunya-like_virus_3,Negative_Bunya-Arena,0,0,0,Riboviria,Orthornavirae,Negarnaviricota,Polyploviricotina,Ellioviricetes,Bunyavirales,,,,,,,Negative_Bunya-Arena,Riboviria|Orthornavirae|Negarnaviricota|Polyploviricotina|Ellioviricetes|Bunyavirales|||||
SHWC0209c12661_Bunya-Arena_Shahe_bunya-like_virus_4,Negative_Bunya-Arena,0,0,0,Riboviria,Orthornavirae,Negarnaviricota,Polyploviricotina,Ellioviricetes,Bunyavirales,,,,,,,Negative_Bunya-Arena,Riboviria|Orthornavirae|Negarnaviricota|Polyploviricotina|Ellioviricetes|Bunyavirales|||||
SHWC0209c12742_Bunya-Arena_Shahe_bunya-like_virus_2_RdRp,Negative_Bunya-Arena,0,0,0,Riboviria,Orthornavirae,Negarnaviricota,Polyploviricotina,Ellioviricetes,Bunyavirales,,,,,,,Negative_Bunya-Arena,Riboviria|Orthornavirae|Negarnaviricota|Polyploviricotina|Ellioviricetes|Bunyavirales|||||
SHWC0209c12776_Bunya-Arena_Shahe_isopoda_virus_4_RdRp,Negative_Bunya-Arena,0,0,0,Riboviria,Orthornavirae,Negarnaviricota,Polyploviricotina,Ellioviricetes,Bunyavirales,,,,,,,Negative_Bunya-Arena,Riboviria|Orthornavirae|Negarnaviricota|Polyploviricotina|Ellioviricetes|Bunyavirales|||||
spider112000_Bunya-Arena_Shayang_Spider_Virus_2_KM817677,Negative_Bunya-Arena,0,0,0,Riboviria,Orthornavirae,Negarnaviricota,Polyploviricotina,Ellioviricetes,Bunyavirales,,,,,,,Negative_Bunya-Arena,Riboviria|Orthornavirae|Negarnaviricota|Polyploviricotina|Ellioviricetes|Bunyavirales|||||
spider130295_Bunya-Arena_Wuhan_Spider_Virus_KM817699,Negative_Bunya-Arena,0,0,0,Riboviria,Orthornavirae,Negarnaviricota,Polyploviricotina,Ellioviricetes,Bunyavirales,,,,,,,Negative_Bunya-Arena,Riboviria|Orthornavirae|Negarnaviricota|Polyploviricotina|Ellioviricetes|Bunyavirales|||||
SYJFC11704_Bunya-Arena_Shayang_ascaridia_galli_virus_1,Negative_Bunya-Arena,0,0,0,Riboviria,Orthornavirae,Negarnaviricota,Polyploviricotina,Ellioviricetes,Bunyavirales,,,,,,,Negative_Bunya-Arena,Riboviria|Orthornavirae|Negarnaviricota|Polyploviricotina|Ellioviricetes|Bunyavirales|||||
SZmix21338_Bunya-Arena_Hubei_bunya-like_virus_6,Negative_Bunya-Arena,0,0,0,Riboviria,Orthornavirae,Negarnaviricota,Polyploviricotina,Ellioviricetes,Bunyavirales,,,,,,,Negative_Bunya-Arena,Riboviria|Orthornavirae|Negarnaviricota|Polyploviricotina|Ellioviricetes|Bunyavirales|||||
UHK03059.1_Guiyang_Tospo-like_virus_1_Tetragnatha_nitens_2298,Negative_Bunya-Arena,0,0,0,Riboviria,Orthornavirae,Negarnaviricota,Polyploviricotina,Ellioviricetes,Bunyavirales,,,,,,,Negative_Bunya-Arena,Riboviria|Orthornavirae|Negarnaviricota|Polyploviricotina|Ellioviricetes|Bunyavirales|||||
USF82352.1_Citrus_virus_A_Citrus_sinensis_2184,Phenuiviridae,0,0,0,Riboviria,Orthornavirae,Negarnaviricota,Polyploviricotina,Ellioviricetes,Bunyavirales,,Phenuiviridae,,Coguvirus,Coguvirus eburi,,Negative_Bunya-Arena,Riboviria|Orthornavirae|Negarnaviricota|Polyploviricotina|Ellioviricetes|Bunyavirales||Phenuiviridae||Coguvirus|Coguvirus eburi
WAK75662.1_Phenuiviridae_sp._Rhipicephalus_microplus_2181,Phenuiviridae,0,0,0,Riboviria,Orthornavirae,Negarnaviricota,Polyploviricotina,Ellioviricetes,Bunyavirales,,Phenuiviridae,,,,,Negative_Bunya-Arena,Riboviria|Orthornavirae|Negarnaviricota|Polyploviricotina|Ellioviricetes|Bunyavirales||Phenuiviridae|||
WGML112345_Bunya-Arena_Hubei_bunya-like_virus_7_RdRp,Negative_Bunya-Arena,0,0,0,Riboviria,Orthornavirae,Negarnaviricota,Polyploviricotina,Ellioviricetes,Bunyavirales,,,,,,,Negative_Bunya-Arena,Riboviria|Orthornavirae|Negarnaviricota|Polyploviricotina|Ellioviricetes|Bunyavirales|||||
WGML134260_Bunya-Arena_Hubei_bunya-like_virus_11,Negative_Bunya-Arena,0,0,0,Riboviria,Orthornavirae,Negarnaviricota,Polyploviricotina,Ellioviricetes,Bunyavirales,,,,,,,Negative_Bunya-Arena,Riboviria|Orthornavirae|Negarnaviricota|Polyploviricotina|Ellioviricetes|Bunyavirales|||||
WGML135976_Bunya-Arena_Hubei_bunya-like_virus_4,Negative_Bunya-Arena,0,0,0,Riboviria,Orthornavirae,Negarnaviricota,Polyploviricotina,Ellioviricetes,Bunyavirales,,,,,,,Negative_Bunya-Arena,Riboviria|Orthornavirae|Negarnaviricota|Polyploviricotina|Ellioviricetes|Bunyavirales|||||
WGML140132_Bunya-Arena_Hubei_myriapoda_virus_5_RdRp,Negative_Bunya-Arena,0,0,0,Riboviria,Orthornavirae,Negarnaviricota,Polyploviricotina,Ellioviricetes,Bunyavirales,,,,,,,Negative_Bunya-Arena,Riboviria|Orthornavirae|Negarnaviricota|Polyploviricotina|Ellioviricetes|Bunyavirales|||||
WGML140341_Bunya-Arena_Hubei_myriapoda_virus_6_RdRp,Negative_Bunya-Arena,0,0,0,Riboviria,Orthornavirae,Negarnaviricota,Polyploviricotina,Ellioviricetes,Bunyavirales,,,,,,,Negative_Bunya-Arena,Riboviria|Orthornavirae|Negarnaviricota|Polyploviricotina|Ellioviricetes|Bunyavirales|||||
WHCC65775_Bunya-Arena_Wuhan_Insect_virus_3_KM817693,Negative_Bunya-Arena,0,0,0,Riboviria,Orthornavirae,Negarnaviricota,Polyploviricotina,Ellioviricetes,Bunyavirales,,,,,,,Negative_Bunya-Arena,Riboviria|Orthornavirae|Negarnaviricota|Polyploviricotina|Ellioviricetes|Bunyavirales|||||
WHCCII13062_Bunya-Arena_Huangshi_Humpbacked_Fly_Virus_KM817669,Negative_Bunya-Arena,0,0,0,Riboviria,Orthornavirae,Negarnaviricota,Polyploviricotina,Ellioviricetes,Bunyavirales,,,,,,,Negative_Bunya-Arena,Riboviria|Orthornavirae|Negarnaviricota|Polyploviricotina|Ellioviricetes|Bunyavirales|||||
WHJHC41208_Bunya-Arena_Wuhan_ascaridia_galli_virus_1,Negative_Bunya-Arena,0,0,0,Riboviria,Orthornavirae,Negarnaviricota,Polyploviricotina,Ellioviricetes,Bunyavirales,,,,,,,Negative_Bunya-Arena,Riboviria|Orthornavirae|Negarnaviricota|Polyploviricotina|Ellioviricetes|Bunyavirales|||||
WHSFII20185_Bunya-Arena_Wuhan_pillworm_virus_1_RdRp,Negative_Bunya-Arena,0,0,0,Riboviria,Orthornavirae,Negarnaviricota,Polyploviricotina,Ellioviricetes,Bunyavirales,,,,,,,Negative_Bunya-Arena,Riboviria|Orthornavirae|Negarnaviricota|Polyploviricotina|Ellioviricetes|Bunyavirales|||||
WHWG56321_Bunya-Arena_Wuhan_Millipede_Virus_2_KM817696,Negative_Bunya-Arena,0,0,0,Riboviria,Orthornavirae,Negarnaviricota,Polyploviricotina,Ellioviricetes,Bunyavirales,,,,,,,Negative_Bunya-Arena,Riboviria|Orthornavirae|Negarnaviricota|Polyploviricotina|Ellioviricetes|Bunyavirales|||||
WHWN46660_Bunya-Arena_Wuhan_snail_virus_2_RdRp,Negative_Bunya-Arena,0,0,0,Riboviria,Orthornavirae,Negarnaviricota,Polyploviricotina,Ellioviricetes,Bunyavirales,,,,,,,Negative_Bunya-Arena,Riboviria|Orthornavirae|Negarnaviricota|Polyploviricotina|Ellioviricetes|Bunyavirales|||||
WLJQ100911_Bunya-Arena_Wenling_crustacean_virus_9_RdRp,Negative_Bunya-Arena,0,0,0,Riboviria,Orthornavirae,Negarnaviricota,Polyploviricotina,Ellioviricetes,Bunyavirales,,,,,,,Negative_Bunya-Arena,Riboviria|Orthornavirae|Negarnaviricota|Polyploviricotina|Ellioviricetes|Bunyavirales|||||
WLJQ104142_Bunya-Arena_Wenling_crustacean_virus_8_RdRp,Negative_Bunya-Arena,0,0,0,Riboviria,Orthornavirae,Negarnaviricota,Polyploviricotina,Ellioviricetes,Bunyavirales,,,,,,,Negative_Bunya-Arena,Riboviria|Orthornavirae|Negarnaviricota|Polyploviricotina|Ellioviricetes|Bunyavirales|||||
WZFSL85898_Bunya-Arena_Wenzhou_channeled_applesnail_virus_4_RdRp,Negative_Bunya-Arena,0,0,0,Riboviria,Orthornavirae,Negarnaviricota,Polyploviricotina,Ellioviricetes,Bunyavirales,,,,,,,Negative_Bunya-Arena,Riboviria|Orthornavirae|Negarnaviricota|Polyploviricotina|Ellioviricetes|Bunyavirales|||||
WZSLuoI85881_Bunya-Arena_Wenzhou_bunya-like_virus_1_RdRp,Negative_Bunya-Arena,0,0,0,Riboviria,Orthornavirae,Negarnaviricota,Polyploviricotina,Ellioviricetes,Bunyavirales,,,,,,,Negative_Bunya-Arena,Riboviria|Orthornavirae|Negarnaviricota|Polyploviricotina|Ellioviricetes|Bunyavirales|||||
XSNXC32933_Bunya-Arena_Xingshan_nematode_virus_3,Negative_Bunya-Arena,0,0,0,Riboviria,Orthornavirae,Negarnaviricota,Polyploviricotina,Ellioviricetes,Bunyavirales,,,,,,,Negative_Bunya-Arena,Riboviria|Orthornavirae|Negarnaviricota|Polyploviricotina|Ellioviricetes|Bunyavirales|||||
YP_010085090.1_Leptomonas_moramango_leishbunyavirus_1979,Negative_Bunya-Arena,0,0,0,Riboviria,Orthornavirae,Negarnaviricota,Polyploviricotina,Ellioviricetes,Bunyavirales,,Leishbuviridae,,Shilevirus,Shilevirus leptomonadis,,Negative_Bunya-Arena,Riboviria|Orthornavirae|Negarnaviricota|Polyploviricotina|Ellioviricetes|Bunyavirales||Leishbuviridae||Shilevirus|Shilevirus leptomonadis
YP_010086241.1_Entoleuca_phenui-like_virus_1_2353,Phenuiviridae,0,0,0,Riboviria,Orthornavirae,Negarnaviricota,Polyploviricotina,Ellioviricetes,Bunyavirales,,Phenuiviridae,,Entovirus,Entovirus entoleucae,,Negative_Bunya-Arena,Riboviria|Orthornavirae|Negarnaviricota|Polyploviricotina|Ellioviricetes|Bunyavirales||Phenuiviridae||Entovirus|Entovirus entoleucae
ZCM20815_Bunya-Arena_Hubei_orthoptera_virus_2_RdRp,Negative_Bunya-Arena,0,0,0,Riboviria,Orthornavirae,Negarnaviricota,Polyploviricotina,Ellioviricetes,Bunyavirales,,,,,,,Negative_Bunya-Arena,Riboviria|Orthornavirae|Negarnaviricota|Polyploviricotina|Ellioviricetes|Bunyavirales|||||
HF568801_Pigeonpea_sterility_mosaic_virus,Fimoviridae,0,0,1,Riboviria,Orthornavirae,Negarnaviricota,Polyploviricotina,Ellioviricetes,Bunyavirales,,Fimoviridae,,Emaravirus,Emaravirus cajani,,Negative_Bunya-Arena,Riboviria|Orthornavirae|Negarnaviricota|Polyploviricotina|Ellioviricetes|Bunyavirales||Fimoviridae||Emaravirus|Emaravirus cajani
HQ703343_Fig_mosaic_virus,Fimoviridae,0,0,1,Riboviria,Orthornavirae,Negarnaviricota,Polyploviricotina,Ellioviricetes,Bunyavirales,,Fimoviridae,,Emaravirus,Emaravirus fici,,Negative_Bunya-Arena,Riboviria|Orthornavirae|Negarnaviricota|Polyploviricotina|Ellioviricetes|Bunyavirales||Fimoviridae||Emaravirus|Emaravirus fici
JF795479_Redbud_yellow_ringspot_virus,Fimoviridae,0,0,1,Riboviria,Orthornavirae,Negarnaviricota,Polyploviricotina,Ellioviricetes,Bunyavirales,,Fimoviridae,,Emaravirus,Emaravirus cercidis,,Negative_Bunya-Arena,Riboviria|Orthornavirae|Negarnaviricota|Polyploviricotina|Ellioviricetes|Bunyavirales||Fimoviridae||Emaravirus|Emaravirus cercidis
NC_013105_European_mountain_ash_ringspot-associated_virus,Fimoviridae,0,0,1,Riboviria,Orthornavirae,Negarnaviricota,Polyploviricotina,Ellioviricetes,Bunyavirales,,Fimoviridae,,Emaravirus,Emaravirus sorbi,,Negative_Bunya-Arena,Riboviria|Orthornavirae|Negarnaviricota|Polyploviricotina|Ellioviricetes|Bunyavirales||Fimoviridae||Emaravirus|Emaravirus sorbi
NC_015298_Rose_rosette_virus,Fimoviridae,0,0,1,Riboviria,Orthornavirae,Negarnaviricota,Polyploviricotina,Ellioviricetes,Bunyavirales,,Fimoviridae,,Emaravirus,Emaravirus rosae,,Negative_Bunya-Arena,Riboviria|Orthornavirae|Negarnaviricota|Polyploviricotina|Ellioviricetes|Bunyavirales||Fimoviridae||Emaravirus|Emaravirus rosae
ABJ74147_Hantaan_hantavirus,Hantaviridae,1,1,0,Riboviria,Orthornavirae,Negarnaviricota,Polyploviricotina,Ellioviricetes,Bunyavirales,,Hantaviridae,Mammantavirinae,Orthohantavirus,Orthohantavirus hantanense,,Negative_Bunya-Arena,Riboviria|Orthornavirae|Negarnaviricota|Polyploviricotina|Ellioviricetes|Bunyavirales||Hantaviridae|Mammantavirinae|Orthohantavirus|Orthohantavirus hantanense
ACI32065_Asama_virus,Hantaviridae,0,1,0,Riboviria,Orthornavirae,Negarnaviricota,Polyploviricotina,Ellioviricetes,Bunyavirales,,Hantaviridae,Mammantavirinae,Orthohantavirus,Orthohantavirus asamaense,,Negative_Bunya-Arena,Riboviria|Orthornavirae|Negarnaviricota|Polyploviricotina|Ellioviricetes|Bunyavirales||Hantaviridae|Mammantavirinae|Orthohantavirus|Orthohantavirus asamaense
ADZ76455_Black_Creek_Canal_hantavirus,Hantaviridae,1,1,0,Riboviria,Orthornavirae,Negarnaviricota,Polyploviricotina,Ellioviricetes,Bunyavirales,,Hantaviridae,Mammantavirinae,Orthohantavirus,Orthohantavirus nigrorivense,,Negative_Bunya-Arena,Riboviria|Orthornavirae|Negarnaviricota|Polyploviricotina|Ellioviricetes|Bunyavirales||Hantaviridae|Mammantavirinae|Orthohantavirus|Orthohantavirus nigrorivense
AEA11487_Rockport_virus,Hantaviridae,0,1,0,Riboviria,Orthornavirae,Negarnaviricota,Polyploviricotina,Ellioviricetes,Bunyavirales,,Hantaviridae,Mammantavirinae,Orthohantavirus,Orthohantavirus rockportense,,Negative_Bunya-Arena,Riboviria|Orthornavirae|Negarnaviricota|Polyploviricotina|Ellioviricetes|Bunyavirales||Hantaviridae|Mammantavirinae|Orthohantavirus|Orthohantavirus rockportense
AEX56233_Jeju_virus,Hantaviridae,0,1,0,Riboviria,Orthornavirae,Negarnaviricota,Polyploviricotina,Ellioviricetes,Bunyavirales,,Hantaviridae,Mammantavirinae,Orthohantavirus,Orthohantavirus jejuense,,Negative_Bunya-Arena,Riboviria|Orthornavirae|Negarnaviricota|Polyploviricotina|Ellioviricetes|Bunyavirales||Hantaviridae|Mammantavirinae|Orthohantavirus|Orthohantavirus jejuense
AEZ02948_Sangassou_hantavirus,Hantaviridae,1,1,0,Riboviria,Orthornavirae,Negarnaviricota,Polyploviricotina,Ellioviricetes,Bunyavirales,,Hantaviridae,Mammantavirinae,Orthohantavirus,Orthohantavirus sangassouense,,Negative_Bunya-Arena,Riboviria|Orthornavirae|Negarnaviricota|Polyploviricotina|Ellioviricetes|Bunyavirales||Hantaviridae|Mammantavirinae|Orthohantavirus|Orthohantavirus sangassouense
AFQ36585_Uluguru_virus,Hantaviridae,0,1,0,Riboviria,Orthornavirae,Negarnaviricota,Polyploviricotina,Ellioviricetes,Bunyavirales,,Hantaviridae,Mammantavirinae,Orthohantavirus,,,Negative_Bunya-Arena,Riboviria|Orthornavirae|Negarnaviricota|Polyploviricotina|Ellioviricetes|Bunyavirales||Hantaviridae|Mammantavirinae|Orthohantavirus|
AFQ36588_Kilimanjaro_virus,Hantaviridae,0,1,0,Riboviria,Orthornavirae,Negarnaviricota,Polyploviricotina,Ellioviricetes,Bunyavirales,,Hantaviridae,Mammantavirinae,Orthohantavirus,,,Negative_Bunya-Arena,Riboviria|Orthornavirae|Negarnaviricota|Polyploviricotina|Ellioviricetes|Bunyavirales||Hantaviridae|Mammantavirinae|Orthohantavirus|
AHA83412_Xinyi_virus,Hantaviridae,0,1,0,Riboviria,Orthornavirae,Negarnaviricota,Polyploviricotina,Ellioviricetes,Bunyavirales,,Hantaviridae,Mammantavirinae,Orthohantavirus,,,Negative_Bunya-Arena,Riboviria|Orthornavirae|Negarnaviricota|Polyploviricotina|Ellioviricetes|Bunyavirales||Hantaviridae|Mammantavirinae|Orthohantavirus|
AID51349_Camp_Ripley_virus,Hantaviridae,0,1,0,Riboviria,Orthornavirae,Negarnaviricota,Polyploviricotina,Ellioviricetes,Bunyavirales,,Hantaviridae,Mammantavirinae,Orthohantavirus,,,Negative_Bunya-Arena,Riboviria|Orthornavirae|Negarnaviricota|Polyploviricotina|Ellioviricetes|Bunyavirales||Hantaviridae|Mammantavirinae|Orthohantavirus|
AIF28819_Imjin_virus,Hantaviridae,0,1,0,Riboviria,Orthornavirae,Negarnaviricota,Polyploviricotina,Ellioviricetes,Bunyavirales,,Hantaviridae,Mammantavirinae,Thottimvirus,Thottimvirus imjinense,,Negative_Bunya-Arena,Riboviria|Orthornavirae|Negarnaviricota|Polyploviricotina|Ellioviricetes|Bunyavirales||Hantaviridae|Mammantavirinae|Thottimvirus|Thottimvirus imjinense
AIL25331_Yuanjiang_virus,Hantaviridae,0,1,0,Riboviria,Orthornavirae,Negarnaviricota,Polyploviricotina,Ellioviricetes,Bunyavirales,,Hantaviridae,Mammantavirinae,Orthohantavirus,,,Negative_Bunya-Arena,Riboviria|Orthornavirae|Negarnaviricota|Polyploviricotina|Ellioviricetes|Bunyavirales||Hantaviridae|Mammantavirinae|Orthohantavirus|
AJZ68872_Laibin_virus,Hantaviridae,0,1,0,Riboviria,Orthornavirae,Negarnaviricota,Polyploviricotina,Ellioviricetes,Bunyavirales,,Hantaviridae,Mammantavirinae,Mobatvirus,Mobatvirus laibinense,,Negative_Bunya-Arena,Riboviria|Orthornavirae|Negarnaviricota|Polyploviricotina|Ellioviricetes|Bunyavirales||Hantaviridae|Mammantavirinae|Mobatvirus|Mobatvirus laibinense
AKI28853_Altai_virus,Hantaviridae,0,1,0,Riboviria,Orthornavirae,Negarnaviricota,Polyploviricotina,Ellioviricetes,Bunyavirales,,Hantaviridae,Mammantavirinae,Orthohantavirus,,,Negative_Bunya-Arena,Riboviria|Orthornavirae|Negarnaviricota|Polyploviricotina|Ellioviricetes|Bunyavirales||Hantaviridae|Mammantavirinae|Orthohantavirus|
AKM95722_Nova_virus,Hantaviridae,0,1,0,Riboviria,Orthornavirae,Negarnaviricota,Polyploviricotina,Ellioviricetes,Bunyavirales,,Hantaviridae,Mammantavirinae,Mobatvirus,Mobatvirus novaense,,Negative_Bunya-Arena,Riboviria|Orthornavirae|Negarnaviricota|Polyploviricotina|Ellioviricetes|Bunyavirales||Hantaviridae|Mammantavirinae|Mobatvirus|Mobatvirus novaense
ALJ30180_Puumala_hantavirus,Hantaviridae,1,1,0,Riboviria,Orthornavirae,Negarnaviricota,Polyploviricotina,Ellioviricetes,Bunyavirales,,Hantaviridae,Mammantavirinae,Orthohantavirus,Orthohantavirus puumalaense,,Negative_Bunya-Arena,Riboviria|Orthornavirae|Negarnaviricota|Polyploviricotina|Ellioviricetes|Bunyavirales||Hantaviridae|Mammantavirinae|Orthohantavirus|Orthohantavirus puumalaense
AMB43174_Eothenomys_eleusis_hantavirus_FUGV,Hantaviridae,0,1,0,Riboviria,Orthornavirae,Negarnaviricota,Polyploviricotina,Ellioviricetes,Bunyavirales,,Hantaviridae,Mammantavirinae,Orthohantavirus,,,Negative_Bunya-Arena,Riboviria|Orthornavirae|Negarnaviricota|Polyploviricotina|Ellioviricetes|Bunyavirales||Hantaviridae|Mammantavirinae|Orthohantavirus|
AND78465_Quezon_virus,Hantaviridae,0,1,0,Riboviria,Orthornavirae,Negarnaviricota,Polyploviricotina,Ellioviricetes,Bunyavirales,,Hantaviridae,Mammantavirinae,Mobatvirus,Mobatvirus quezonense,,Negative_Bunya-Arena,Riboviria|Orthornavirae|Negarnaviricota|Polyploviricotina|Ellioviricetes|Bunyavirales||Hantaviridae|Mammantavirinae|Mobatvirus|Mobatvirus quezonense
AOR07000_Tigray_hantavirus,Hantaviridae,0,1,0,Riboviria,Orthornavirae,Negarnaviricota,Polyploviricotina,Ellioviricetes,Bunyavirales,,Hantaviridae,Mammantavirinae,Orthohantavirus,Orthohantavirus tigrayense,,Negative_Bunya-Arena,Riboviria|Orthornavirae|Negarnaviricota|Polyploviricotina|Ellioviricetes|Bunyavirales||Hantaviridae|Mammantavirinae|Orthohantavirus|Orthohantavirus tigrayense
APU53641_Brno_virus,Hantaviridae,0,1,0,Riboviria,Orthornavirae,Negarnaviricota,Polyploviricotina,Ellioviricetes,Bunyavirales,,Hantaviridae,Mammantavirinae,Loanvirus,Loanvirus brunaense,,Negative_Bunya-Arena,Riboviria|Orthornavirae|Negarnaviricota|Polyploviricotina|Ellioviricetes|Bunyavirales||Hantaviridae|Mammantavirinae|Loanvirus|Loanvirus brunaense
Jawless_DHMMS25300_Wenling_hagfish_hantavirus_6734bp,Hantaviridae,0,1,0,Riboviria,Orthornavirae,Negarnaviricota,Polyploviricotina,Ellioviricetes,Bunyavirales,,Hantaviridae,,,,,Negative_Bunya-Arena,Riboviria|Orthornavirae|Negarnaviricota|Polyploviricotina|Ellioviricetes|Bunyavirales||Hantaviridae|||
Longquanvirus,Hantaviridae,0,1,0,Riboviria,Orthornavirae,Negarnaviricota,Polyploviricotina,Ellioviricetes,Bunyavirales,,Hantaviridae,Mammantavirinae,Loanvirus,Loanvirus longquanense,,Negative_Bunya-Arena,Riboviria|Orthornavirae|Negarnaviricota|Polyploviricotina|Ellioviricetes|Bunyavirales||Hantaviridae|Mammantavirinae|Loanvirus|Loanvirus longquanense
NP_604473_Andes_hantavirus,Hantaviridae,1,1,0,Riboviria,Orthornavirae,Negarnaviricota,Polyploviricotina,Ellioviricetes,Bunyavirales,,Hantaviridae,Mammantavirinae,Orthohantavirus,Orthohantavirus andesense,,Negative_Bunya-Arena,Riboviria|Orthornavirae|Negarnaviricota|Polyploviricotina|Ellioviricetes|Bunyavirales||Hantaviridae|Mammantavirinae|Orthohantavirus|Orthohantavirus andesense
NP_941976_Sin_Nombre_hantavirus,Hantaviridae,1,1,0,Riboviria,Orthornavirae,Negarnaviricota,Polyploviricotina,Ellioviricetes,Bunyavirales,,Hantaviridae,Mammantavirinae,Orthohantavirus,Orthohantavirus sinnombreense,,Negative_Bunya-Arena,Riboviria|Orthornavirae|Negarnaviricota|Polyploviricotina|Ellioviricetes|Bunyavirales||Hantaviridae|Mammantavirinae|Orthohantavirus|Orthohantavirus sinnombreense
NP_942124_Tula_hantavirus,Hantaviridae,1,1,0,Riboviria,Orthornavirae,Negarnaviricota,Polyploviricotina,Ellioviricetes,Bunyavirales,,Hantaviridae,Mammantavirinae,Orthohantavirus,Orthohantavirus tulaense,,Negative_Bunya-Arena,Riboviria|Orthornavirae|Negarnaviricota|Polyploviricotina|Ellioviricetes|Bunyavirales||Hantaviridae|Mammantavirinae|Orthohantavirus|Orthohantavirus tulaense
NP_942555_Dobrava-Belgrade_hantavirus,Hantaviridae,1,1,0,Riboviria,Orthornavirae,Negarnaviricota,Polyploviricotina,Ellioviricetes,Bunyavirales,,Hantaviridae,Mammantavirinae,Orthohantavirus,Orthohantavirus dobravaense,,Negative_Bunya-Arena,Riboviria|Orthornavirae|Negarnaviricota|Polyploviricotina|Ellioviricetes|Bunyavirales||Hantaviridae|Mammantavirinae|Orthohantavirus|Orthohantavirus dobravaense
NP_942558_Seoul_hantavirus,Hantaviridae,1,1,0,Riboviria,Orthornavirae,Negarnaviricota,Polyploviricotina,Ellioviricetes,Bunyavirales,,Hantaviridae,Mammantavirinae,Orthohantavirus,Orthohantavirus seoulense,,Negative_Bunya-Arena,Riboviria|Orthornavirae|Negarnaviricota|Polyploviricotina|Ellioviricetes|Bunyavirales||Hantaviridae|Mammantavirinae|Orthohantavirus|Orthohantavirus seoulense
Rayfin_XQTMS16810_Wenling_minipizza_batfish_hantavirus_5301bp,Hantaviridae,0,1,0,Riboviria,Orthornavirae,Negarnaviricota,Polyploviricotina,Ellioviricetes,Bunyavirales,,Hantaviridae,,,,,Negative_Bunya-Arena,Riboviria|Orthornavirae|Negarnaviricota|Polyploviricotina|Ellioviricetes|Bunyavirales||Hantaviridae|||
Rayfin_XQTMS34106_Wenling_yellow_goosefish_hantavirus_6403bp,Hantaviridae,0,1,0,Riboviria,Orthornavirae,Negarnaviricota,Polyploviricotina,Ellioviricetes,Bunyavirales,,Hantaviridae,,,,,Negative_Bunya-Arena,Riboviria|Orthornavirae|Negarnaviricota|Polyploviricotina|Ellioviricetes|Bunyavirales||Hantaviridae|||
Rayfin_XTXMS70955_Wenling_red_spikefish_hantavirus_6305bp,Hantaviridae,0,1,0,Riboviria,Orthornavirae,Negarnaviricota,Polyploviricotina,Ellioviricetes,Bunyavirales,,Hantaviridae,,,,,Negative_Bunya-Arena,Riboviria|Orthornavirae|Negarnaviricota|Polyploviricotina|Ellioviricetes|Bunyavirales||Hantaviridae|||
Reptile_LPXYF84819_Hainan_oriental_leaf-toed_gecko_hantavirus_6627bp,Hantaviridae,0,1,0,Riboviria,Orthornavirae,Negarnaviricota,Polyploviricotina,Ellioviricetes,Bunyavirales,,Hantaviridae,,,,,Negative_Bunya-Arena,Riboviria|Orthornavirae|Negarnaviricota|Polyploviricotina|Ellioviricetes|Bunyavirales||Hantaviridae|||
YP_001911124_Thottapalayam_hantavirus,Hantaviridae,1,1,0,Riboviria,Orthornavirae,Negarnaviricota,Polyploviricotina,Ellioviricetes,Bunyavirales,,Hantaviridae,Mammantavirinae,Thottimvirus,Thottimvirus thottapalayamense,,Negative_Bunya-Arena,Riboviria|Orthornavirae|Negarnaviricota|Polyploviricotina|Ellioviricetes|Bunyavirales||Hantaviridae|Mammantavirinae|Thottimvirus|Thottimvirus thottapalayamense
YP_138530_Hantavirus,Hantaviridae,1,1,0,Riboviria,Orthornavirae,Negarnaviricota,Polyploviricotina,Ellioviricetes,Bunyavirales,,Hantaviridae,Mammantavirinae,Orthohantavirus,,,Negative_Bunya-Arena,Riboviria|Orthornavirae|Negarnaviricota|Polyploviricotina|Ellioviricetes|Bunyavirales||Hantaviridae|Mammantavirinae|Orthohantavirus|
spider128550_Bunya-Arena_Xinzhou_Spider_Virus_KM817702,Nairoviridae,0,0,0,Riboviria,Orthornavirae,Negarnaviricota,Polyploviricotina,Ellioviricetes,Bunyavirales,,Nairoviridae,,Xinspivirus,Xinspivirus xinzhouense,,Negative_Bunya-Arena,Riboviria|Orthornavirae|Negarnaviricota|Polyploviricotina|Ellioviricetes|Bunyavirales||Nairoviridae||Xinspivirus|Xinspivirus xinzhouense
spider131603_Bunya-Arena_Shayang_Spider_Virus_1_KM817676,Nairoviridae,0,0,0,Riboviria,Orthornavirae,Negarnaviricota,Polyploviricotina,Ellioviricetes,Bunyavirales,,Nairoviridae,,Shaspivirus,Shaspivirus aranei,,Negative_Bunya-Arena,Riboviria|Orthornavirae|Negarnaviricota|Polyploviricotina|Ellioviricetes|Bunyavirales||Nairoviridae||Shaspivirus|Shaspivirus aranei
SXSSP2579_Bunya-Arena_Sanxia_Water_Strider_Virus_1_KM817674,Nairoviridae,0,0,0,Riboviria,Orthornavirae,Negarnaviricota,Polyploviricotina,Ellioviricetes,Bunyavirales,,Nairoviridae,,Striwavirus,Striwavirus sanxiaense,,Negative_Bunya-Arena,Riboviria|Orthornavirae|Negarnaviricota|Polyploviricotina|Ellioviricetes|Bunyavirales||Nairoviridae||Striwavirus|Striwavirus sanxiaense
DQ076419_Hazara_virus,Nairoviridae_Orthonairovirus,0,1,0,Riboviria,Orthornavirae,Negarnaviricota,Polyploviricotina,Ellioviricetes,Bunyavirales,,Nairoviridae,,Orthonairovirus,Orthonairovirus hazaraense,,Negative_Bunya-Arena,Riboviria|Orthornavirae|Negarnaviricota|Polyploviricotina|Ellioviricetes|Bunyavirales||Nairoviridae||Orthonairovirus|Orthonairovirus hazaraense
JF911697_Erve_virus,Nairoviridae_Orthonairovirus,1,1,0,Riboviria,Orthornavirae,Negarnaviricota,Polyploviricotina,Ellioviricetes,Bunyavirales,,Nairoviridae,,Orthonairovirus,Orthonairovirus erveense,,Negative_Bunya-Arena,Riboviria|Orthornavirae|Negarnaviricota|Polyploviricotina|Ellioviricetes|Bunyavirales||Nairoviridae||Orthonairovirus|Orthonairovirus erveense
NP_690576_Dugbe_virus,Nairoviridae_Orthonairovirus,1,1,0,Riboviria,Orthornavirae,Negarnaviricota,Polyploviricotina,Ellioviricetes,Bunyavirales,,Nairoviridae,,Orthonairovirus,Orthonairovirus dugbeense,,Negative_Bunya-Arena,Riboviria|Orthornavirae|Negarnaviricota|Polyploviricotina|Ellioviricetes|Bunyavirales||Nairoviridae||Orthonairovirus|Orthonairovirus dugbeense
tick108881_Bunya-Arena_Huangpi_Tick_Virus_1_KM817667,Nairoviridae_Orthonairovirus,0,0,0,Riboviria,Orthornavirae,Negarnaviricota,Polyploviricotina,Ellioviricetes,Bunyavirales,,Nairoviridae,,Orthonairovirus,Orthonairovirus huangpiense,,Negative_Bunya-Arena,Riboviria|Orthornavirae|Negarnaviricota|Polyploviricotina|Ellioviricetes|Bunyavirales||Nairoviridae||Orthonairovirus|Orthonairovirus huangpiense
tick109181_Bunya-Arena_Tacheng_Tick_Virus_1_KM817683,Nairoviridae_Orthonairovirus,0,0,0,Riboviria,Orthornavirae,Negarnaviricota,Polyploviricotina,Ellioviricetes,Bunyavirales,,Nairoviridae,,Orthonairovirus,Orthonairovirus tachengense,,Negative_Bunya-Arena,Riboviria|Orthornavirae|Negarnaviricota|Polyploviricotina|Ellioviricetes|Bunyavirales||Nairoviridae||Orthonairovirus|Orthonairovirus tachengense
tick109205_Bunya-Arena_Wenzhou_Tick_Virus_KM817685,Nairoviridae_Orthonairovirus,0,0,0,Riboviria,Orthornavirae,Negarnaviricota,Polyploviricotina,Ellioviricetes,Bunyavirales,,Nairoviridae,,Orthonairovirus,Orthonairovirus wenzhouense,,Negative_Bunya-Arena,Riboviria|Orthornavirae|Negarnaviricota|Polyploviricotina|Ellioviricetes|Bunyavirales||Nairoviridae||Orthonairovirus|Orthonairovirus wenzhouense
WAK75166.1_Nairoviridae_sp._Haemaphysalis_japonica_3962,Nairoviridae_Orthonairovirus,0,0,0,Riboviria,Orthornavirae,Negarnaviricota,Polyploviricotina,Ellioviricetes,Bunyavirales,,Nairoviridae,,Orthonairovirus,,,Negative_Bunya-Arena,Riboviria|Orthornavirae|Negarnaviricota|Polyploviricotina|Ellioviricetes|Bunyavirales||Nairoviridae||Orthonairovirus|
YP_009513191.1_Thiafora_orthonairovirus,Nairoviridae_Orthonairovirus,1,1,0,Riboviria,Orthornavirae,Negarnaviricota,Polyploviricotina,Ellioviricetes,Bunyavirales,,Nairoviridae,,Orthonairovirus,Orthonairovirus thiaforaense,,Negative_Bunya-Arena,Riboviria|Orthornavirae|Negarnaviricota|Polyploviricotina|Ellioviricetes|Bunyavirales||Nairoviridae||Orthonairovirus|Orthonairovirus thiaforaense
YP_325663_Crimean-Congo_hemorrhagic_fever_virus,Nairoviridae_Orthonairovirus,1,1,0,Riboviria,Orthornavirae,Negarnaviricota,Polyploviricotina,Ellioviricetes,Bunyavirales,,Nairoviridae,,Orthonairovirus,Orthonairovirus haemorrhagiae,,Negative_Bunya-Arena,Riboviria|Orthornavirae|Negarnaviricota|Polyploviricotina|Ellioviricetes|Bunyavirales||Nairoviridae||Orthonairovirus|Orthonairovirus haemorrhagiae
AGX32057_Tai_virus,Peribunyaviridae,0,1,0,Riboviria,Orthornavirae,Negarnaviricota,Polyploviricotina,Ellioviricetes,Bunyavirales,,Peribunyaviridae,,Herbevirus,Herbevirus taiense,,Negative_Bunya-Arena,Riboviria|Orthornavirae|Negarnaviricota|Polyploviricotina|Ellioviricetes|Bunyavirales||Peribunyaviridae||Herbevirus|Herbevirus taiense
AGX32058_Kibale_virus,Peribunyaviridae,0,1,0,Riboviria,Orthornavirae,Negarnaviricota,Polyploviricotina,Ellioviricetes,Bunyavirales,,Peribunyaviridae,,Herbevirus,Herbevirus kibaleense,,Negative_Bunya-Arena,Riboviria|Orthornavirae|Negarnaviricota|Polyploviricotina|Ellioviricetes|Bunyavirales||Peribunyaviridae||Herbevirus|Herbevirus kibaleense
AGX32061_Herbert_virus,Peribunyaviridae,0,1,0,Riboviria,Orthornavirae,Negarnaviricota,Polyploviricotina,Ellioviricetes,Bunyavirales,,Peribunyaviridae,,Herbevirus,Herbevirus herberti,,Negative_Bunya-Arena,Riboviria|Orthornavirae|Negarnaviricota|Polyploviricotina|Ellioviricetes|Bunyavirales||Peribunyaviridae||Herbevirus|Herbevirus herberti
AMR73391.1_Kowanyama_virus_Anopheles_amictus_2253,Peribunyaviridae,0,1,0,Riboviria,Orthornavirae,Negarnaviricota,Polyploviricotina,Ellioviricetes,Bunyavirales,,Peribunyaviridae,,Orthobunyavirus,Orthobunyavirus kowanyamaense,,Negative_Bunya-Arena,Riboviria|Orthornavirae|Negarnaviricota|Polyploviricotina|Ellioviricetes|Bunyavirales||Peribunyaviridae||Orthobunyavirus|Orthobunyavirus kowanyamaense
CC59661_Bunya-Arena_Wuhan_Louse_Fly_Virus_1_KM817663,Peribunyaviridae,0,1,0,Riboviria,Orthornavirae,Negarnaviricota,Polyploviricotina,Ellioviricetes,Bunyavirales,,Peribunyaviridae,,Orthobunyavirus,,,Negative_Bunya-Arena,Riboviria|Orthornavirae|Negarnaviricota|Polyploviricotina|Ellioviricetes|Bunyavirales||Peribunyaviridae||Orthobunyavirus|
insectZJ95907_Bunya-Arena_Shuangao_Insect_Virus_1_KM817679,Peribunyaviridae,0,0,0,Riboviria,Orthornavirae,Negarnaviricota,Polyploviricotina,Ellioviricetes,Bunyavirales,,Peribunyaviridae,,Shangavirus,Shangavirus shuangaoense,,Negative_Bunya-Arena,Riboviria|Orthornavirae|Negarnaviricota|Polyploviricotina|Ellioviricetes|Bunyavirales||Peribunyaviridae||Shangavirus|Shangavirus shuangaoense
KF981636_Khurdun_virus,Peribunyaviridae,0,1,0,Riboviria,Orthornavirae,Negarnaviricota,Polyploviricotina,Ellioviricetes,Bunyavirales,,Peribunyaviridae,,Khurdivirus,Khurdivirus volgaense,,Negative_Bunya-Arena,Riboviria|Orthornavirae|Negarnaviricota|Polyploviricotina|Ellioviricetes|Bunyavirales||Peribunyaviridae||Khurdivirus|Khurdivirus volgaense
NP_047211_Bunyamwera_virus,Peribunyaviridae,1,1,0,Riboviria,Orthornavirae,Negarnaviricota,Polyploviricotina,Ellioviricetes,Bunyavirales,,Peribunyaviridae,,Orthobunyavirus,Orthobunyavirus bunyamweraense,,Negative_Bunya-Arena,Riboviria|Orthornavirae|Negarnaviricota|Polyploviricotina|Ellioviricetes|Bunyavirales||Peribunyaviridae||Orthobunyavirus|Orthobunyavirus bunyamweraense
NP_671968_La_Crosse_virus,Peribunyaviridae,1,1,0,Riboviria,Orthornavirae,Negarnaviricota,Polyploviricotina,Ellioviricetes,Bunyavirales,,Peribunyaviridae,,Orthobunyavirus,Orthobunyavirus lacrosseense,,Negative_Bunya-Arena,Riboviria|Orthornavirae|Negarnaviricota|Polyploviricotina|Ellioviricetes|Bunyavirales||Peribunyaviridae||Orthobunyavirus|Orthobunyavirus lacrosseense
NP_982304_Oropouche_virus,Peribunyaviridae,1,1,0,Riboviria,Orthornavirae,Negarnaviricota,Polyploviricotina,Ellioviricetes,Bunyavirales,,Peribunyaviridae,,Orthobunyavirus,Orthobunyavirus oropoucheense,,Negative_Bunya-Arena,Riboviria|Orthornavirae|Negarnaviricota|Polyploviricotina|Ellioviricetes|Bunyavirales||Peribunyaviridae||Orthobunyavirus|Orthobunyavirus oropoucheense
YP_001497159_Akabane_virus,Peribunyaviridae,0,1,0,Riboviria,Orthornavirae,Negarnaviricota,Polyploviricotina,Ellioviricetes,Bunyavirales,,Peribunyaviridae,,Orthobunyavirus,Orthobunyavirus akabaneense,,Negative_Bunya-Arena,Riboviria|Orthornavirae|Negarnaviricota|Polyploviricotina|Ellioviricetes|Bunyavirales||Peribunyaviridae||Orthobunyavirus|Orthobunyavirus akabaneense
YP_006590076_Shamonda_virus,Peribunyaviridae,0,1,0,Riboviria,Orthornavirae,Negarnaviricota,Polyploviricotina,Ellioviricetes,Bunyavirales,,Peribunyaviridae,,Orthobunyavirus,Orthobunyavirus schmallenbergense,,Negative_Bunya-Arena,Riboviria|Orthornavirae|Negarnaviricota|Polyploviricotina|Ellioviricetes|Bunyavirales||Peribunyaviridae||Orthobunyavirus|Orthobunyavirus schmallenbergense
YP_006590079_Aino_virus,Peribunyaviridae,0,1,0,Riboviria,Orthornavirae,Negarnaviricota,Polyploviricotina,Ellioviricetes,Bunyavirales,,Peribunyaviridae,,Orthobunyavirus,Orthobunyavirus ainoense,,Negative_Bunya-Arena,Riboviria|Orthornavirae|Negarnaviricota|Polyploviricotina|Ellioviricetes|Bunyavirales||Peribunyaviridae||Orthobunyavirus|Orthobunyavirus ainoense
YP_006590082_Simbu_virus,Peribunyaviridae,0,1,0,Riboviria,Orthornavirae,Negarnaviricota,Polyploviricotina,Ellioviricetes,Bunyavirales,,Peribunyaviridae,,Orthobunyavirus,Orthobunyavirus simbuense,,Negative_Bunya-Arena,Riboviria|Orthornavirae|Negarnaviricota|Polyploviricotina|Ellioviricetes|Bunyavirales||Peribunyaviridae||Orthobunyavirus|Orthobunyavirus simbuense
YP_008400138_Brazoran_virus,Peribunyaviridae,0,1,0,Riboviria,Orthornavirae,Negarnaviricota,Polyploviricotina,Ellioviricetes,Bunyavirales,,Peribunyaviridae,,Orthobunyavirus,Orthobunyavirus brazoriaense,,Negative_Bunya-Arena,Riboviria|Orthornavirae|Negarnaviricota|Polyploviricotina|Ellioviricetes|Bunyavirales||Peribunyaviridae||Orthobunyavirus|Orthobunyavirus brazoriaense
YP_008709776_Murrumbidgee_virus,Peribunyaviridae,0,1,0,Riboviria,Orthornavirae,Negarnaviricota,Polyploviricotina,Ellioviricetes,Bunyavirales,,Peribunyaviridae,,Orthobunyavirus,,,Negative_Bunya-Arena,Riboviria|Orthornavirae|Negarnaviricota|Polyploviricotina|Ellioviricetes|Bunyavirales||Peribunyaviridae||Orthobunyavirus|
YP_009362043.1_Oriboca_virus,Peribunyaviridae,1,1,0,Riboviria,Orthornavirae,Negarnaviricota,Polyploviricotina,Ellioviricetes,Bunyavirales,,Peribunyaviridae,,Orthobunyavirus,Orthobunyavirus oribocaense,,Negative_Bunya-Arena,Riboviria|Orthornavirae|Negarnaviricota|Polyploviricotina|Ellioviricetes|Bunyavirales||Peribunyaviridae||Orthobunyavirus|Orthobunyavirus oribocaense
YP_009362049.1_Bwamba_orthobunyavirus,Peribunyaviridae,1,1,0,Riboviria,Orthornavirae,Negarnaviricota,Polyploviricotina,Ellioviricetes,Bunyavirales,,Peribunyaviridae,,Orthobunyavirus,Orthobunyavirus bwambaense,,Negative_Bunya-Arena,Riboviria|Orthornavirae|Negarnaviricota|Polyploviricotina|Ellioviricetes|Bunyavirales||Peribunyaviridae||Orthobunyavirus|Orthobunyavirus bwambaense
YP_009362061.1_Guaroa_virus,Peribunyaviridae,1,1,0,Riboviria,Orthornavirae,Negarnaviricota,Polyploviricotina,Ellioviricetes,Bunyavirales,,Peribunyaviridae,,Orthobunyavirus,Orthobunyavirus guaroaense,,Negative_Bunya-Arena,Riboviria|Orthornavirae|Negarnaviricota|Polyploviricotina|Ellioviricetes|Bunyavirales||Peribunyaviridae||Orthobunyavirus|Orthobunyavirus guaroaense
YP_009362063.1_Caraparu_virus,Peribunyaviridae,1,1,0,Riboviria,Orthornavirae,Negarnaviricota,Polyploviricotina,Ellioviricetes,Bunyavirales,,Peribunyaviridae,,Orthobunyavirus,Orthobunyavirus caraparuense,,Negative_Bunya-Arena,Riboviria|Orthornavirae|Negarnaviricota|Polyploviricotina|Ellioviricetes|Bunyavirales||Peribunyaviridae||Orthobunyavirus|Orthobunyavirus caraparuense
YP_009362066.1_Nyando_virus,Peribunyaviridae,1,0,0,Riboviria,Orthornavirae,Negarnaviricota,Polyploviricotina,Ellioviricetes,Bunyavirales,,Peribunyaviridae,,Orthobunyavirus,Orthobunyavirus nyandoense,,Negative_Bunya-Arena,Riboviria|Orthornavirae|Negarnaviricota|Polyploviricotina|Ellioviricetes|Bunyavirales||Peribunyaviridae||Orthobunyavirus|Orthobunyavirus nyandoense
YP_009362068.1_Marituba_virus,Peribunyaviridae,1,1,0,Riboviria,Orthornavirae,Negarnaviricota,Polyploviricotina,Ellioviricetes,Bunyavirales,,Peribunyaviridae,,Orthobunyavirus,Orthobunyavirus maritubaense,,Negative_Bunya-Arena,Riboviria|Orthornavirae|Negarnaviricota|Polyploviricotina|Ellioviricetes|Bunyavirales||Peribunyaviridae||Orthobunyavirus|Orthobunyavirus maritubaense
YP_009362071.1_Madrid_virus,Peribunyaviridae,1,1,0,Riboviria,Orthornavirae,Negarnaviricota,Polyploviricotina,Ellioviricetes,Bunyavirales,,Peribunyaviridae,,Orthobunyavirus,Orthobunyavirus madridense,,Negative_Bunya-Arena,Riboviria|Orthornavirae|Negarnaviricota|Polyploviricotina|Ellioviricetes|Bunyavirales||Peribunyaviridae||Orthobunyavirus|Orthobunyavirus madridense
YP_009507870.1_Catu_virus,Peribunyaviridae,1,1,0,Riboviria,Orthornavirae,Negarnaviricota,Polyploviricotina,Ellioviricetes,Bunyavirales,,Peribunyaviridae,,Orthobunyavirus,Orthobunyavirus catuense,,Negative_Bunya-Arena,Riboviria|Orthornavirae|Negarnaviricota|Polyploviricotina|Ellioviricetes|Bunyavirales||Peribunyaviridae||Orthobunyavirus|Orthobunyavirus catuense
YP_009507879.1_Guama_virus,Peribunyaviridae,1,1,0,Riboviria,Orthornavirae,Negarnaviricota,Polyploviricotina,Ellioviricetes,Bunyavirales,,Peribunyaviridae,,Orthobunyavirus,Orthobunyavirus guamaense,,Negative_Bunya-Arena,Riboviria|Orthornavirae|Negarnaviricota|Polyploviricotina|Ellioviricetes|Bunyavirales||Peribunyaviridae||Orthobunyavirus|Orthobunyavirus guamaense
YP_009507881.1_Kairi_virus,Peribunyaviridae,1,1,0,Riboviria,Orthornavirae,Negarnaviricota,Polyploviricotina,Ellioviricetes,Bunyavirales,,Peribunyaviridae,,Orthobunyavirus,Orthobunyavirus insulae,,Negative_Bunya-Arena,Riboviria|Orthornavirae|Negarnaviricota|Polyploviricotina|Ellioviricetes|Bunyavirales||Peribunyaviridae||Orthobunyavirus|Orthobunyavirus insulae
YP_009512925.1_Wyeomyia_orthobunyavirus,Peribunyaviridae,1,1,0,Riboviria,Orthornavirae,Negarnaviricota,Polyploviricotina,Ellioviricetes,Bunyavirales,,Peribunyaviridae,,Orthobunyavirus,Orthobunyavirus wyeomyiae,,Negative_Bunya-Arena,Riboviria|Orthornavirae|Negarnaviricota|Polyploviricotina|Ellioviricetes|Bunyavirales||Peribunyaviridae||Orthobunyavirus|Orthobunyavirus wyeomyiae
YP_009667044.1_Tacaiuma_orthobunyavirus_2240,Peribunyaviridae,1,1,0,Riboviria,Orthornavirae,Negarnaviricota,Polyploviricotina,Ellioviricetes,Bunyavirales,,Peribunyaviridae,,Orthobunyavirus,Orthobunyavirus tacaiumaense,,Negative_Bunya-Arena,Riboviria|Orthornavirae|Negarnaviricota|Polyploviricotina|Ellioviricetes|Bunyavirales||Peribunyaviridae||Orthobunyavirus|Orthobunyavirus tacaiumaense
YP_010085071.1_Tapirape_virus_2240,Peribunyaviridae,0,1,0,Riboviria,Orthornavirae,Negarnaviricota,Polyploviricotina,Ellioviricetes,Bunyavirales,,Peribunyaviridae,,Pacuvirus,Pacuvirus tapirapeense,,Negative_Bunya-Arena,Riboviria|Orthornavirae|Negarnaviricota|Polyploviricotina|Ellioviricetes|Bunyavirales||Peribunyaviridae||Pacuvirus|Pacuvirus tapirapeense
AKN56871_Jonchet_virus,Phasmaviridae,0,0,0,Riboviria,Orthornavirae,Negarnaviricota,Polyploviricotina,Ellioviricetes,Bunyavirales,,Phasmaviridae,,Jonvirus,Jonvirus eboris,,Negative_Bunya-Arena,Riboviria|Orthornavirae|Negarnaviricota|Polyploviricotina|Ellioviricetes|Bunyavirales||Phasmaviridae||Jonvirus|Jonvirus eboris
AKN56888_Ferak_virus,Phasmaviridae,0,0,0,Riboviria,Orthornavirae,Negarnaviricota,Polyploviricotina,Ellioviricetes,Bunyavirales,,Phasmaviridae,,Feravirus,Feravirus ferakinum,,Negative_Bunya-Arena,Riboviria|Orthornavirae|Negarnaviricota|Polyploviricotina|Ellioviricetes|Bunyavirales||Phasmaviridae||Feravirus|Feravirus ferakinum
insectZJ97888_Bunya-Arena_Shuangao_Insect_Virus_2_KM817680,Phasmaviridae,0,0,0,Riboviria,Orthornavirae,Negarnaviricota,Polyploviricotina,Ellioviricetes,Bunyavirales,,Phasmaviridae,,Inshuvirus,Insect inshuvirus,,Negative_Bunya-Arena,Riboviria|Orthornavirae|Negarnaviricota|Polyploviricotina|Ellioviricetes|Bunyavirales||Phasmaviridae||Inshuvirus|Insect inshuvirus
KJ434182_Kigluaik_phantom_virus,Phasmaviridae,0,0,0,Riboviria,Orthornavirae,Negarnaviricota,Polyploviricotina,Ellioviricetes,Bunyavirales,,Phasmaviridae,,Orthophasmavirus,Orthophasmavirus kigluaikense,,Negative_Bunya-Arena,Riboviria|Orthornavirae|Negarnaviricota|Polyploviricotina|Ellioviricetes|Bunyavirales||Phasmaviridae||Orthophasmavirus|Orthophasmavirus kigluaikense
mosHB136897_Bunya-Arena_Wuhan_mosquito_virus_1_KM817697,Phasmaviridae,0,0,0,Riboviria,Orthornavirae,Negarnaviricota,Polyploviricotina,Ellioviricetes,Bunyavirales,,Phasmaviridae,,Orthophasmavirus,Orthophasmavirus wuhanense,,Negative_Bunya-Arena,Riboviria|Orthornavirae|Negarnaviricota|Polyploviricotina|Ellioviricetes|Bunyavirales||Phasmaviridae||Orthophasmavirus|Orthophasmavirus wuhanense
mosHB136900_Bunya-Arena_Wuhan_Mosquito_Virus_2_KM817698,Phasmaviridae,0,0,0,Riboviria,Orthornavirae,Negarnaviricota,Polyploviricotina,Ellioviricetes,Bunyavirales,,Phasmaviridae,,Orthophasmavirus,Orthophasmavirus aedis,,Negative_Bunya-Arena,Riboviria|Orthornavirae|Negarnaviricota|Polyploviricotina|Ellioviricetes|Bunyavirales||Phasmaviridae||Orthophasmavirus|Orthophasmavirus aedis
QTM19232_Bunya-Arena_Hubei_odonate_virus_8_RdRp,Phasmaviridae,0,0,0,Riboviria,Orthornavirae,Negarnaviricota,Polyploviricotina,Ellioviricetes,Bunyavirales,,Phasmaviridae,,Orthophasmavirus,Orthophasmavirus odonatus,,Negative_Bunya-Arena,Riboviria|Orthornavirae|Negarnaviricota|Polyploviricotina|Ellioviricetes|Bunyavirales||Phasmaviridae||Orthophasmavirus|Orthophasmavirus odonatus
QTM27070_Bunya-Arena_Hubei_bunya-like_virus_10_RdRp,Phasmaviridae,0,0,0,Riboviria,Orthornavirae,Negarnaviricota,Polyploviricotina,Ellioviricetes,Bunyavirales,,Phasmaviridae,,,,,Negative_Bunya-Arena,Riboviria|Orthornavirae|Negarnaviricota|Polyploviricotina|Ellioviricetes|Bunyavirales||Phasmaviridae|||
QTM74767_Bunya-Arena_Hubei_odonate_virus_9_RdRp,Phasmaviridae,0,0,0,Riboviria,Orthornavirae,Negarnaviricota,Polyploviricotina,Ellioviricetes,Bunyavirales,,Phasmaviridae,,Orthophasmavirus,Orthophasmavirus hubeiense,,Negative_Bunya-Arena,Riboviria|Orthornavirae|Negarnaviricota|Polyploviricotina|Ellioviricetes|Bunyavirales||Phasmaviridae||Orthophasmavirus|Orthophasmavirus hubeiense
QTM75064_Bunya-Arena_Hubei_bunya-like_virus_9,Phasmaviridae,0,0,0,Riboviria,Orthornavirae,Negarnaviricota,Polyploviricotina,Ellioviricetes,Bunyavirales,,Phasmaviridae,,,,,Negative_Bunya-Arena,Riboviria|Orthornavirae|Negarnaviricota|Polyploviricotina|Ellioviricetes|Bunyavirales||Phasmaviridae|||
SCM173098_Bunya-Arena_Hubei_diptera_virus_7_RdRp,Phasmaviridae,0,0,0,Riboviria,Orthornavirae,Negarnaviricota,Polyploviricotina,Ellioviricetes,Bunyavirales,,Phasmaviridae,,,,,Negative_Bunya-Arena,Riboviria|Orthornavirae|Negarnaviricota|Polyploviricotina|Ellioviricetes|Bunyavirales||Phasmaviridae|||
SCM48138_Bunya-Arena_Hubei_bunya-like_virus_8_RdRp,Phasmaviridae,0,0,0,Riboviria,Orthornavirae,Negarnaviricota,Polyploviricotina,Ellioviricetes,Bunyavirales,,Phasmaviridae,,,,,Negative_Bunya-Arena,Riboviria|Orthornavirae|Negarnaviricota|Polyploviricotina|Ellioviricetes|Bunyavirales||Phasmaviridae|||
SCM95079_Bunya-Arena_Hubei_diptera_virus_6_RdRp,Phasmaviridae,0,0,0,Riboviria,Orthornavirae,Negarnaviricota,Polyploviricotina,Ellioviricetes,Bunyavirales,,Phasmaviridae,,,,,Negative_Bunya-Arena,Riboviria|Orthornavirae|Negarnaviricota|Polyploviricotina|Ellioviricetes|Bunyavirales||Phasmaviridae|||
SXSSP2428_Bunya-Arena_Sanxia_Water_Strider_Virus_2_KM817675,Phasmaviridae,0,0,0,Riboviria,Orthornavirae,Negarnaviricota,Polyploviricotina,Ellioviricetes,Bunyavirales,,Phasmaviridae,,Sawastrivirus,Sawastrivirus sanxiaense,,Negative_Bunya-Arena,Riboviria|Orthornavirae|Negarnaviricota|Polyploviricotina|Ellioviricetes|Bunyavirales||Phasmaviridae||Sawastrivirus|Sawastrivirus sanxiaense
UHK03329.1_Hangzhou_frankliniella_intonsa_phasmavirus_1_Frankliniella_intonsa_2376,Phasmaviridae,0,0,0,Riboviria,Orthornavirae,Negarnaviricota,Polyploviricotina,Ellioviricetes,Bunyavirales,,Phasmaviridae,,,,,Negative_Bunya-Arena,Riboviria|Orthornavirae|Negarnaviricota|Polyploviricotina|Ellioviricetes|Bunyavirales||Phasmaviridae|||
UHM27634.1_Fushun_phasmavirus_2_Laodelphax_striatellus_2159,Phasmaviridae,0,0,0,Riboviria,Orthornavirae,Negarnaviricota,Polyploviricotina,Ellioviricetes,Bunyavirales,,Phasmaviridae,,,,,Negative_Bunya-Arena,Riboviria|Orthornavirae|Negarnaviricota|Polyploviricotina|Ellioviricetes|Bunyavirales||Phasmaviridae|||
UHR49875.1_Fushun_phasmavirus_1_Sogatella_furcifera_2108,Phasmaviridae,0,0,0,Riboviria,Orthornavirae,Negarnaviricota,Polyploviricotina,Ellioviricetes,Bunyavirales,,Phasmaviridae,,,,,Negative_Bunya-Arena,Riboviria|Orthornavirae|Negarnaviricota|Polyploviricotina|Ellioviricetes|Bunyavirales||Phasmaviridae|||
WHCCII13250_Bunya-Arena_Wuhan_Insect_virus_2_KM817692,Phasmaviridae,0,0,0,Riboviria,Orthornavirae,Negarnaviricota,Polyploviricotina,Ellioviricetes,Bunyavirales,,Phasmaviridae,,Wuhivirus,Wuhivirus insecti,,Negative_Bunya-Arena,Riboviria|Orthornavirae|Negarnaviricota|Polyploviricotina|Ellioviricetes|Bunyavirales||Phasmaviridae||Wuhivirus|Wuhivirus insecti
ZL17268_Bunya-Arena_Wuchang_Cockroach_Virus_1_KM817688,Phasmaviridae,0,0,0,Riboviria,Orthornavirae,Negarnaviricota,Polyploviricotina,Ellioviricetes,Bunyavirales,,Phasmaviridae,,Orthophasmavirus,Orthophasmavirus wuchangense,,Negative_Bunya-Arena,Riboviria|Orthornavirae|Negarnaviricota|Polyploviricotina|Ellioviricetes|Bunyavirales||Phasmaviridae||Orthophasmavirus|Orthophasmavirus wuchangense
AEF56734_Soybean_cyst_nematode_associated_Uukuniemi_virus,Phenuiviridae,0,0,0,Riboviria,Orthornavirae,Negarnaviricota,Polyploviricotina,Ellioviricetes,Bunyavirales,,Phenuiviridae,,Phlebovirus,Uukuniemi phlebovirus,,Negative_Bunya-Arena,Riboviria|Orthornavirae|Negarnaviricota|Polyploviricotina|Ellioviricetes|Bunyavirales||Phenuiviridae||Phlebovirus|Uukuniemi phlebovirus
AEJ38175_Gouleako_virus,Phenuiviridae,0,0,0,Riboviria,Orthornavirae,Negarnaviricota,Polyploviricotina,Ellioviricetes,Bunyavirales,,Phenuiviridae,,Goukovirus,Goukovirus gouleakoense,,Negative_Bunya-Arena,Riboviria|Orthornavirae|Negarnaviricota|Polyploviricotina|Ellioviricetes|Bunyavirales||Phenuiviridae||Goukovirus|Goukovirus gouleakoense
AFH08732_Grand_Arbaud_virus,Phenuiviridae,0,0,0,Riboviria,Orthornavirae,Negarnaviricota,Polyploviricotina,Ellioviricetes,Bunyavirales,,Phenuiviridae,,Uukuvirus,Uukuvirus grandarbaudense,,Negative_Bunya-Arena,Riboviria|Orthornavirae|Negarnaviricota|Polyploviricotina|Ellioviricetes|Bunyavirales||Phenuiviridae||Uukuvirus|Uukuvirus grandarbaudense
AGW51765_uncultured_virus,Phenuiviridae,0,0,0,Riboviria,Orthornavirae,Negarnaviricota,Polyploviricotina,Ellioviricetes,Bunyavirales,,Phenuiviridae,,,,,Negative_Bunya-Arena,Riboviria|Orthornavirae|Negarnaviricota|Polyploviricotina|Ellioviricetes|Bunyavirales||Phenuiviridae|||
arthropodmix14045_Bunya-Arena_Hubei_insect_virus_1_RdRp,Phenuiviridae,0,0,0,Riboviria,Orthornavirae,Negarnaviricota,Polyploviricotina,Ellioviricetes,Bunyavirales,,Phenuiviridae,,,,,Negative_Bunya-Arena,Riboviria|Orthornavirae|Negarnaviricota|Polyploviricotina|Ellioviricetes|Bunyavirales||Phenuiviridae|||
BHTSS17606_Bunya-Arena_Beihai_bunya-like_virus_1_RdRp,Phenuiviridae,0,0,0,Riboviria,Orthornavirae,Negarnaviricota,Polyploviricotina,Ellioviricetes,Bunyavirales,,Phenuiviridae,,,,,Negative_Bunya-Arena,Riboviria|Orthornavirae|Negarnaviricota|Polyploviricotina|Ellioviricetes|Bunyavirales||Phenuiviridae|||
BHZC35426_Bunya-Arena_Beihai_bunya-like_virus_2_RdRp,Phenuiviridae,0,0,0,Riboviria,Orthornavirae,Negarnaviricota,Polyploviricotina,Ellioviricetes,Bunyavirales,,Phenuiviridae,,,,,Negative_Bunya-Arena,Riboviria|Orthornavirae|Negarnaviricota|Polyploviricotina|Ellioviricetes|Bunyavirales||Phenuiviridae|||
CC64393_Bunya-Arena_Wuhan_Louse_Fly_Virus_2_KM817694,Phenuiviridae,0,0,0,Riboviria,Orthornavirae,Negarnaviricota,Polyploviricotina,Ellioviricetes,Bunyavirales,,Phenuiviridae,,,,,Negative_Bunya-Arena,Riboviria|Orthornavirae|Negarnaviricota|Polyploviricotina|Ellioviricetes|Bunyavirales||Phenuiviridae|||
fly38845_Bunya-Arena_Wuhan_Fly_Virus_1_KM817689,Phenuiviridae,0,0,0,Riboviria,Orthornavirae,Negarnaviricota,Polyploviricotina,Ellioviricetes,Bunyavirales,,Phenuiviridae,,Phasivirus,Phasivirus wuhanense,,Negative_Bunya-Arena,Riboviria|Orthornavirae|Negarnaviricota|Polyploviricotina|Ellioviricetes|Bunyavirales||Phenuiviridae||Phasivirus|Phasivirus wuhanense
GAIX01000059_Pararge_aegeria,Phenuiviridae,0,0,0,Riboviria,Orthornavirae,Negarnaviricota,Polyploviricotina,Ellioviricetes,Bunyavirales,,Phenuiviridae,,,,,Negative_Bunya-Arena,Riboviria|Orthornavirae|Negarnaviricota|Polyploviricotina|Ellioviricetes|Bunyavirales||Phenuiviridae|||
GAQJ01008681_Ostrinia_furnacalis,Phenuiviridae,0,0,0,Riboviria,Orthornavirae,Negarnaviricota,Polyploviricotina,Ellioviricetes,Bunyavirales,,Phenuiviridae,,,,,Negative_Bunya-Arena,Riboviria|Orthornavirae|Negarnaviricota|Polyploviricotina|Ellioviricetes|Bunyavirales||Phenuiviridae|||
HBXXC56361_Bunya-Arena_Hubei_blood_fluke_virus_1_RdRp,Phenuiviridae,0,0,0,Riboviria,Orthornavirae,Negarnaviricota,Polyploviricotina,Ellioviricetes,Bunyavirales,,Phenuiviridae,,,,,Negative_Bunya-Arena,Riboviria|Orthornavirae|Negarnaviricota|Polyploviricotina|Ellioviricetes|Bunyavirales||Phenuiviridae|||
HBXXC60124_Bunya-Arena_Hubei_blood_fluke_virus_2_RdRp,Phenuiviridae,0,0,0,Riboviria,Orthornavirae,Negarnaviricota,Polyploviricotina,Ellioviricetes,Bunyavirales,,Phenuiviridae,,,,,Negative_Bunya-Arena,Riboviria|Orthornavirae|Negarnaviricota|Polyploviricotina|Ellioviricetes|Bunyavirales||Phenuiviridae|||
horsefly105120_Bunya-Arena_Wuhan_horsefly_Virus_KM817690_RdRp,Phenuiviridae,0,0,0,Riboviria,Orthornavirae,Negarnaviricota,Polyploviricotina,Ellioviricetes,Bunyavirales,,Phenuiviridae,,Horwuvirus,Horwuvirus wuhanense,,Negative_Bunya-Arena,Riboviria|Orthornavirae|Negarnaviricota|Polyploviricotina|Ellioviricetes|Bunyavirales||Phenuiviridae||Horwuvirus|Horwuvirus wuhanense
insectZJ98059_Bunya-Arena_Shuangao_Insect_Virus_3_KM817681,Phenuiviridae,0,0,0,Riboviria,Orthornavirae,Negarnaviricota,Polyploviricotina,Ellioviricetes,Bunyavirales,,Phenuiviridae,,,,,Negative_Bunya-Arena,Riboviria|Orthornavirae|Negarnaviricota|Polyploviricotina|Ellioviricetes|Bunyavirales||Phenuiviridae|||
JMYJCC72107_Bunya-Arena_Jingmen_ascaridia_virus_1,Phenuiviridae,0,0,0,Riboviria,Orthornavirae,Negarnaviricota,Polyploviricotina,Ellioviricetes,Bunyavirales,,Phenuiviridae,,,,,Negative_Bunya-Arena,Riboviria|Orthornavirae|Negarnaviricota|Polyploviricotina|Ellioviricetes|Bunyavirales||Phenuiviridae|||
KF543244_Cumuto_virus,Phenuiviridae,0,0,0,Riboviria,Orthornavirae,Negarnaviricota,Polyploviricotina,Ellioviricetes,Bunyavirales,,Phenuiviridae,,Goukovirus,Goukovirus cumutoense,,Negative_Bunya-Arena,Riboviria|Orthornavirae|Negarnaviricota|Polyploviricotina|Ellioviricetes|Bunyavirales||Phenuiviridae||Goukovirus|Goukovirus cumutoense
KM817668_Huangpi_Tick_Virus_2,Phenuiviridae,0,0,0,Riboviria,Orthornavirae,Negarnaviricota,Polyploviricotina,Ellioviricetes,Bunyavirales,,Phenuiviridae,,Uukuvirus,Uukuvirus huangpiense,,Negative_Bunya-Arena,Riboviria|Orthornavirae|Negarnaviricota|Polyploviricotina|Ellioviricetes|Bunyavirales||Phenuiviridae||Uukuvirus|Uukuvirus huangpiense
LCM141331_Bunya-Arena_Hubei_lepidoptera_virus_1_L,Phenuiviridae,0,0,0,Riboviria,Orthornavirae,Negarnaviricota,Polyploviricotina,Ellioviricetes,Bunyavirales,,Phenuiviridae,,Hudovirus,Hudovirus lepidopteris,,Negative_Bunya-Arena,Riboviria|Orthornavirae|Negarnaviricota|Polyploviricotina|Ellioviricetes|Bunyavirales||Phenuiviridae||Hudovirus|Hudovirus lepidopteris
liyanpi39952_Bunya-Arena_Bole_Tick_Virus_1_KM817664_Len6483,Phenuiviridae,0,0,0,Riboviria,Orthornavirae,Negarnaviricota,Polyploviricotina,Ellioviricetes,Bunyavirales,,Phenuiviridae,,Phlebovirus,,,Negative_Bunya-Arena,Riboviria|Orthornavirae|Negarnaviricota|Polyploviricotina|Ellioviricetes|Bunyavirales||Phenuiviridae||Phlebovirus|
mosHB136735_Bunya-Arena_Qingnian_Mosquito_Virus_KM817673,Phenuiviridae,0,0,0,Riboviria,Orthornavirae,Negarnaviricota,Polyploviricotina,Ellioviricetes,Bunyavirales,,Phenuiviridae,,,,,Negative_Bunya-Arena,Riboviria|Orthornavirae|Negarnaviricota|Polyploviricotina|Ellioviricetes|Bunyavirales||Phenuiviridae|||
mosHB136809_Bunya-Arena_Wutai_Mosquito_Virus_KM817700,Phenuiviridae,0,0,0,Riboviria,Orthornavirae,Negarnaviricota,Polyploviricotina,Ellioviricetes,Bunyavirales,,Phenuiviridae,,Phasivirus,Phasivirus wutaiense,,Negative_Bunya-Arena,Riboviria|Orthornavirae|Negarnaviricota|Polyploviricotina|Ellioviricetes|Bunyavirales||Phenuiviridae||Phasivirus|Phasivirus wutaiense
mosHB136868_Bunya-Arena_Xinzhou_Mosquito_Virus_KM817701,Phenuiviridae,0,0,0,Riboviria,Orthornavirae,Negarnaviricota,Polyploviricotina,Ellioviricetes,Bunyavirales,,Phenuiviridae,,,,,Negative_Bunya-Arena,Riboviria|Orthornavirae|Negarnaviricota|Polyploviricotina|Ellioviricetes|Bunyavirales||Phenuiviridae|||
mosZJ35514_Bunya-Arena_Zhee_mosquito_virus_KM817705,Phenuiviridae,0,0,0,Riboviria,Orthornavirae,Negarnaviricota,Polyploviricotina,Ellioviricetes,Bunyavirales,,Phenuiviridae,,,,,Negative_Bunya-Arena,Riboviria|Orthornavirae|Negarnaviricota|Polyploviricotina|Ellioviricetes|Bunyavirales||Phenuiviridae|||
NP_058528_Rice_grassy_stunt_virus,Phenuiviridae,0,0,1,Riboviria,Orthornavirae,Negarnaviricota,Polyploviricotina,Ellioviricetes,Bunyavirales,,Phenuiviridae,,Tenuivirus,Tenuivirus oryzabrevis,,Negative_Bunya-Arena,Riboviria|Orthornavirae|Negarnaviricota|Polyploviricotina|Ellioviricetes|Bunyavirales||Phenuiviridae||Tenuivirus|Tenuivirus oryzabrevis
NP_620522_Rice_stripe_virus,Phenuiviridae,0,0,1,Riboviria,Orthornavirae,Negarnaviricota,Polyploviricotina,Ellioviricetes,Bunyavirales,,Phenuiviridae,,Tenuivirus,Tenuivirus oryzaclavatae,,Negative_Bunya-Arena,Riboviria|Orthornavirae|Negarnaviricota|Polyploviricotina|Ellioviricetes|Bunyavirales||Phenuiviridae||Tenuivirus|Tenuivirus oryzaclavatae
NP_941973_Uukuniemi_virus,Phenuiviridae,0,0,0,Riboviria,Orthornavirae,Negarnaviricota,Polyploviricotina,Ellioviricetes,Bunyavirales,,Phenuiviridae,,Uukuvirus,Uukuvirus uukuniemiense,,Negative_Bunya-Arena,Riboviria|Orthornavirae|Negarnaviricota|Polyploviricotina|Ellioviricetes|Bunyavirales||Phenuiviridae||Uukuvirus|Uukuvirus uukuniemiense
QTM25853_Bunya-Arena_Hubei_bunya-like_virus_3_RdRp,Phenuiviridae,0,0,0,Riboviria,Orthornavirae,Negarnaviricota,Polyploviricotina,Ellioviricetes,Bunyavirales,,Phenuiviridae,,,,,Negative_Bunya-Arena,Riboviria|Orthornavirae|Negarnaviricota|Polyploviricotina|Ellioviricetes|Bunyavirales||Phenuiviridae|||
QTM26385_Bunya-Arena_Hubei_bunya-like_virus_2_RdRp,Phenuiviridae,0,0,0,Riboviria,Orthornavirae,Negarnaviricota,Polyploviricotina,Ellioviricetes,Bunyavirales,,Phenuiviridae,,,,,Negative_Bunya-Arena,Riboviria|Orthornavirae|Negarnaviricota|Polyploviricotina|Ellioviricetes|Bunyavirales||Phenuiviridae|||
QTM27285_Bunya-Arena_Hubei_bunya-like_virus_13_RdRp,Phenuiviridae,0,0,0,Riboviria,Orthornavirae,Negarnaviricota,Polyploviricotina,Ellioviricetes,Bunyavirales,,Phenuiviridae,,,,,Negative_Bunya-Arena,Riboviria|Orthornavirae|Negarnaviricota|Polyploviricotina|Ellioviricetes|Bunyavirales||Phenuiviridae|||
SCM17647_Bunya-Arena_Hubei_diptera_virus_3_RdRp,Phenuiviridae,0,0,0,Riboviria,Orthornavirae,Negarnaviricota,Polyploviricotina,Ellioviricetes,Bunyavirales,,Phenuiviridae,,,,,Negative_Bunya-Arena,Riboviria|Orthornavirae|Negarnaviricota|Polyploviricotina|Ellioviricetes|Bunyavirales||Phenuiviridae|||
SCM245062_Bunya-Arena_Hubei_diptera_virus_5_RdRp,Phenuiviridae,0,0,0,Riboviria,Orthornavirae,Negarnaviricota,Polyploviricotina,Ellioviricetes,Bunyavirales,,Phenuiviridae,,,,,Negative_Bunya-Arena,Riboviria|Orthornavirae|Negarnaviricota|Polyploviricotina|Ellioviricetes|Bunyavirales||Phenuiviridae|||
SCM51446_Bunya-Arena_Hubei_bunya-like_virus_1,Phenuiviridae,0,0,0,Riboviria,Orthornavirae,Negarnaviricota,Polyploviricotina,Ellioviricetes,Bunyavirales,,Phenuiviridae,,,,,Negative_Bunya-Arena,Riboviria|Orthornavirae|Negarnaviricota|Polyploviricotina|Ellioviricetes|Bunyavirales||Phenuiviridae|||
SCM94992_Bunya-Arena_Hubei_diptera_virus_4_RdRp,Phenuiviridae,0,0,0,Riboviria,Orthornavirae,Negarnaviricota,Polyploviricotina,Ellioviricetes,Bunyavirales,,Phenuiviridae,,,,,Negative_Bunya-Arena,Riboviria|Orthornavirae|Negarnaviricota|Polyploviricotina|Ellioviricetes|Bunyavirales||Phenuiviridae|||
shrimp6191_Bunya-Arena_Whenzhou_Shrimp_Virus_1_KM817686,Phenuiviridae,0,0,0,Riboviria,Orthornavirae,Negarnaviricota,Polyploviricotina,Ellioviricetes,Bunyavirales,,Phenuiviridae,,Wenrivirus,Wenrivirus penaei,,Negative_Bunya-Arena,Riboviria|Orthornavirae|Negarnaviricota|Polyploviricotina|Ellioviricetes|Bunyavirales||Phenuiviridae||Wenrivirus|Wenrivirus penaei
SHWC01c3680_Bunya-Arena_Shahe_heteroptera_virus_3_RdRp,Phenuiviridae,0,0,0,Riboviria,Orthornavirae,Negarnaviricota,Polyploviricotina,Ellioviricetes,Bunyavirales,,Phenuiviridae,,,,,Negative_Bunya-Arena,Riboviria|Orthornavirae|Negarnaviricota|Polyploviricotina|Ellioviricetes|Bunyavirales||Phenuiviridae|||
SYJFC48558_Bunya-Arena_Shayang_bunya-like_virus_1,Phenuiviridae,0,0,0,Riboviria,Orthornavirae,Negarnaviricota,Polyploviricotina,Ellioviricetes,Bunyavirales,,Phenuiviridae,,,,,Negative_Bunya-Arena,Riboviria|Orthornavirae|Negarnaviricota|Polyploviricotina|Ellioviricetes|Bunyavirales||Phenuiviridae|||
tick105694_Bunya-Arena_Yongjia_Tick_Virus_1_KM817704,Phenuiviridae,0,0,0,Riboviria,Orthornavirae,Negarnaviricota,Polyploviricotina,Ellioviricetes,Bunyavirales,,Phenuiviridae,,Uukuvirus,Uukuvirus yongjiaense,,Negative_Bunya-Arena,Riboviria|Orthornavirae|Negarnaviricota|Polyploviricotina|Ellioviricetes|Bunyavirales||Phenuiviridae||Uukuvirus|Uukuvirus yongjiaense
tick108443_Bunya-Arena_Changping_Tick_Virus_1_KM817665,Phenuiviridae,0,0,0,Riboviria,Orthornavirae,Negarnaviricota,Polyploviricotina,Ellioviricetes,Bunyavirales,,Phenuiviridae,,Phlebovirus,,,Negative_Bunya-Arena,Riboviria|Orthornavirae|Negarnaviricota|Polyploviricotina|Ellioviricetes|Bunyavirales||Phenuiviridae||Phlebovirus|
tick108810_Bunya-Arena_Lihan_Tick_Virus_KM817672,Phenuiviridae,0,0,0,Riboviria,Orthornavirae,Negarnaviricota,Polyploviricotina,Ellioviricetes,Bunyavirales,,Phenuiviridae,,Uukuvirus,Uukuvirus lihanense,,Negative_Bunya-Arena,Riboviria|Orthornavirae|Negarnaviricota|Polyploviricotina|Ellioviricetes|Bunyavirales||Phenuiviridae||Uukuvirus|Uukuvirus lihanense
tick109093_Bunya-Arena_Tacheng_Tick_Virus_2_KM817684,Phenuiviridae,0,0,0,Riboviria,Orthornavirae,Negarnaviricota,Polyploviricotina,Ellioviricetes,Bunyavirales,,Phenuiviridae,,Uukuvirus,Uukuvirus tachengense,,Negative_Bunya-Arena,Riboviria|Orthornavirae|Negarnaviricota|Polyploviricotina|Ellioviricetes|Bunyavirales||Phenuiviridae||Uukuvirus|Uukuvirus tachengense
tick99771_Bunya-Arena_Dabieshan_Tick_Virus_KM817666,Phenuiviridae,0,0,0,Riboviria,Orthornavirae,Negarnaviricota,Polyploviricotina,Ellioviricetes,Bunyavirales,,Phenuiviridae,,Uukuvirus,Uukuvirus dabieshanense,,Negative_Bunya-Arena,Riboviria|Orthornavirae|Negarnaviricota|Polyploviricotina|Ellioviricetes|Bunyavirales||Phenuiviridae||Uukuvirus|Uukuvirus dabieshanense
WCB86502.1_Brown_dog_tick_phlebovirus_2_Ixodoidea_2150,Phenuiviridae,0,0,0,Riboviria,Orthornavirae,Negarnaviricota,Polyploviricotina,Ellioviricetes,Bunyavirales,,Phenuiviridae,,Phlebovirus,,,Negative_Bunya-Arena,Riboviria|Orthornavirae|Negarnaviricota|Polyploviricotina|Ellioviricetes|Bunyavirales||Phenuiviridae||Phlebovirus|
WHCC118143_Bunya-Arena_Wuhan_Insect_virus_1_KM817691,Phenuiviridae,0,0,0,Riboviria,Orthornavirae,Negarnaviricota,Polyploviricotina,Ellioviricetes,Bunyavirales,,Phenuiviridae,,,,,Negative_Bunya-Arena,Riboviria|Orthornavirae|Negarnaviricota|Polyploviricotina|Ellioviricetes|Bunyavirales||Phenuiviridae|||
WHCC118219_Bunya-Arena_Wuhan_insect_virus_32_KM817695,Phenuiviridae,0,0,0,Riboviria,Orthornavirae,Negarnaviricota,Polyploviricotina,Ellioviricetes,Bunyavirales,,Phenuiviridae,,,,,Negative_Bunya-Arena,Riboviria|Orthornavirae|Negarnaviricota|Polyploviricotina|Ellioviricetes|Bunyavirales||Phenuiviridae|||
WHCCII12630_Bunya-Arena_Yichang_Insect_virus_KM817703,Phenuiviridae,0,0,0,Riboviria,Orthornavirae,Negarnaviricota,Polyploviricotina,Ellioviricetes,Bunyavirales,,Phenuiviridae,,Goukovirus,Goukovirus yichangense,,Negative_Bunya-Arena,Riboviria|Orthornavirae|Negarnaviricota|Polyploviricotina|Ellioviricetes|Bunyavirales||Phenuiviridae||Goukovirus|Goukovirus yichangense
WHZM9931_Bunya-Arena_Wuhan_insect_virus_16_RdRp,Phenuiviridae,0,0,0,Riboviria,Orthornavirae,Negarnaviricota,Polyploviricotina,Ellioviricetes,Bunyavirales,,Phenuiviridae,,,,,Negative_Bunya-Arena,Riboviria|Orthornavirae|Negarnaviricota|Polyploviricotina|Ellioviricetes|Bunyavirales||Phenuiviridae|||
WLJQ104070_Bunya-Arena_Wenling_crustacean_virus_7_RdRp,Phenuiviridae,0,0,0,Riboviria,Orthornavirae,Negarnaviricota,Polyploviricotina,Ellioviricetes,Bunyavirales,,Phenuiviridae,,,,,Negative_Bunya-Arena,Riboviria|Orthornavirae|Negarnaviricota|Polyploviricotina|Ellioviricetes|Bunyavirales||Phenuiviridae|||
XZSJSC18544_Bunya-Arena_Xinzhou_bunya-like_virus_1,Phenuiviridae,0,0,0,Riboviria,Orthornavirae,Negarnaviricota,Polyploviricotina,Ellioviricetes,Bunyavirales,,Phenuiviridae,,,,,Negative_Bunya-Arena,Riboviria|Orthornavirae|Negarnaviricota|Polyploviricotina|Ellioviricetes|Bunyavirales||Phenuiviridae|||
XZSJSC64965_Bunya-Arena_Xinzhou_bunya-like_virus_2,Phenuiviridae,0,0,0,Riboviria,Orthornavirae,Negarnaviricota,Polyploviricotina,Ellioviricetes,Bunyavirales,,Phenuiviridae,,,,,Negative_Bunya-Arena,Riboviria|Orthornavirae|Negarnaviricota|Polyploviricotina|Ellioviricetes|Bunyavirales||Phenuiviridae|||
YP_010086155.1_Rukutama_virus_2102,Phenuiviridae,0,0,0,Riboviria,Orthornavirae,Negarnaviricota,Polyploviricotina,Ellioviricetes,Bunyavirales,,Phenuiviridae,,Uukuvirus,Uukuvirus rukutamaense,,Negative_Bunya-Arena,Riboviria|Orthornavirae|Negarnaviricota|Polyploviricotina|Ellioviricetes|Bunyavirales||Phenuiviridae||Uukuvirus|Uukuvirus rukutamaense
YP_010086238.1_Blacklegged_tick_phlebovirus_3_2199,Phenuiviridae,0,0,0,Riboviria,Orthornavirae,Negarnaviricota,Polyploviricotina,Ellioviricetes,Bunyavirales,,Phenuiviridae,,Ixovirus,Ixovirus ixodis,,Negative_Bunya-Arena,Riboviria|Orthornavirae|Negarnaviricota|Polyploviricotina|Ellioviricetes|Bunyavirales||Phenuiviridae||Ixovirus|Ixovirus ixodis
AFH88999_Saint_Floris_virus,Phenuiviridae_Phlebovirus,0,1,0,Riboviria,Orthornavirae,Negarnaviricota,Polyploviricotina,Ellioviricetes,Bunyavirales,,Phenuiviridae,,Phlebovirus,Phlebovirus florisense,,Negative_Bunya-Arena,Riboviria|Orthornavirae|Negarnaviricota|Polyploviricotina|Ellioviricetes|Bunyavirales||Phenuiviridae||Phlebovirus|Phlebovirus florisense
QNJ99604.1_Bogoria_virus_Phlebotominae_2092,Phenuiviridae_Phlebovirus,0,1,0,Riboviria,Orthornavirae,Negarnaviricota,Polyploviricotina,Ellioviricetes,Bunyavirales,,Phenuiviridae,,Phlebovirus,Phlebovirus bogoriaense,,Negative_Bunya-Arena,Riboviria|Orthornavirae|Negarnaviricota|Polyploviricotina|Ellioviricetes|Bunyavirales||Phenuiviridae||Phlebovirus|Phlebovirus bogoriaense
YP_003848704_Rift_Valley_fever_virus,Phenuiviridae_Phlebovirus,1,1,0,Riboviria,Orthornavirae,Negarnaviricota,Polyploviricotina,Ellioviricetes,Bunyavirales,,Phenuiviridae,,Phlebovirus,Phlebovirus riftense,,Negative_Bunya-Arena,Riboviria|Orthornavirae|Negarnaviricota|Polyploviricotina|Ellioviricetes|Bunyavirales||Phenuiviridae||Phlebovirus|Phlebovirus riftense
YP_004347993_Candiru_virus,Phenuiviridae_Phlebovirus,1,0,0,Riboviria,Orthornavirae,Negarnaviricota,Polyploviricotina,Ellioviricetes,Bunyavirales,,Phenuiviridae,,Phlebovirus,Phlebovirus candiruense,,Negative_Bunya-Arena,Riboviria|Orthornavirae|Negarnaviricota|Polyploviricotina|Ellioviricetes|Bunyavirales||Phenuiviridae||Phlebovirus|Phlebovirus candiruense
YP_004382743_Sandfly_fever_Turkey_virus,Phenuiviridae_Phlebovirus,1,0,0,Riboviria,Orthornavirae,Negarnaviricota,Polyploviricotina,Ellioviricetes,Bunyavirales,,Phenuiviridae,,Phlebovirus,Phlebovirus napoliense,,Negative_Bunya-Arena,Riboviria|Orthornavirae|Negarnaviricota|Polyploviricotina|Ellioviricetes|Bunyavirales||Phenuiviridae||Phlebovirus|Phlebovirus napoliense
YP_004414703_Aguacate_virus,Phenuiviridae_Phlebovirus,0,1,0,Riboviria,Orthornavirae,Negarnaviricota,Polyploviricotina,Ellioviricetes,Bunyavirales,,Phenuiviridae,,Phlebovirus,Phlebovirus aguacateense,,Negative_Bunya-Arena,Riboviria|Orthornavirae|Negarnaviricota|Polyploviricotina|Ellioviricetes|Bunyavirales||Phenuiviridae||Phlebovirus|Phlebovirus aguacateense
YP_006504091_SFTS_virus,Phenuiviridae_Bandavirus,1,1,0,Riboviria,Orthornavirae,Negarnaviricota,Polyploviricotina,Ellioviricetes,Bunyavirales,,Phenuiviridae,,Bandavirus,Bandavirus dabieense,,Negative_Bunya-Arena,Riboviria|Orthornavirae|Negarnaviricota|Polyploviricotina|Ellioviricetes|Bunyavirales||Phenuiviridae||Bandavirus|Bandavirus dabieense
YP_008003507_Lone_Star_virus,Phenuiviridae_Bandavirus,1,1,0,Riboviria,Orthornavirae,Negarnaviricota,Polyploviricotina,Ellioviricetes,Bunyavirales,,Phenuiviridae,,Bandavirus,Bandavirus amblyommae,,Negative_Bunya-Arena,Riboviria|Orthornavirae|Negarnaviricota|Polyploviricotina|Ellioviricetes|Bunyavirales||Phenuiviridae||Bandavirus|Bandavirus amblyommae
YP_008719916_Razdan_virus,Phenuiviridae_Bandavirus,0,1,0,Riboviria,Orthornavirae,Negarnaviricota,Polyploviricotina,Ellioviricetes,Bunyavirales,,Phenuiviridae,,Bandavirus,Bandavirus razdanense,,Negative_Bunya-Arena,Riboviria|Orthornavirae|Negarnaviricota|Polyploviricotina|Ellioviricetes|Bunyavirales||Phenuiviridae||Bandavirus|Bandavirus razdanense
YP_009512941.1_Punta_Toro_virus,Phenuiviridae_Phlebovirus,1,0,0,Riboviria,Orthornavirae,Negarnaviricota,Polyploviricotina,Ellioviricetes,Bunyavirales,,Phenuiviridae,,Phlebovirus,Phlebovirus toroense,,Negative_Bunya-Arena,Riboviria|Orthornavirae|Negarnaviricota|Polyploviricotina|Ellioviricetes|Bunyavirales||Phenuiviridae||Phlebovirus|Phlebovirus toroense
YP_010086091.1_Gabek_Forest_virus_2102,Phenuiviridae_Phlebovirus,0,1,0,Riboviria,Orthornavirae,Negarnaviricota,Polyploviricotina,Ellioviricetes,Bunyavirales,,Phenuiviridae,,Phlebovirus,Phlebovirus gabekense,,Negative_Bunya-Arena,Riboviria|Orthornavirae|Negarnaviricota|Polyploviricotina|Ellioviricetes|Bunyavirales||Phenuiviridae||Phlebovirus|Phlebovirus gabekense
YP_010086105.1_Alenquer_virus_2088,Phenuiviridae_Phlebovirus,1,0,0,Riboviria,Orthornavirae,Negarnaviricota,Polyploviricotina,Ellioviricetes,Bunyavirales,,Phenuiviridae,,Phlebovirus,Phlebovirus alenquerense,,Negative_Bunya-Arena,Riboviria|Orthornavirae|Negarnaviricota|Polyploviricotina|Ellioviricetes|Bunyavirales||Phenuiviridae||Phlebovirus|Phlebovirus alenquerense
YP_010086117.1_Echarate_virus_2089,Phenuiviridae_Phlebovirus,1,0,0,Riboviria,Orthornavirae,Negarnaviricota,Polyploviricotina,Ellioviricetes,Bunyavirales,,Phenuiviridae,,Phlebovirus,Phlebovirus echarateense,,Negative_Bunya-Arena,Riboviria|Orthornavirae|Negarnaviricota|Polyploviricotina|Ellioviricetes|Bunyavirales||Phenuiviridae||Phlebovirus|Phlebovirus echarateense
YP_010086182.1_Buenaventura_virus_2087,Phenuiviridae_Phlebovirus,0,1,0,Riboviria,Orthornavirae,Negarnaviricota,Polyploviricotina,Ellioviricetes,Bunyavirales,,Phenuiviridae,,Phlebovirus,Phlebovirus buenaventuraense,,Negative_Bunya-Arena,Riboviria|Orthornavirae|Negarnaviricota|Polyploviricotina|Ellioviricetes|Bunyavirales||Phenuiviridae||Phlebovirus|Phlebovirus buenaventuraense
YP_010086191.1_La_Gloria_virus_2096,Phenuiviridae_Phlebovirus,0,1,0,Riboviria,Orthornavirae,Negarnaviricota,Polyploviricotina,Ellioviricetes,Bunyavirales,,Phenuiviridae,,Phlebovirus,Phlebovirus gloriaense,,Negative_Bunya-Arena,Riboviria|Orthornavirae|Negarnaviricota|Polyploviricotina|Ellioviricetes|Bunyavirales||Phenuiviridae||Phlebovirus|Phlebovirus gloriaense
YP_010086195.1_Mona_Grita_virus_2083,Phenuiviridae_Phlebovirus,0,1,0,Riboviria,Orthornavirae,Negarnaviricota,Polyploviricotina,Ellioviricetes,Bunyavirales,,Phenuiviridae,,Phlebovirus,Phlebovirus monagritaense,,Negative_Bunya-Arena,Riboviria|Orthornavirae|Negarnaviricota|Polyploviricotina|Ellioviricetes|Bunyavirales||Phenuiviridae||Phlebovirus|Phlebovirus monagritaense
YP_010086223.1_Icoaraci_virus_2084,Phenuiviridae_Phlebovirus,0,1,0,Riboviria,Orthornavirae,Negarnaviricota,Polyploviricotina,Ellioviricetes,Bunyavirales,,Phenuiviridae,,Phlebovirus,Phlebovirus icoaraciense,,Negative_Bunya-Arena,Riboviria|Orthornavirae|Negarnaviricota|Polyploviricotina|Ellioviricetes|Bunyavirales||Phenuiviridae||Phlebovirus|Phlebovirus icoaraciense
YP_089669_Sandfly_fever_Naples_virus,Phenuiviridae_Phlebovirus,1,1,0,Riboviria,Orthornavirae,Negarnaviricota,Polyploviricotina,Ellioviricetes,Bunyavirales,,Phenuiviridae,,Phlebovirus,Phlebovirus napoliense,,Negative_Bunya-Arena,Riboviria|Orthornavirae|Negarnaviricota|Polyploviricotina|Ellioviricetes|Bunyavirales||Phenuiviridae||Phlebovirus|Phlebovirus napoliense
NP_049362_Tomato_spotted_wilt_virus,Tospoviridae,0,0,1,Riboviria,Orthornavirae,Negarnaviricota,Polyploviricotina,Ellioviricetes,Bunyavirales,,Tospoviridae,,Orthotospovirus,Orthotospovirus tomatomaculae,,Negative_Bunya-Arena,Riboviria|Orthornavirae|Negarnaviricota|Polyploviricotina|Ellioviricetes|Bunyavirales||Tospoviridae||Orthotospovirus|Orthotospovirus tomatomaculae
NP_619688_Groundnut_bud_necrosis_virus,Tospoviridae,0,0,1,Riboviria,Orthornavirae,Negarnaviricota,Polyploviricotina,Ellioviricetes,Bunyavirales,,Tospoviridae,,Orthotospovirus,Orthotospovirus arachinecrosis,,Negative_Bunya-Arena,Riboviria|Orthornavirae|Negarnaviricota|Polyploviricotina|Ellioviricetes|Bunyavirales||Tospoviridae||Orthotospovirus|Orthotospovirus arachinecrosis
NP_619710_Impatiens_necrotic_spot_virus,Tospoviridae,0,0,1,Riboviria,Orthornavirae,Negarnaviricota,Polyploviricotina,Ellioviricetes,Bunyavirales,,Tospoviridae,,Orthotospovirus,Orthotospovirus impatiensnecromaculae,,Negative_Bunya-Arena,Riboviria|Orthornavirae|Negarnaviricota|Polyploviricotina|Ellioviricetes|Bunyavirales||Tospoviridae||Orthotospovirus|Orthotospovirus impatiensnecromaculae
NP_620752_Watermelon_silver_mottle_virus,Tospoviridae,0,0,1,Riboviria,Orthornavirae,Negarnaviricota,Polyploviricotina,Ellioviricetes,Bunyavirales,,Tospoviridae,,Orthotospovirus,Orthotospovirus citrullomaculosi,,Negative_Bunya-Arena,Riboviria|Orthornavirae|Negarnaviricota|Polyploviricotina|Ellioviricetes|Bunyavirales||Tospoviridae||Orthotospovirus|Orthotospovirus citrullomaculosi
YP_001740047_Tomato_zonate_spot_virus,Tospoviridae,0,0,1,Riboviria,Orthornavirae,Negarnaviricota,Polyploviricotina,Ellioviricetes,Bunyavirales,,Tospoviridae,,Orthotospovirus,Orthotospovirus tomatozonae,,Negative_Bunya-Arena,Riboviria|Orthornavirae|Negarnaviricota|Polyploviricotina|Ellioviricetes|Bunyavirales||Tospoviridae||Orthotospovirus|Orthotospovirus tomatozonae
YP_006468898_Bean_necrotic_mosaic_virus,Tospoviridae,0,0,1,Riboviria,Orthornavirae,Negarnaviricota,Polyploviricotina,Ellioviricetes,Bunyavirales,,Tospoviridae,,Orthotospovirus,Orthotospovirus phaseolinecrotessellati,,Negative_Bunya-Arena,Riboviria|Orthornavirae|Negarnaviricota|Polyploviricotina|Ellioviricetes|Bunyavirales||Tospoviridae||Orthotospovirus|Orthotospovirus phaseolinecrotessellati
YP_717924_Capsicum_chlorosis_virus,Tospoviridae,0,0,1,Riboviria,Orthornavirae,Negarnaviricota,Polyploviricotina,Ellioviricetes,Bunyavirales,,Tospoviridae,,Orthotospovirus,Orthotospovirus capsiciflavi,,Negative_Bunya-Arena,Riboviria|Orthornavirae|Negarnaviricota|Polyploviricotina|Ellioviricetes|Bunyavirales||Tospoviridae||Orthotospovirus|Orthotospovirus capsiciflavi
YP_717933_Melon_yellow_spot_virus,Tospoviridae,0,0,1,Riboviria,Orthornavirae,Negarnaviricota,Polyploviricotina,Ellioviricetes,Bunyavirales,,Tospoviridae,,Orthotospovirus,Orthotospovirus meloflavi,,Negative_Bunya-Arena,Riboviria|Orthornavirae|Negarnaviricota|Polyploviricotina|Ellioviricetes|Bunyavirales||Tospoviridae||Orthotospovirus|Orthotospovirus meloflavi
