Cluster_sseqid,Cluster_taxon,Human,Vertebrates,Plant,Realm,Kingdom,Phylum,Subphylum,Class,Order,Suborder,Family,Subfamily,Genus,Species,,SuperGroup,Taxon_set
mosHB233224_Hubei_chryso-like_virus_1,Chrysoviridae,0,0,0,Riboviria,Orthornavirae,Duplornaviricota,,Chrymotiviricetes,Ghabrivirales,,Chrysoviridae,,,,,Toti-Chryso,Riboviria|Orthornavirae|Duplornaviricota||Chrymotiviricetes|Ghabrivirales||Chrysoviridae|||
mosZJ34956_Shuangao_chryso-like_virus_1,Chrysoviridae,0,0,0,Riboviria,Orthornavirae,Duplornaviricota,,Chrymotiviricetes,Ghabrivirales,,Chrysoviridae,,,,,Toti-Chryso,Riboviria|Orthornavirae|Duplornaviricota||Chrymotiviricetes|Ghabrivirales||Chrysoviridae|||
SCM47694_Hubei_chryso-like_virus_2,Chrysoviridae,0,0,0,Riboviria,Orthornavirae,Duplornaviricota,,Chrymotiviricetes,Ghabrivirales,,Chrysoviridae,,,,,Toti-Chryso,Riboviria|Orthornavirae|Duplornaviricota||Chrymotiviricetes|Ghabrivirales||Chrysoviridae|||
WHZM9752_Wuhan_insect_virus_30_RdRp,Chrysoviridae,0,0,0,Riboviria,Orthornavirae,Duplornaviricota,,Chrymotiviricetes,Ghabrivirales,,Chrysoviridae,,,,,Toti-Chryso,Riboviria|Orthornavirae|Duplornaviricota||Chrymotiviricetes|Ghabrivirales||Chrysoviridae|||
WHZM9836_Wuhan_insect_virus_29,Chrysoviridae,0,0,0,Riboviria,Orthornavirae,Duplornaviricota,,Chrymotiviricetes,Ghabrivirales,,Chrysoviridae,,,,,Toti-Chryso,Riboviria|Orthornavirae|Duplornaviricota||Chrymotiviricetes|Ghabrivirales||Chrysoviridae|||
YP_001531163_Amasya_cherry_disease_associated_chrysovirus,Chrysoviridae,0,0,0,Riboviria,Orthornavirae,Duplornaviricota,,Chrymotiviricetes,Ghabrivirales,,Chrysoviridae,,Alphachrysovirus,Alphachrysovirus cerasi,,Toti-Chryso,Riboviria|Orthornavirae|Duplornaviricota||Chrymotiviricetes|Ghabrivirales||Chrysoviridae||Alphachrysovirus|Alphachrysovirus cerasi
YP_003858286_Magnaporthe_oryzae_chrysovirus_1,Chrysoviridae,0,0,0,Riboviria,Orthornavirae,Duplornaviricota,,Chrymotiviricetes,Ghabrivirales,,Chrysoviridae,,Betachrysovirus,Betachrysovirus magnaporthis,,Toti-Chryso,Riboviria|Orthornavirae|Duplornaviricota||Chrymotiviricetes|Ghabrivirales||Chrysoviridae||Betachrysovirus|Betachrysovirus magnaporthis
YP_008914864_Magnaporthe_oryzae_chrysovirus_3,Chrysoviridae,0,0,0,Riboviria,Orthornavirae,Duplornaviricota,,Chrymotiviricetes,Ghabrivirales,,Chrysoviridae,,Betachrysovirus,Betachrysovirus magnaporthis,,Toti-Chryso,Riboviria|Orthornavirae|Duplornaviricota||Chrymotiviricetes|Ghabrivirales||Chrysoviridae||Betachrysovirus|Betachrysovirus magnaporthis
YP_009665200.1_Fusarium_oxysporum_chrysovirus_1_858,Chrysoviridae,0,0,0,Riboviria,Orthornavirae,Duplornaviricota,,Chrymotiviricetes,Ghabrivirales,,Chrysoviridae,,Alphachrysovirus,Alphachrysovirus fusarii,,Toti-Chryso,Riboviria|Orthornavirae|Duplornaviricota||Chrymotiviricetes|Ghabrivirales||Chrysoviridae||Alphachrysovirus|Alphachrysovirus fusarii
YP_010088084.1_Chrysothrix_chrysovirus_1_1089,Chrysoviridae,0,0,0,Riboviria,Orthornavirae,Duplornaviricota,,Chrymotiviricetes,Ghabrivirales,,Chrysoviridae,,Alphachrysovirus,Alphachrysovirus chrysothricis,,Toti-Chryso,Riboviria|Orthornavirae|Duplornaviricota||Chrymotiviricetes|Ghabrivirales||Chrysoviridae||Alphachrysovirus|Alphachrysovirus chrysothricis
YP_052858_Helminthosporium_victoriae_145S_virus,Chrysoviridae,0,0,0,Riboviria,Orthornavirae,Duplornaviricota,,Chrymotiviricetes,Ghabrivirales,,Chrysoviridae,,Alphachrysovirus,Alphachrysovirus helminthosporii,,Toti-Chryso,Riboviria|Orthornavirae|Duplornaviricota||Chrymotiviricetes|Ghabrivirales||Chrysoviridae||Alphachrysovirus|Alphachrysovirus helminthosporii
YP_392482_Penicillium_chrysogenum_virus,Chrysoviridae,0,0,0,Riboviria,Orthornavirae,Duplornaviricota,,Chrymotiviricetes,Ghabrivirales,,Chrysoviridae,,Alphachrysovirus,Alphachrysovirus penicillii,,Toti-Chryso,Riboviria|Orthornavirae|Duplornaviricota||Chrymotiviricetes|Ghabrivirales||Chrysoviridae||Alphachrysovirus|Alphachrysovirus penicillii
YP_005097975_Rosellinia_necatrix_quadrivirus_1,Quadriviridae,0,0,0,Riboviria,Orthornavirae,Duplornaviricota,,Chrymotiviricetes,Ghabrivirales,,Quadriviridae,,Quadrivirus,Rosellinia necatrix quadrivirus 1,,Toti-Chryso,Riboviria|Orthornavirae|Duplornaviricota||Chrymotiviricetes|Ghabrivirales||Quadriviridae||Quadrivirus|Rosellinia necatrix quadrivirus 1
AJT39583_dsRNA_virus_environmental_sample,Totiviridae,0,0,0,Riboviria,Orthornavirae,Duplornaviricota,,Chrymotiviricetes,Ghabrivirales,,Totiviridae,,,,,Toti-Chryso,Riboviria|Orthornavirae|Duplornaviricota||Chrymotiviricetes|Ghabrivirales||Totiviridae|||
arthropodmix282_Hubei_toti-like_virus_6,Totiviridae,0,0,0,Riboviria,Orthornavirae,Duplornaviricota,,Chrymotiviricetes,Ghabrivirales,,Totiviridae,,,,,Toti-Chryso,Riboviria|Orthornavirae|Duplornaviricota||Chrymotiviricetes|Ghabrivirales||Totiviridae|||
BAU79517_Diatom_colony_associated_dsRNA_virus_17,Totiviridae,0,0,0,Riboviria,Orthornavirae,Duplornaviricota,,Chrymotiviricetes,Ghabrivirales,,Totiviridae,,,,,Toti-Chryso,Riboviria|Orthornavirae|Duplornaviricota||Chrymotiviricetes|Ghabrivirales||Totiviridae|||
beimix73231_Wenzhou_toti-like_virus_2,Totiviridae,0,0,0,Riboviria,Orthornavirae,Duplornaviricota,,Chrymotiviricetes,Ghabrivirales,,Totiviridae,,,,,Toti-Chryso,Riboviria|Orthornavirae|Duplornaviricota||Chrymotiviricetes|Ghabrivirales||Totiviridae|||
BFZCX5633_Beihai_uca_arcuata_virus_1,Totiviridae,0,0,0,Riboviria,Orthornavirae,Duplornaviricota,,Chrymotiviricetes,Ghabrivirales,,Totiviridae,,,,,Toti-Chryso,Riboviria|Orthornavirae|Duplornaviricota||Chrymotiviricetes|Ghabrivirales||Totiviridae|||
BHBJDX8833_Beihai_toti-like_virus_5,Totiviridae,0,0,0,Riboviria,Orthornavirae,Duplornaviricota,,Chrymotiviricetes,Ghabrivirales,,Totiviridae,,,,,Toti-Chryso,Riboviria|Orthornavirae|Duplornaviricota||Chrymotiviricetes|Ghabrivirales||Totiviridae|||
BHCL81631_Beihai_toti-like_virus_2,Totiviridae,0,0,0,Riboviria,Orthornavirae,Duplornaviricota,,Chrymotiviricetes,Ghabrivirales,,Totiviridae,,,,,Toti-Chryso,Riboviria|Orthornavirae|Duplornaviricota||Chrymotiviricetes|Ghabrivirales||Totiviridae|||
BHHZL10233_Beihai_sea_slater_virus_3,Totiviridae,0,0,0,Riboviria,Orthornavirae,Duplornaviricota,,Chrymotiviricetes,Ghabrivirales,,Totiviridae,,,,,Toti-Chryso,Riboviria|Orthornavirae|Duplornaviricota||Chrymotiviricetes|Ghabrivirales||Totiviridae|||
BHTH16139_Beihai_barnacle_virus_15,Totiviridae,0,0,0,Riboviria,Orthornavirae,Duplornaviricota,,Chrymotiviricetes,Ghabrivirales,,Totiviridae,,,,,Toti-Chryso,Riboviria|Orthornavirae|Duplornaviricota||Chrymotiviricetes|Ghabrivirales||Totiviridae|||
BHXun20321_Beihai_toti-like_virus_1,Totiviridae,0,0,0,Riboviria,Orthornavirae,Duplornaviricota,,Chrymotiviricetes,Ghabrivirales,,Totiviridae,,,,,Toti-Chryso,Riboviria|Orthornavirae|Duplornaviricota||Chrymotiviricetes|Ghabrivirales||Totiviridae|||
BHZC37385_Beihai_razor_shell_virus_4,Totiviridae,0,0,0,Riboviria,Orthornavirae,Duplornaviricota,,Chrymotiviricetes,Ghabrivirales,,Totiviridae,,,,,Toti-Chryso,Riboviria|Orthornavirae|Duplornaviricota||Chrymotiviricetes|Ghabrivirales||Totiviridae|||
BWBFG36411_Beihai_paphia_shell_virus_5,Totiviridae,0,0,0,Riboviria,Orthornavirae,Duplornaviricota,,Chrymotiviricetes,Ghabrivirales,,Totiviridae,,,,,Toti-Chryso,Riboviria|Orthornavirae|Duplornaviricota||Chrymotiviricetes|Ghabrivirales||Totiviridae|||
BWBFG40422_Beihai_toti-like_virus_3,Totiviridae,0,0,0,Riboviria,Orthornavirae,Duplornaviricota,,Chrymotiviricetes,Ghabrivirales,,Totiviridae,,,,,Toti-Chryso,Riboviria|Orthornavirae|Duplornaviricota||Chrymotiviricetes|Ghabrivirales||Totiviridae|||
CC62244_Hubei_toti-like_virus_20,Totiviridae,0,0,0,Riboviria,Orthornavirae,Duplornaviricota,,Chrymotiviricetes,Ghabrivirales,,Totiviridae,,,,,Toti-Chryso,Riboviria|Orthornavirae|Duplornaviricota||Chrymotiviricetes|Ghabrivirales||Totiviridae|||
CC64311_Hubei_toti-like_virus_23,Totiviridae,0,0,0,Riboviria,Orthornavirae,Duplornaviricota,,Chrymotiviricetes,Ghabrivirales,,Totiviridae,,,,,Toti-Chryso,Riboviria|Orthornavirae|Duplornaviricota||Chrymotiviricetes|Ghabrivirales||Totiviridae|||
CC64623_Hubei_toti-like_virus_22,Totiviridae,0,0,0,Riboviria,Orthornavirae,Duplornaviricota,,Chrymotiviricetes,Ghabrivirales,,Totiviridae,,,,,Toti-Chryso,Riboviria|Orthornavirae|Duplornaviricota||Chrymotiviricetes|Ghabrivirales||Totiviridae|||
CC64629_Hubei_toti-like_virus_21,Totiviridae,0,0,0,Riboviria,Orthornavirae,Duplornaviricota,,Chrymotiviricetes,Ghabrivirales,,Totiviridae,,,,,Toti-Chryso,Riboviria|Orthornavirae|Duplornaviricota||Chrymotiviricetes|Ghabrivirales||Totiviridae|||
horsefly123848_Hubei_toti-like_virus_19,Totiviridae,0,0,0,Riboviria,Orthornavirae,Duplornaviricota,,Chrymotiviricetes,Ghabrivirales,,Totiviridae,,,,,Toti-Chryso,Riboviria|Orthornavirae|Duplornaviricota||Chrymotiviricetes|Ghabrivirales||Totiviridae|||
HOU154008_Beihai_toti-like_virus_4,Totiviridae,0,0,0,Riboviria,Orthornavirae,Duplornaviricota,,Chrymotiviricetes,Ghabrivirales,,Totiviridae,,,,,Toti-Chryso,Riboviria|Orthornavirae|Duplornaviricota||Chrymotiviricetes|Ghabrivirales||Totiviridae|||
insectZJ97483_Shuangao_toti-like_virus,Totiviridae,0,0,0,Riboviria,Orthornavirae,Duplornaviricota,,Chrymotiviricetes,Ghabrivirales,,Totiviridae,,,,,Toti-Chryso,Riboviria|Orthornavirae|Duplornaviricota||Chrymotiviricetes|Ghabrivirales||Totiviridae|||
JMYJCC57201_Jingmen_toti-like_virus_1,Totiviridae,0,0,0,Riboviria,Orthornavirae,Duplornaviricota,,Chrymotiviricetes,Ghabrivirales,,Totiviridae,,,,,Toti-Chryso,Riboviria|Orthornavirae|Duplornaviricota||Chrymotiviricetes|Ghabrivirales||Totiviridae|||
mosHB235560_Hubei_toti-like_virus_10,Totiviridae,0,0,0,Riboviria,Orthornavirae,Duplornaviricota,,Chrymotiviricetes,Ghabrivirales,,Totiviridae,,,,,Toti-Chryso,Riboviria|Orthornavirae|Duplornaviricota||Chrymotiviricetes|Ghabrivirales||Totiviridae|||
NP_620070_Giardia_lamblia_virus,Totiviridae,0,0,0,Riboviria,Orthornavirae,Duplornaviricota,,Chrymotiviricetes,Ghabrivirales,,Totiviridae,,Giardiavirus,Giardia lamblia virus,,Toti-Chryso,Riboviria|Orthornavirae|Duplornaviricota||Chrymotiviricetes|Ghabrivirales||Totiviridae||Giardiavirus|Giardia lamblia virus
QJD26158.1_Schistocephalus_solidus_toti-like_virus_2_Schistocephalus_solidus_986,Totiviridae,0,0,0,Riboviria,Orthornavirae,Duplornaviricota,,Chrymotiviricetes,Ghabrivirales,,Totiviridae,,,,,Toti-Chryso,Riboviria|Orthornavirae|Duplornaviricota||Chrymotiviricetes|Ghabrivirales||Totiviridae|||
QKK35396.1_Erysiphe_necator_associated_mycovirus_2_Erysiphe_necator_1902,Totiviridae,0,0,0,Riboviria,Orthornavirae,Duplornaviricota,,Chrymotiviricetes,Ghabrivirales,,Totiviridae,,,,,Toti-Chryso,Riboviria|Orthornavirae|Duplornaviricota||Chrymotiviricetes|Ghabrivirales||Totiviridae|||
QTM25279_Hubei_toti-like_virus_8,Totiviridae,0,0,0,Riboviria,Orthornavirae,Duplornaviricota,,Chrymotiviricetes,Ghabrivirales,,Totiviridae,,,,,Toti-Chryso,Riboviria|Orthornavirae|Duplornaviricota||Chrymotiviricetes|Ghabrivirales||Totiviridae|||
QTM25941_Hubei_toti-like_virus_13,Totiviridae,0,0,0,Riboviria,Orthornavirae,Duplornaviricota,,Chrymotiviricetes,Ghabrivirales,,Totiviridae,,,,,Toti-Chryso,Riboviria|Orthornavirae|Duplornaviricota||Chrymotiviricetes|Ghabrivirales||Totiviridae|||
QTM27092_Hubei_toti-like_virus_9,Totiviridae,0,0,0,Riboviria,Orthornavirae,Duplornaviricota,,Chrymotiviricetes,Ghabrivirales,,Totiviridae,,,,,Toti-Chryso,Riboviria|Orthornavirae|Duplornaviricota||Chrymotiviricetes|Ghabrivirales||Totiviridae|||
QTM6211_Hubei_toti-like_virus_14,Totiviridae,0,0,0,Riboviria,Orthornavirae,Duplornaviricota,,Chrymotiviricetes,Ghabrivirales,,Totiviridae,,,,,Toti-Chryso,Riboviria|Orthornavirae|Duplornaviricota||Chrymotiviricetes|Ghabrivirales||Totiviridae|||
QVT76732.1_Bemisia_tabaci_toti-like_virus_1_Bemisia_tabaci_1105,Totiviridae,0,0,0,Riboviria,Orthornavirae,Duplornaviricota,,Chrymotiviricetes,Ghabrivirales,,Totiviridae,,,,,Toti-Chryso,Riboviria|Orthornavirae|Duplornaviricota||Chrymotiviricetes|Ghabrivirales||Totiviridae|||
SCJXSX14567_Beihai_sesarmid_crab_virus_7,Totiviridae,0,0,0,Riboviria,Orthornavirae,Duplornaviricota,,Chrymotiviricetes,Ghabrivirales,,Totiviridae,,,,,Toti-Chryso,Riboviria|Orthornavirae|Duplornaviricota||Chrymotiviricetes|Ghabrivirales||Totiviridae|||
SCM411298_Hubei_toti-like_virus_7,Totiviridae,0,0,0,Riboviria,Orthornavirae,Duplornaviricota,,Chrymotiviricetes,Ghabrivirales,,Totiviridae,,,,,Toti-Chryso,Riboviria|Orthornavirae|Duplornaviricota||Chrymotiviricetes|Ghabrivirales||Totiviridae|||
SCM45279_Hubei_diptera_virus_22,Totiviridae,0,0,0,Riboviria,Orthornavirae,Duplornaviricota,,Chrymotiviricetes,Ghabrivirales,,Totiviridae,,,,,Toti-Chryso,Riboviria|Orthornavirae|Duplornaviricota||Chrymotiviricetes|Ghabrivirales||Totiviridae|||
SCM51462_Hubei_toti-like_virus_15,Totiviridae,0,0,0,Riboviria,Orthornavirae,Duplornaviricota,,Chrymotiviricetes,Ghabrivirales,,Totiviridae,,,,,Toti-Chryso,Riboviria|Orthornavirae|Duplornaviricota||Chrymotiviricetes|Ghabrivirales||Totiviridae|||
spider123775_Hubei_toti-like_virus_16,Totiviridae,0,0,0,Riboviria,Orthornavirae,Duplornaviricota,,Chrymotiviricetes,Ghabrivirales,,Totiviridae,,,,,Toti-Chryso,Riboviria|Orthornavirae|Duplornaviricota||Chrymotiviricetes|Ghabrivirales||Totiviridae|||
SXSSP2584_Sanxia_water_strider_virus_20,Totiviridae,0,0,0,Riboviria,Orthornavirae,Duplornaviricota,,Chrymotiviricetes,Ghabrivirales,,Totiviridae,,,,,Toti-Chryso,Riboviria|Orthornavirae|Duplornaviricota||Chrymotiviricetes|Ghabrivirales||Totiviridae|||
tick106628_Hubei_toti-like_virus_24,Totiviridae,0,0,0,Riboviria,Orthornavirae,Duplornaviricota,,Chrymotiviricetes,Ghabrivirales,,Totiviridae,,,,,Toti-Chryso,Riboviria|Orthornavirae|Duplornaviricota||Chrymotiviricetes|Ghabrivirales||Totiviridae|||
tick107859_Hubei_toti-like_virus_17,Totiviridae,0,0,0,Riboviria,Orthornavirae,Duplornaviricota,,Chrymotiviricetes,Ghabrivirales,,Totiviridae,,,,,Toti-Chryso,Riboviria|Orthornavirae|Duplornaviricota||Chrymotiviricetes|Ghabrivirales||Totiviridae|||
UHK03126.1_Sanya_totivirus_4_1166,Totiviridae,0,0,0,Riboviria,Orthornavirae,Duplornaviricota,,Chrymotiviricetes,Ghabrivirales,,Totiviridae,,,,,Toti-Chryso,Riboviria|Orthornavirae|Duplornaviricota||Chrymotiviricetes|Ghabrivirales||Totiviridae|||
UHK03171.1_Hangzhou_paraphaenocladius_impensus_totivirus_1_2473,Totiviridae,0,0,0,Riboviria,Orthornavirae,Duplornaviricota,,Chrymotiviricetes,Ghabrivirales,,Totiviridae,,,,,Toti-Chryso,Riboviria|Orthornavirae|Duplornaviricota||Chrymotiviricetes|Ghabrivirales||Totiviridae|||
UHK03176.1_Hangzhou_totivirus_6_1027,Totiviridae,0,0,0,Riboviria,Orthornavirae,Duplornaviricota,,Chrymotiviricetes,Ghabrivirales,,Totiviridae,,,,,Toti-Chryso,Riboviria|Orthornavirae|Duplornaviricota||Chrymotiviricetes|Ghabrivirales||Totiviridae|||
UHK03212.1_Sanya_nephotettix_cincticeps_totivirus_2_1404,Totiviridae,0,0,0,Riboviria,Orthornavirae,Duplornaviricota,,Chrymotiviricetes,Ghabrivirales,,Totiviridae,,,,,Toti-Chryso,Riboviria|Orthornavirae|Duplornaviricota||Chrymotiviricetes|Ghabrivirales||Totiviridae|||
UHK03216.1_Sanya_totivirus_12_652,Totiviridae,0,0,0,Riboviria,Orthornavirae,Duplornaviricota,,Chrymotiviricetes,Ghabrivirales,,Totiviridae,,,,,Toti-Chryso,Riboviria|Orthornavirae|Duplornaviricota||Chrymotiviricetes|Ghabrivirales||Totiviridae|||
UHR49762.1_Fushun_totivirus_5_827,Totiviridae,0,0,0,Riboviria,Orthornavirae,Duplornaviricota,,Chrymotiviricetes,Ghabrivirales,,Totiviridae,,,,,Toti-Chryso,Riboviria|Orthornavirae|Duplornaviricota||Chrymotiviricetes|Ghabrivirales||Totiviridae|||
UPT53761.1_Bactrocera_zonata_toti-like_virus_Bactrocera_zonata_749,Totiviridae,0,0,0,Riboviria,Orthornavirae,Duplornaviricota,,Chrymotiviricetes,Ghabrivirales,,Totiviridae,,,,,Toti-Chryso,Riboviria|Orthornavirae|Duplornaviricota||Chrymotiviricetes|Ghabrivirales||Totiviridae|||
UQZ09549.1_Freshwater_macrophyte_associated_ghabri-like_virus_1_1109,Totiviridae,0,0,0,Riboviria,Orthornavirae,Duplornaviricota,,Chrymotiviricetes,Ghabrivirales,,Totiviridae,,,,,Toti-Chryso,Riboviria|Orthornavirae|Duplornaviricota||Chrymotiviricetes|Ghabrivirales||Totiviridae|||
URQ09146.1_Halyomorpha_halys_toti-like_virus_1_Halyomorpha_halys_702,Totiviridae,0,0,0,Riboviria,Orthornavirae,Duplornaviricota,,Chrymotiviricetes,Ghabrivirales,,Totiviridae,,,,,Toti-Chryso,Riboviria|Orthornavirae|Duplornaviricota||Chrymotiviricetes|Ghabrivirales||Totiviridae|||
UUV42206.1_Enontekio_totivirus_2_990,Totiviridae,0,0,0,Riboviria,Orthornavirae,Duplornaviricota,,Chrymotiviricetes,Ghabrivirales,,Totiviridae,,,,,Toti-Chryso,Riboviria|Orthornavirae|Duplornaviricota||Chrymotiviricetes|Ghabrivirales||Totiviridae|||
UUV42209.1_Hameenlinna_totivirus_1_1058,Totiviridae,0,0,0,Riboviria,Orthornavirae,Duplornaviricota,,Chrymotiviricetes,Ghabrivirales,,Totiviridae,,,,,Toti-Chryso,Riboviria|Orthornavirae|Duplornaviricota||Chrymotiviricetes|Ghabrivirales||Totiviridae|||
UUV42231.1_Hanko_totivirus_5_1008,Totiviridae,0,0,0,Riboviria,Orthornavirae,Duplornaviricota,,Chrymotiviricetes,Ghabrivirales,,Totiviridae,,,,,Toti-Chryso,Riboviria|Orthornavirae|Duplornaviricota||Chrymotiviricetes|Ghabrivirales||Totiviridae|||
UUV42237.1_Hanko_totivirus_9_949,Totiviridae,0,0,0,Riboviria,Orthornavirae,Duplornaviricota,,Chrymotiviricetes,Ghabrivirales,,Totiviridae,,,,,Toti-Chryso,Riboviria|Orthornavirae|Duplornaviricota||Chrymotiviricetes|Ghabrivirales||Totiviridae|||
UUV42263.1_Hattula_totivirus_3_1038,Totiviridae,0,0,0,Riboviria,Orthornavirae,Duplornaviricota,,Chrymotiviricetes,Ghabrivirales,,Totiviridae,,,,,Toti-Chryso,Riboviria|Orthornavirae|Duplornaviricota||Chrymotiviricetes|Ghabrivirales||Totiviridae|||
UUV42277.1_Inari_totivirus_2_990,Totiviridae,0,0,0,Riboviria,Orthornavirae,Duplornaviricota,,Chrymotiviricetes,Ghabrivirales,,Totiviridae,,,,,Toti-Chryso,Riboviria|Orthornavirae|Duplornaviricota||Chrymotiviricetes|Ghabrivirales||Totiviridae|||
UUV42298.1_Palkane_toti-like_virus_883,Totiviridae,0,0,0,Riboviria,Orthornavirae,Duplornaviricota,,Chrymotiviricetes,Ghabrivirales,,Totiviridae,,,,,Toti-Chryso,Riboviria|Orthornavirae|Duplornaviricota||Chrymotiviricetes|Ghabrivirales||Totiviridae|||
UUV42319.1_Palkane_totivirus_986,Totiviridae,0,0,0,Riboviria,Orthornavirae,Duplornaviricota,,Chrymotiviricetes,Ghabrivirales,,Totiviridae,,,,,Toti-Chryso,Riboviria|Orthornavirae|Duplornaviricota||Chrymotiviricetes|Ghabrivirales||Totiviridae|||
UXD80061.1_Linepithema_humile_toti-like_virus_1_Linepithema_humile_796,Totiviridae,0,0,0,Riboviria,Orthornavirae,Duplornaviricota,,Chrymotiviricetes,Ghabrivirales,,Totiviridae,,,,,Toti-Chryso,Riboviria|Orthornavirae|Duplornaviricota||Chrymotiviricetes|Ghabrivirales||Totiviridae|||
WAK77254.1_Totiviridae_sp._Rhipicephalus_microplus_854,Totiviridae,0,0,0,Riboviria,Orthornavirae,Duplornaviricota,,Chrymotiviricetes,Ghabrivirales,,Totiviridae,,,,,Toti-Chryso,Riboviria|Orthornavirae|Duplornaviricota||Chrymotiviricetes|Ghabrivirales||Totiviridae|||
WAK77257.1_Totiviridae_sp._Rhipicephalus_sanguineus_1053,Totiviridae,0,0,0,Riboviria,Orthornavirae,Duplornaviricota,,Chrymotiviricetes,Ghabrivirales,,Totiviridae,,,,,Toti-Chryso,Riboviria|Orthornavirae|Duplornaviricota||Chrymotiviricetes|Ghabrivirales||Totiviridae|||
WAK77261.1_Totiviridae_sp._Amblyomma_varanense_960,Totiviridae,0,0,0,Riboviria,Orthornavirae,Duplornaviricota,,Chrymotiviricetes,Ghabrivirales,,Totiviridae,,,,,Toti-Chryso,Riboviria|Orthornavirae|Duplornaviricota||Chrymotiviricetes|Ghabrivirales||Totiviridae|||
WAK77270.1_Totiviridae_sp._Haemaphysalis_hystricis_1100,Totiviridae,0,0,0,Riboviria,Orthornavirae,Duplornaviricota,,Chrymotiviricetes,Ghabrivirales,,Totiviridae,,,,,Toti-Chryso,Riboviria|Orthornavirae|Duplornaviricota||Chrymotiviricetes|Ghabrivirales||Totiviridae|||
WAK77288.1_Totiviridae_sp._Hyalomma_asiaticum_830,Totiviridae,0,0,0,Riboviria,Orthornavirae,Duplornaviricota,,Chrymotiviricetes,Ghabrivirales,,Totiviridae,,,,,Toti-Chryso,Riboviria|Orthornavirae|Duplornaviricota||Chrymotiviricetes|Ghabrivirales||Totiviridae|||
WAK77677.1_Totiviridae_sp._Haemaphysalis_qinghaiensis_932,Totiviridae,0,0,0,Riboviria,Orthornavirae,Duplornaviricota,,Chrymotiviricetes,Ghabrivirales,,Totiviridae,,,,,Toti-Chryso,Riboviria|Orthornavirae|Duplornaviricota||Chrymotiviricetes|Ghabrivirales||Totiviridae|||
WHCC116098_Hubei_toti-like_virus_18,Totiviridae,0,0,0,Riboviria,Orthornavirae,Duplornaviricota,,Chrymotiviricetes,Ghabrivirales,,Totiviridae,,,,,Toti-Chryso,Riboviria|Orthornavirae|Duplornaviricota||Chrymotiviricetes|Ghabrivirales||Totiviridae|||
WHSWHC37547_Hubei_toti-like_virus_5,Totiviridae,0,0,0,Riboviria,Orthornavirae,Duplornaviricota,,Chrymotiviricetes,Ghabrivirales,,Totiviridae,,,,,Toti-Chryso,Riboviria|Orthornavirae|Duplornaviricota||Chrymotiviricetes|Ghabrivirales||Totiviridae|||
WHZHC75812_Hubei_toti-like_virus_12,Totiviridae,0,0,0,Riboviria,Orthornavirae,Duplornaviricota,,Chrymotiviricetes,Ghabrivirales,,Totiviridae,,,,,Toti-Chryso,Riboviria|Orthornavirae|Duplornaviricota||Chrymotiviricetes|Ghabrivirales||Totiviridae|||
WHZM10169_Wuhan_insect_virus_28,Totiviridae,0,0,0,Riboviria,Orthornavirae,Duplornaviricota,,Chrymotiviricetes,Ghabrivirales,,Totiviridae,,,,,Toti-Chryso,Riboviria|Orthornavirae|Duplornaviricota||Chrymotiviricetes|Ghabrivirales||Totiviridae|||
WHZM10182_Wuhan_insect_virus_31,Totiviridae,0,0,0,Riboviria,Orthornavirae,Duplornaviricota,,Chrymotiviricetes,Ghabrivirales,,Totiviridae,,,,,Toti-Chryso,Riboviria|Orthornavirae|Duplornaviricota||Chrymotiviricetes|Ghabrivirales||Totiviridae|||
WLJQ102546_Wenling_toti-like_virus_1,Totiviridae,0,0,0,Riboviria,Orthornavirae,Duplornaviricota,,Chrymotiviricetes,Ghabrivirales,,Totiviridae,,,,,Toti-Chryso,Riboviria|Orthornavirae|Duplornaviricota||Chrymotiviricetes|Ghabrivirales||Totiviridae|||
WLJQ104148_Wenling_toti-like_virus_2,Totiviridae,0,0,0,Riboviria,Orthornavirae,Duplornaviricota,,Chrymotiviricetes,Ghabrivirales,,Totiviridae,,,,,Toti-Chryso,Riboviria|Orthornavirae|Duplornaviricota||Chrymotiviricetes|Ghabrivirales||Totiviridae|||
WLJQ62288_Wenling_toti-like_virus_3,Totiviridae,0,0,0,Riboviria,Orthornavirae,Duplornaviricota,,Chrymotiviricetes,Ghabrivirales,,Totiviridae,,,,,Toti-Chryso,Riboviria|Orthornavirae|Duplornaviricota||Chrymotiviricetes|Ghabrivirales||Totiviridae|||
WZRBX37749_Wenzhou_crab_virus_5,Totiviridae,0,0,0,Riboviria,Orthornavirae,Duplornaviricota,,Chrymotiviricetes,Ghabrivirales,,Totiviridae,,,,,Toti-Chryso,Riboviria|Orthornavirae|Duplornaviricota||Chrymotiviricetes|Ghabrivirales||Totiviridae|||
WZRBX43319_Wenzhou_toti-like_virus_1,Totiviridae,0,0,0,Riboviria,Orthornavirae,Duplornaviricota,,Chrymotiviricetes,Ghabrivirales,,Totiviridae,,,,,Toti-Chryso,Riboviria|Orthornavirae|Duplornaviricota||Chrymotiviricetes|Ghabrivirales||Totiviridae|||
XSNXC32793_Xingshan_nematode_virus_6,Totiviridae,0,0,0,Riboviria,Orthornavirae,Duplornaviricota,,Chrymotiviricetes,Ghabrivirales,,Totiviridae,,,,,Toti-Chryso,Riboviria|Orthornavirae|Duplornaviricota||Chrymotiviricetes|Ghabrivirales||Totiviridae|||
YP_003541123_Phlebiopsis_gigantea_mycovirus_dsRNA_1,Totiviridae,0,0,0,Riboviria,Orthornavirae,Duplornaviricota,,Chrymotiviricetes,Ghabrivirales,,Totiviridae,,,,,Toti-Chryso,Riboviria|Orthornavirae|Duplornaviricota||Chrymotiviricetes|Ghabrivirales||Totiviridae|||
YP_003934934_Armigeres_subalbatus_virus_SaX06-AK20,Totiviridae,0,0,0,Riboviria,Orthornavirae,Duplornaviricota,,Chrymotiviricetes,Ghabrivirales,,Totiviridae,,,,,Toti-Chryso,Riboviria|Orthornavirae|Duplornaviricota||Chrymotiviricetes|Ghabrivirales||Totiviridae|||
YP_004581250_Piscine_myocarditis_virus_AL_V-708,Totiviridae,0,0,0,Riboviria,Orthornavirae,Duplornaviricota,,Chrymotiviricetes,Ghabrivirales,,Totiviridae,,,,,Toti-Chryso,Riboviria|Orthornavirae|Duplornaviricota||Chrymotiviricetes|Ghabrivirales||Totiviridae|||
YP_005454251_Tianjin_totivirus,Totiviridae,0,0,0,Riboviria,Orthornavirae,Duplornaviricota,,Chrymotiviricetes,Ghabrivirales,,Totiviridae,,,,,Toti-Chryso,Riboviria|Orthornavirae|Duplornaviricota||Chrymotiviricetes|Ghabrivirales||Totiviridae|||
YP_006390636_Botrytis_porri_RNA_virus_1,Totiviridae,0,0,0,Riboviria,Orthornavirae,Duplornaviricota,,Chrymotiviricetes,Ghabrivirales,,Totiviridae,,,,,Toti-Chryso,Riboviria|Orthornavirae|Duplornaviricota||Chrymotiviricetes|Ghabrivirales||Totiviridae|||
YP_009072448_Leptopilina_boulardi_RNA_virus,Totiviridae,0,0,0,Riboviria,Orthornavirae,Duplornaviricota,,Chrymotiviricetes,Ghabrivirales,,Totiviridae,,,,,Toti-Chryso,Riboviria|Orthornavirae|Duplornaviricota||Chrymotiviricetes|Ghabrivirales||Totiviridae|||
YP_009143313_Camponotus_yamaokai_virus,Totiviridae,0,0,0,Riboviria,Orthornavirae,Duplornaviricota,,Chrymotiviricetes,Ghabrivirales,,Totiviridae,,,,,Toti-Chryso,Riboviria|Orthornavirae|Duplornaviricota||Chrymotiviricetes|Ghabrivirales||Totiviridae|||
YP_009230208_Camponotus_nipponicus_virus,Totiviridae,0,0,0,Riboviria,Orthornavirae,Duplornaviricota,,Chrymotiviricetes,Ghabrivirales,,Totiviridae,,,,,Toti-Chryso,Riboviria|Orthornavirae|Duplornaviricota||Chrymotiviricetes|Ghabrivirales||Totiviridae|||
YP_529549_Penaeid_shrimp_infectious_myonecrosis_virus,Totiviridae,0,0,0,Riboviria,Orthornavirae,Duplornaviricota,,Chrymotiviricetes,Ghabrivirales,,Totiviridae,,,,,Toti-Chryso,Riboviria|Orthornavirae|Duplornaviricota||Chrymotiviricetes|Ghabrivirales||Totiviridae|||
NP_041191_Leishmania_RNA_virus_1-1,Totiviridae_Leishmaniavirus,0,0,0,Riboviria,Orthornavirae,Duplornaviricota,,Chrymotiviricetes,Ghabrivirales,,Totiviridae,,Leishmaniavirus,Leishmania RNA virus 1,,Toti-Chryso,Riboviria|Orthornavirae|Duplornaviricota||Chrymotiviricetes|Ghabrivirales||Totiviridae||Leishmaniavirus|Leishmania RNA virus 1
NP_043465_Leishmania_RNA_virus_2-1,Totiviridae_Leishmaniavirus,0,0,0,Riboviria,Orthornavirae,Duplornaviricota,,Chrymotiviricetes,Ghabrivirales,,Totiviridae,,Leishmaniavirus,Leishmania RNA virus 2,,Toti-Chryso,Riboviria|Orthornavirae|Duplornaviricota||Chrymotiviricetes|Ghabrivirales||Totiviridae||Leishmaniavirus|Leishmania RNA virus 2
NP_619653_Leishmania_RNA_virus_1-4,Totiviridae_Leishmaniavirus,0,0,0,Riboviria,Orthornavirae,Duplornaviricota,,Chrymotiviricetes,Ghabrivirales,,Totiviridae,,Leishmaniavirus,Leishmania RNA virus 1,,Toti-Chryso,Riboviria|Orthornavirae|Duplornaviricota||Chrymotiviricetes|Ghabrivirales||Totiviridae||Leishmaniavirus|Leishmania RNA virus 1
YP_009030005_Leishmania_aethiopica_RNA_virus,Totiviridae_Leishmaniavirus,0,0,0,Riboviria,Orthornavirae,Duplornaviricota,,Chrymotiviricetes,Ghabrivirales,,Totiviridae,,Leishmaniavirus,,,Toti-Chryso,Riboviria|Orthornavirae|Duplornaviricota||Chrymotiviricetes|Ghabrivirales||Totiviridae||Leishmaniavirus|
arthropodmix13450_Hubei_toti-like_virus_2,Totiviridae_Totivirus,0,0,0,Riboviria,Orthornavirae,Duplornaviricota,,Chrymotiviricetes,Ghabrivirales,,Totiviridae,,Totivirus,,,Toti-Chryso,Riboviria|Orthornavirae|Duplornaviricota||Chrymotiviricetes|Ghabrivirales||Totiviridae||Totivirus|
NP_042581_Saccharomyces_cerevisiae_virus_L-BC,Totiviridae_Totivirus,0,0,0,Riboviria,Orthornavirae,Duplornaviricota,,Chrymotiviricetes,Ghabrivirales,,Totiviridae,,Totivirus,Saccharomyces cerevisiae virus LBCLa,,Toti-Chryso,Riboviria|Orthornavirae|Duplornaviricota||Chrymotiviricetes|Ghabrivirales||Totiviridae||Totivirus|Saccharomyces cerevisiae virus LBCLa
NP_620493_Saccharomyces_cerevisiae_virus_L-A,Totiviridae_Totivirus,0,0,0,Riboviria,Orthornavirae,Duplornaviricota,,Chrymotiviricetes,Ghabrivirales,,Totiviridae,,Totivirus,Saccharomyces cerevisiae virus L-A,,Toti-Chryso,Riboviria|Orthornavirae|Duplornaviricota||Chrymotiviricetes|Ghabrivirales||Totiviridae||Totivirus|Saccharomyces cerevisiae virus L-A
NP_620495_Saccharomyces_cerevisiae_virus_L-A,Totiviridae_Totivirus,0,0,0,Riboviria,Orthornavirae,Duplornaviricota,,Chrymotiviricetes,Ghabrivirales,,Totiviridae,,Totivirus,Saccharomyces cerevisiae virus L-A,,Toti-Chryso,Riboviria|Orthornavirae|Duplornaviricota||Chrymotiviricetes|Ghabrivirales||Totiviridae||Totivirus|Saccharomyces cerevisiae virus L-A
NP_620728_Ustilago_maydis_virus_H1,Totiviridae_Totivirus,0,0,0,Riboviria,Orthornavirae,Duplornaviricota,,Chrymotiviricetes,Ghabrivirales,,Totiviridae,,Totivirus,Ustilago maydis virus H1,,Toti-Chryso,Riboviria|Orthornavirae|Duplornaviricota||Chrymotiviricetes|Ghabrivirales||Totiviridae||Totivirus|Ustilago maydis virus H1
QFS21891.1_Taro-associated_totivirus_L_Colocasia_esculenta_741,Totiviridae_Totivirus,0,0,0,Riboviria,Orthornavirae,Duplornaviricota,,Chrymotiviricetes,Ghabrivirales,,Totiviridae,,Totivirus,,,Toti-Chryso,Riboviria|Orthornavirae|Duplornaviricota||Chrymotiviricetes|Ghabrivirales||Totiviridae||Totivirus|
QJA42332.1_Malassezia_restricta_virus_MrV40L_Malassezia_restricta_1503,Totiviridae_Totivirus,0,0,0,Riboviria,Orthornavirae,Duplornaviricota,,Chrymotiviricetes,Ghabrivirales,,Totiviridae,,Totivirus,,,Toti-Chryso,Riboviria|Orthornavirae|Duplornaviricota||Chrymotiviricetes|Ghabrivirales||Totiviridae||Totivirus|
QJW70337.1_Erysiphe_necator_associated_totivirus_7_Erysiphe_necator_796,Totiviridae_Totivirus,0,0,0,Riboviria,Orthornavirae,Duplornaviricota,,Chrymotiviricetes,Ghabrivirales,,Totiviridae,,Totivirus,,,Toti-Chryso,Riboviria|Orthornavirae|Duplornaviricota||Chrymotiviricetes|Ghabrivirales||Totiviridae||Totivirus|
QNJ34610.1_Malassezia_sympodialis_mycovirus_Malassezia_sympodialis_1468,Totiviridae_Totivirus,0,0,0,Riboviria,Orthornavirae,Duplornaviricota,,Chrymotiviricetes,Ghabrivirales,,Totiviridae,,Totivirus,,,Toti-Chryso,Riboviria|Orthornavirae|Duplornaviricota||Chrymotiviricetes|Ghabrivirales||Totiviridae||Totivirus|
QPH36701.1_Rhodosporidiobolus_odoratus_RNA_virus_1_Rhodosporidiobolus_odoratus_1426,Totiviridae_Totivirus,0,0,0,Riboviria,Orthornavirae,Duplornaviricota,,Chrymotiviricetes,Ghabrivirales,,Totiviridae,,Totivirus,,,Toti-Chryso,Riboviria|Orthornavirae|Duplornaviricota||Chrymotiviricetes|Ghabrivirales||Totiviridae||Totivirus|
QUE40563.1_Tea-oil_camellia-associated_totivirus_1_Camellia_oleifera_855,Totiviridae_Totivirus,0,0,0,Riboviria,Orthornavirae,Duplornaviricota,,Chrymotiviricetes,Ghabrivirales,,Totiviridae,,Totivirus,,,Toti-Chryso,Riboviria|Orthornavirae|Duplornaviricota||Chrymotiviricetes|Ghabrivirales||Totiviridae||Totivirus|
UHK03129.1_Sanya_totivirus_5_820,Totiviridae_Totivirus,0,0,0,Riboviria,Orthornavirae,Duplornaviricota,,Chrymotiviricetes,Ghabrivirales,,Totiviridae,,Totivirus,,,Toti-Chryso,Riboviria|Orthornavirae|Duplornaviricota||Chrymotiviricetes|Ghabrivirales||Totiviridae||Totivirus|
UHM27577.1_Sanya_ochthera_mantis_totivirus_1_820,Totiviridae_Totivirus,0,0,0,Riboviria,Orthornavirae,Duplornaviricota,,Chrymotiviricetes,Ghabrivirales,,Totiviridae,,Totivirus,,,Toti-Chryso,Riboviria|Orthornavirae|Duplornaviricota||Chrymotiviricetes|Ghabrivirales||Totiviridae||Totivirus|
ULN99200.1_Pterostylis_totivirus_1615,Totiviridae_Totivirus,0,0,0,Riboviria,Orthornavirae,Duplornaviricota,,Chrymotiviricetes,Ghabrivirales,,Totiviridae,,Totivirus,,,Toti-Chryso,Riboviria|Orthornavirae|Duplornaviricota||Chrymotiviricetes|Ghabrivirales||Totiviridae||Totivirus|
UNY77798.1_Pichia_membranifaciens_virus_L-A_Pichia_membranifaciens_1505,Totiviridae_Totivirus,0,0,0,Riboviria,Orthornavirae,Duplornaviricota,,Chrymotiviricetes,Ghabrivirales,,Totiviridae,,Totivirus,,,Toti-Chryso,Riboviria|Orthornavirae|Duplornaviricota||Chrymotiviricetes|Ghabrivirales||Totiviridae||Totivirus|
UWL52184.1_Exobasidium_gracile_totivirus_2-2_Exobasidium_gracile_1539,Totiviridae_Totivirus,0,0,0,Riboviria,Orthornavirae,Duplornaviricota,,Chrymotiviricetes,Ghabrivirales,,Totiviridae,,Totivirus,,,Toti-Chryso,Riboviria|Orthornavirae|Duplornaviricota||Chrymotiviricetes|Ghabrivirales||Totiviridae||Totivirus|
WHWG8762_Hubei_toti-like_virus_4,Totiviridae_Totivirus,0,0,0,Riboviria,Orthornavirae,Duplornaviricota,,Chrymotiviricetes,Ghabrivirales,,Totiviridae,,Totivirus,,,Toti-Chryso,Riboviria|Orthornavirae|Duplornaviricota||Chrymotiviricetes|Ghabrivirales||Totiviridae||Totivirus|
WHZM10130_Wuhan_insect_virus_27,Totiviridae_Totivirus,0,0,0,Riboviria,Orthornavirae,Duplornaviricota,,Chrymotiviricetes,Ghabrivirales,,Totiviridae,,Totivirus,,,Toti-Chryso,Riboviria|Orthornavirae|Duplornaviricota||Chrymotiviricetes|Ghabrivirales||Totiviridae||Totivirus|
WHZM10161_Wuhan_insect_virus_26,Totiviridae_Totivirus,0,0,0,Riboviria,Orthornavirae,Duplornaviricota,,Chrymotiviricetes,Ghabrivirales,,Totiviridae,,Totivirus,,,Toti-Chryso,Riboviria|Orthornavirae|Duplornaviricota||Chrymotiviricetes|Ghabrivirales||Totiviridae||Totivirus|
YP_001497151_Black_raspberry_virus_F,Totiviridae_Totivirus,0,0,0,Riboviria,Orthornavirae,Duplornaviricota,,Chrymotiviricetes,Ghabrivirales,,Totiviridae,,Totivirus,,,Toti-Chryso,Riboviria|Orthornavirae|Duplornaviricota||Chrymotiviricetes|Ghabrivirales||Totiviridae||Totivirus|
YP_007697651_Xanthophyllomyces_dendrorhous_virus_L1A,Totiviridae_Totivirus,0,0,0,Riboviria,Orthornavirae,Duplornaviricota,,Chrymotiviricetes,Ghabrivirales,,Totiviridae,,Totivirus,Xanthophyllomyces dendrorhous virus L1A,,Toti-Chryso,Riboviria|Orthornavirae|Duplornaviricota||Chrymotiviricetes|Ghabrivirales||Totiviridae||Totivirus|Xanthophyllomyces dendrorhous virus L1A
YYSZX17757_Beihai_blue_swimmer_crab_virus_3,Totiviridae_Totivirus,0,0,0,Riboviria,Orthornavirae,Duplornaviricota,,Chrymotiviricetes,Ghabrivirales,,Totiviridae,,Totivirus,,,Toti-Chryso,Riboviria|Orthornavirae|Duplornaviricota||Chrymotiviricetes|Ghabrivirales||Totiviridae||Totivirus|
ZL17544_Hubei_toti-like_virus_3,Totiviridae_Totivirus,0,0,0,Riboviria,Orthornavirae,Duplornaviricota,,Chrymotiviricetes,Ghabrivirales,,Totiviridae,,Totivirus,,,Toti-Chryso,Riboviria|Orthornavirae|Duplornaviricota||Chrymotiviricetes|Ghabrivirales||Totiviridae||Totivirus|
NP_620730_Trichomonas_vaginalis_virus,Totiviridae_Trichomonasvirus,0,0,0,Riboviria,Orthornavirae,Duplornaviricota,,Chrymotiviricetes,Ghabrivirales,,Totiviridae,,Trichomonasvirus,Trichomonas vaginalis virus 1,,Toti-Chryso,Riboviria|Orthornavirae|Duplornaviricota||Chrymotiviricetes|Ghabrivirales||Totiviridae||Trichomonasvirus|Trichomonas vaginalis virus 1
NP_624323_Trichomonas_vaginalis_virus_2,Totiviridae_Trichomonasvirus,0,0,0,Riboviria,Orthornavirae,Duplornaviricota,,Chrymotiviricetes,Ghabrivirales,,Totiviridae,,Trichomonasvirus,Trichomonas vaginalis virus 2,,Toti-Chryso,Riboviria|Orthornavirae|Duplornaviricota||Chrymotiviricetes|Ghabrivirales||Totiviridae||Trichomonasvirus|Trichomonas vaginalis virus 2
NP_659390_Trichomonas_vaginalis_virus_3,Totiviridae_Trichomonasvirus,0,0,0,Riboviria,Orthornavirae,Duplornaviricota,,Chrymotiviricetes,Ghabrivirales,,Totiviridae,,Trichomonasvirus,Trichomonas vaginalis virus 3,,Toti-Chryso,Riboviria|Orthornavirae|Duplornaviricota||Chrymotiviricetes|Ghabrivirales||Totiviridae||Trichomonasvirus|Trichomonas vaginalis virus 3
AZT88631.1_Colletotrichum_caudatum_totivirus_1_Colletotrichum_caudatum_825,Totiviridae_Victorivirus,0,0,0,Riboviria,Orthornavirae,Duplornaviricota,,Chrymotiviricetes,Ghabrivirales,,Totiviridae,,Victorivirus,,,Toti-Chryso,Riboviria|Orthornavirae|Duplornaviricota||Chrymotiviricetes|Ghabrivirales||Totiviridae||Victorivirus|
BAU79524_Diatom_colony_associated_virus-Like_RNA,Totiviridae_Victorivirus,0,0,0,Riboviria,Orthornavirae,Duplornaviricota,,Chrymotiviricetes,Ghabrivirales,,Totiviridae,,Victorivirus,,,Toti-Chryso,Riboviria|Orthornavirae|Duplornaviricota||Chrymotiviricetes|Ghabrivirales||Totiviridae||Victorivirus|
BHZC37363_Beihai_victori-like_virus_1,Totiviridae_Victorivirus,0,0,0,Riboviria,Orthornavirae,Duplornaviricota,,Chrymotiviricetes,Ghabrivirales,,Totiviridae,,Victorivirus,,,Toti-Chryso,Riboviria|Orthornavirae|Duplornaviricota||Chrymotiviricetes|Ghabrivirales||Totiviridae||Victorivirus|
NP_047558_Sphaeropsis_sapinea_RNA_virus_1,Totiviridae_Victorivirus,0,0,0,Riboviria,Orthornavirae,Duplornaviricota,,Chrymotiviricetes,Ghabrivirales,,Totiviridae,,Victorivirus,Sphaeropsis sapinea RNA virus 1,,Toti-Chryso,Riboviria|Orthornavirae|Duplornaviricota||Chrymotiviricetes|Ghabrivirales||Totiviridae||Victorivirus|Sphaeropsis sapinea RNA virus 1
NP_047560_Sphaeropsis_sapinea_RNA_virus_2,Totiviridae_Victorivirus,0,0,0,Riboviria,Orthornavirae,Duplornaviricota,,Chrymotiviricetes,Ghabrivirales,,Totiviridae,,Victorivirus,Sphaeropsis sapinea RNA virus 2,,Toti-Chryso,Riboviria|Orthornavirae|Duplornaviricota||Chrymotiviricetes|Ghabrivirales||Totiviridae||Victorivirus|Sphaeropsis sapinea RNA virus 2
NP_108651_Eimeria_brunetti_RNA_virus_1,Totiviridae_Victorivirus,0,0,0,Riboviria,Orthornavirae,Duplornaviricota,,Chrymotiviricetes,Ghabrivirales,,Totiviridae,,Victorivirus,,,Toti-Chryso,Riboviria|Orthornavirae|Duplornaviricota||Chrymotiviricetes|Ghabrivirales||Totiviridae||Victorivirus|
NP_619670_Helminthosporium_victoriae_virus_190S,Totiviridae_Victorivirus,0,0,0,Riboviria,Orthornavirae,Duplornaviricota,,Chrymotiviricetes,Ghabrivirales,,Totiviridae,,Victorivirus,Helminthosporium victoriae virus 190S,,Toti-Chryso,Riboviria|Orthornavirae|Duplornaviricota||Chrymotiviricetes|Ghabrivirales||Totiviridae||Victorivirus|Helminthosporium victoriae virus 190S
NP_624332_Gremmeniella_abietina_RNA_virus_L1,Totiviridae_Victorivirus,0,0,0,Riboviria,Orthornavirae,Duplornaviricota,,Chrymotiviricetes,Ghabrivirales,,Totiviridae,,Victorivirus,Gremmeniella abietina RNA virus L1,,Toti-Chryso,Riboviria|Orthornavirae|Duplornaviricota||Chrymotiviricetes|Ghabrivirales||Totiviridae||Victorivirus|Gremmeniella abietina RNA virus L1
NP_898833_Helicobasidium_mompa_totivirus_1-17,Totiviridae_Victorivirus,0,0,0,Riboviria,Orthornavirae,Duplornaviricota,,Chrymotiviricetes,Ghabrivirales,,Totiviridae,,Victorivirus,Helicobasidium mompa totivirus 1-17,,Toti-Chryso,Riboviria|Orthornavirae|Duplornaviricota||Chrymotiviricetes|Ghabrivirales||Totiviridae||Victorivirus|Helicobasidium mompa totivirus 1-17
UHK03337.1_Hangzhou_totivirus_3_838,Totiviridae_Victorivirus,0,0,0,Riboviria,Orthornavirae,Duplornaviricota,,Chrymotiviricetes,Ghabrivirales,,Totiviridae,,Victorivirus,,,Toti-Chryso,Riboviria|Orthornavirae|Duplornaviricota||Chrymotiviricetes|Ghabrivirales||Totiviridae||Victorivirus|
UPO09358.1_Aspergillus_niger_victorivirus_1_Aspergillus_niger_827,Totiviridae_Victorivirus,0,0,0,Riboviria,Orthornavirae,Duplornaviricota,,Chrymotiviricetes,Ghabrivirales,,Totiviridae,,Victorivirus,,,Toti-Chryso,Riboviria|Orthornavirae|Duplornaviricota||Chrymotiviricetes|Ghabrivirales||Totiviridae||Victorivirus|
YP_001109580_Botryotinia_fuckeliana_totivirus_1,Totiviridae_Victorivirus,0,0,0,Riboviria,Orthornavirae,Duplornaviricota,,Chrymotiviricetes,Ghabrivirales,,Totiviridae,,Victorivirus,,,Toti-Chryso,Riboviria|Orthornavirae|Duplornaviricota||Chrymotiviricetes|Ghabrivirales||Totiviridae||Victorivirus|
YP_001649206_Magnaporthe_oryzae_virus_2,Totiviridae_Victorivirus,0,0,0,Riboviria,Orthornavirae,Duplornaviricota,,Chrymotiviricetes,Ghabrivirales,,Totiviridae,,Victorivirus,Magnaporthe oryzae virus 2,,Toti-Chryso,Riboviria|Orthornavirae|Duplornaviricota||Chrymotiviricetes|Ghabrivirales||Totiviridae||Victorivirus|Magnaporthe oryzae virus 2
YP_004089630_Tolypocladium_cylindrosporum_virus_1,Totiviridae_Victorivirus,0,0,0,Riboviria,Orthornavirae,Duplornaviricota,,Chrymotiviricetes,Ghabrivirales,,Totiviridae,,Victorivirus,,,Toti-Chryso,Riboviria|Orthornavirae|Duplornaviricota||Chrymotiviricetes|Ghabrivirales||Totiviridae||Victorivirus|
YP_007761589_Ustilaginoidea_virens_RNA_virus_1,Totiviridae_Victorivirus,0,0,0,Riboviria,Orthornavirae,Duplornaviricota,,Chrymotiviricetes,Ghabrivirales,,Totiviridae,,Victorivirus,,,Toti-Chryso,Riboviria|Orthornavirae|Duplornaviricota||Chrymotiviricetes|Ghabrivirales||Totiviridae||Victorivirus|
YP_008130308_Rosellinia_necatrix_victorivirus_1,Totiviridae_Victorivirus,0,0,0,Riboviria,Orthornavirae,Duplornaviricota,,Chrymotiviricetes,Ghabrivirales,,Totiviridae,,Victorivirus,Rosellinia necatrix victorivirus 1,,Toti-Chryso,Riboviria|Orthornavirae|Duplornaviricota||Chrymotiviricetes|Ghabrivirales||Totiviridae||Victorivirus|Rosellinia necatrix victorivirus 1
YP_009004156_Ustilaginoidea_virens_RNA_virus_3,Totiviridae_Victorivirus,0,0,0,Riboviria,Orthornavirae,Duplornaviricota,,Chrymotiviricetes,Ghabrivirales,,Totiviridae,,Victorivirus,,,Toti-Chryso,Riboviria|Orthornavirae|Duplornaviricota||Chrymotiviricetes|Ghabrivirales||Totiviridae||Victorivirus|
YP_009032633_Beauveria_bassiana_victorivirus,Totiviridae_Victorivirus,0,0,0,Riboviria,Orthornavirae,Duplornaviricota,,Chrymotiviricetes,Ghabrivirales,,Totiviridae,,Victorivirus,Beauveria bassiana victorivirus 1,,Toti-Chryso,Riboviria|Orthornavirae|Duplornaviricota||Chrymotiviricetes|Ghabrivirales||Totiviridae||Victorivirus|Beauveria bassiana victorivirus 1
YP_009072433_Botryosphaeria_dothidea_victorivirus_1,Totiviridae_Victorivirus,0,0,0,Riboviria,Orthornavirae,Duplornaviricota,,Chrymotiviricetes,Ghabrivirales,,Totiviridae,,Victorivirus,,,Toti-Chryso,Riboviria|Orthornavirae|Duplornaviricota||Chrymotiviricetes|Ghabrivirales||Totiviridae||Victorivirus|
YP_009094185_Ustilaginoidea_virens_RNA_virus_L,Totiviridae_Victorivirus,0,0,0,Riboviria,Orthornavirae,Duplornaviricota,,Chrymotiviricetes,Ghabrivirales,,Totiviridae,,Victorivirus,,,Toti-Chryso,Riboviria|Orthornavirae|Duplornaviricota||Chrymotiviricetes|Ghabrivirales||Totiviridae||Victorivirus|
YP_009115492_Phomopsis_vexans_RNA_virus,Totiviridae_Victorivirus,0,0,0,Riboviria,Orthornavirae,Duplornaviricota,,Chrymotiviricetes,Ghabrivirales,,Totiviridae,,Victorivirus,,,Toti-Chryso,Riboviria|Orthornavirae|Duplornaviricota||Chrymotiviricetes|Ghabrivirales||Totiviridae||Victorivirus|
YP_009115500_Eimeria_tenella_RNA_virus_1,Totiviridae_Victorivirus,0,0,0,Riboviria,Orthornavirae,Duplornaviricota,,Chrymotiviricetes,Ghabrivirales,,Totiviridae,,Victorivirus,,,Toti-Chryso,Riboviria|Orthornavirae|Duplornaviricota||Chrymotiviricetes|Ghabrivirales||Totiviridae||Victorivirus|
YP_024728_Chalara_elegans_RNA_Virus_1,Totiviridae_Victorivirus,0,0,0,Riboviria,Orthornavirae,Duplornaviricota,,Chrymotiviricetes,Ghabrivirales,,Totiviridae,,Victorivirus,Chalara elegans RNA Virus 1,,Toti-Chryso,Riboviria|Orthornavirae|Duplornaviricota||Chrymotiviricetes|Ghabrivirales||Totiviridae||Victorivirus|Chalara elegans RNA Virus 1
YP_044807_Gremmeniella_abietina_RNA_virus_L2,Totiviridae_Victorivirus,0,0,0,Riboviria,Orthornavirae,Duplornaviricota,,Chrymotiviricetes,Ghabrivirales,,Totiviridae,,Victorivirus,,,Toti-Chryso,Riboviria|Orthornavirae|Duplornaviricota||Chrymotiviricetes|Ghabrivirales||Totiviridae||Victorivirus|
YP_122352_Magnaporthe_oryzae_virus_1,Totiviridae_Victorivirus,0,0,0,Riboviria,Orthornavirae,Duplornaviricota,,Chrymotiviricetes,Ghabrivirales,,Totiviridae,,Victorivirus,Magnaporthe oryzae virus 1,,Toti-Chryso,Riboviria|Orthornavirae|Duplornaviricota||Chrymotiviricetes|Ghabrivirales||Totiviridae||Victorivirus|Magnaporthe oryzae virus 1
YP_392467_Coniothyrium_minitans_RNA_virus,Totiviridae_Victorivirus,0,0,0,Riboviria,Orthornavirae,Duplornaviricota,,Chrymotiviricetes,Ghabrivirales,,Totiviridae,,Victorivirus,Coniothyrium minitans RNA virus,,Toti-Chryso,Riboviria|Orthornavirae|Duplornaviricota||Chrymotiviricetes|Ghabrivirales||Totiviridae||Victorivirus|Coniothyrium minitans RNA virus
ZL17075_Hubei_toti-like_virus_1,Totiviridae_Victorivirus,0,0,0,Riboviria,Orthornavirae,Duplornaviricota,,Chrymotiviricetes,Ghabrivirales,,Totiviridae,,Victorivirus,,,Toti-Chryso,Riboviria|Orthornavirae|Duplornaviricota||Chrymotiviricetes|Ghabrivirales||Totiviridae||Victorivirus|
