Cluster_sseqid,Cluster_taxon,Human,Vertebrates,Plant,Realm,Kingdom,Phylum,Subphylum,Class,Order,Suborder,Family,Subfamily,Genus,Species,,SuperGroup,Taxon_set
BHXun32263_Beihai_Nido-like_virus_2,Euroniviridae,0,0,0,Riboviria,Orthornavirae,Pisuviricota,,Pisoniviricetes,Nidovirales,Ronidovirineae,Euroniviridae,Ceronivirinae,Charybnivirus,Charybnivirus 1,,Nido,Riboviria|Orthornavirae|Pisuviricota||Pisoniviricetes|Nidovirales|Arnidovirineae|Arteriviridae|Variarterivirinae|Gammaarterivirus|Gammaarterivirus lacdeh
WLJQ99370_Wenling_virus_1,Euroniviridae,0,0,0,Riboviria,Orthornavirae,Pisuviricota,,Pisoniviricetes,Nidovirales,Ronidovirineae,Euroniviridae,Ceronivirinae,Charybnivirus,Decronivirus 1,,Nido,Riboviria|Orthornavirae|Pisuviricota||Pisoniviricetes|Nidovirales|Arnidovirineae|Arteriviridae|Variarterivirinae|Betaarterivirus|Betaarterivirus suid 2
BHJJX25971_Beihai_hermit_crab_virus_4,Euroniviridae,0,0,0,Riboviria,Orthornavirae,Pisuviricota,,Pisoniviricetes,Nidovirales,Ronidovirineae,Euroniviridae,Ceronivirinae,Paguronivirus,Paguronivirus 1,,Nido,Riboviria|Orthornavirae|Pisuviricota||Pisoniviricetes|Nidovirales|Tornidovirineae|Tobaniviridae|Torovirinae|Torovirus|Bovine torovirus
NC_002532_Equine_arteritis_virus,Arteriviridae,1,1,0,Riboviria,Orthornavirae,Pisuviricota,,Pisoniviricetes,Nidovirales,Arnidovirineae,Arteriviridae,Equarterivirinae,Alphaarterivirus,Alphaarterivirus equid arteritis virus,,Nido,Riboviria|Orthornavirae|Pisuviricota||Pisoniviricetes|Nidovirales|Tornidovirineae|Tobaniviridae|Torovirinae|Torovirus|Porcine torovirus
NC_026439_African_pouched_rat_arterivirus,Arteriviridae,0,1,0,Riboviria,Orthornavirae,Pisuviricota,,Pisoniviricetes,Nidovirales,Arnidovirineae,Arteriviridae,Heroarterivirinae,Lambdaarterivirus,Lambdaarterivirus afriporav,,Nido,Riboviria|Orthornavirae|Pisuviricota||Pisoniviricetes|Nidovirales|Arnidovirineae|Arteriviridae|Simarterivirinae|Deltaarterivirus|Deltaarterivirus hemfev
NC_015874_Nam_Dinh_virus,Mesoniviridae,0,0,0,Riboviria,Orthornavirae,Pisuviricota,,Pisoniviricetes,Nidovirales,Mesnidovirineae,Mesoniviridae,Hexponivirinae,Alphamesonivirus,Alphamesonivirus 1,,Nido,Riboviria|Orthornavirae|Pisuviricota||Pisoniviricetes|Nidovirales|Arnidovirineae|Arteriviridae|Simarterivirinae|Iotaarterivirus|Iotaarterivirus debrazmo
NC_020900_Meno_virus_strain,Mesoniviridae,0,0,0,Riboviria,Orthornavirae,Pisuviricota,,Pisoniviricetes,Nidovirales,Mesnidovirineae,Mesoniviridae,Hexponivirinae,Alphamesonivirus,Alphamesonivirus 9,,Nido,Riboviria|Orthornavirae|Pisuviricota||Pisoniviricetes|Nidovirales|Tornidovirineae|Tobaniviridae|Serpentovirinae|Pregotovirus|Ball python nidovirus 1
NC_020901_Nse_virus_strain,Mesoniviridae,0,0,0,Riboviria,Orthornavirae,Pisuviricota,,Pisoniviricetes,Nidovirales,Mesnidovirineae,Mesoniviridae,Hexponivirinae,Alphamesonivirus,Alphamesonivirus 8,,Nido,Riboviria|Orthornavirae|Pisuviricota||Pisoniviricetes|Nidovirales|Tornidovirineae|Tobaniviridae|Serpentovirinae|Vebetovirus|Vebetovirus paba
YP_009551696.1_Yichang_virus_5365,Mesoniviridae,0,0,0,Riboviria,Orthornavirae,Pisuviricota,,Pisoniviricetes,Nidovirales,Mesnidovirineae,Mesoniviridae,Hexponivirinae,Alphamesonivirus,Alphamesonivirus 11,,Nido,Riboviria|Orthornavirae|Pisuviricota||Pisoniviricetes|Nidovirales|Tornidovirineae|Tobaniviridae|Serpentovirinae|Sectovirus|Sectovirus 1
YP_009551452.1_PSCNV_Planarian_secretory_cell_nidovirus_PSCNV_13556,Mononiviridae,0,0,0,Riboviria,Orthornavirae,Pisuviricota,,Pisoniviricetes,Nidovirales,Monidovirineae,Mononiviridae,Mononivirinae,Alphamononivirus,Planidovirus 1,,Nido,Riboviria|Orthornavirae|Pisuviricota||Pisoniviricetes|Nidovirales|Tornidovirineae|Tobaniviridae|Serpentovirinae|Infratovirus|Infratovirus 1
NC_010306_Gill-associated_virus,Roniviridae,0,0,0,Riboviria,Orthornavirae,Pisuviricota,,Pisoniviricetes,Nidovirales,Ronidovirineae,Roniviridae,Okanivirinae,Okavirus,Okavirus branchiae,,Nido,Riboviria|Orthornavirae|Pisuviricota||Pisoniviricetes|Nidovirales|Tornidovirineae|Tobaniviridae|Serpentovirinae|Pregotovirus|Berisnavirus 1
NC_002306_Feline_infectious_peritonitis_virus,Coronaviridae,0,1,0,Riboviria,Orthornavirae,Pisuviricota,,Pisoniviricetes,Nidovirales,Cornidovirineae,Coronaviridae,Orthocoronavirinae,Alphacoronavirus,Feline infectious peritonitis virus,,Nido,Riboviria|Orthornavirae|Pisuviricota||Pisoniviricetes|Nidovirales|Tornidovirineae|Tobaniviridae|Piscanivirinae|Bafinivirus|White bream virus
NC_003436_Porcine_epidemic_diarrhea_virus,Coronaviridae,0,1,0,Riboviria,Orthornavirae,Pisuviricota,,Pisoniviricetes,Nidovirales,Cornidovirineae,Coronaviridae,Orthocoronavirinae,Alphacoronavirus,Porcine epidemic diarrhea virus,,Nido,Riboviria|Orthornavirae|Pisuviricota||Pisoniviricetes|Nidovirales|Cornidovirineae|Coronaviridae|Orthocoronavirinae|Gammacoronavirus|Avian coronavirus 9203
NC_005831_Human_coronavirus_NL63,Coronaviridae,1,0,0,Riboviria,Orthornavirae,Pisuviricota,,Pisoniviricetes,Nidovirales,Cornidovirineae,Coronaviridae,Orthocoronavirinae,Alphacoronavirus,Human coronavirus NL63,,Nido,Riboviria|Orthornavirae|Pisuviricota||Pisoniviricetes|Nidovirales|Cornidovirineae|Coronaviridae|Orthocoronavirinae|Alphacoronavirus|Feline infectious peritonitis virus
NC_010438_Bat_coronavirus_HKU8,Coronaviridae,0,1,0,Riboviria,Orthornavirae,Pisuviricota,,Pisoniviricetes,Nidovirales,Cornidovirineae,Coronaviridae,Orthocoronavirinae,Alphacoronavirus,Miniopterus bat coronavirus HKU8,,Nido,Riboviria|Orthornavirae|Pisuviricota||Pisoniviricetes|Nidovirales|Cornidovirineae|Coronaviridae|Orthocoronavirinae|Alphacoronavirus|Porcine epidemic diarrhea virus
NP_073549_Human_coronavirus_229E,Coronaviridae,1,0,0,Riboviria,Orthornavirae,Pisuviricota,,Pisoniviricetes,Nidovirales,Cornidovirineae,Coronaviridae,Orthocoronavirinae,Alphacoronavirus,Human coronavirus 229E,,Nido,Riboviria|Orthornavirae|Pisuviricota||Pisoniviricetes|Nidovirales|Cornidovirineae|Coronaviridae|Orthocoronavirinae|Betacoronavirus|Severe acute respiratory syndrome-related coronavirus
YP_009755838.1_Shrew_coronavirus_6381,Coronaviridae,0,1,0,Riboviria,Orthornavirae,Pisuviricota,,Pisoniviricetes,Nidovirales,Cornidovirineae,Coronaviridae,Orthocoronavirinae,Alphacoronavirus,Sorex araneus coronavirus T14,,Nido,Riboviria|Orthornavirae|Pisuviricota||Pisoniviricetes|Nidovirales|Cornidovirineae|Coronaviridae|Orthocoronavirinae|Alphacoronavirus|Human coronavirus NL63
YP_009755889.1_Alphacoronavirus_Bat-CoV/P.kuhlii/Italy/3398-19/2015_6631,Coronaviridae,0,1,0,Riboviria,Orthornavirae,Pisuviricota,,Pisoniviricetes,Nidovirales,Cornidovirineae,Coronaviridae,Orthocoronavirinae,Alphacoronavirus,Pipistrellus kuhlii coronavirus 3398,,Nido,Riboviria|Orthornavirae|Pisuviricota||Pisoniviricetes|Nidovirales|Cornidovirineae|Coronaviridae|Orthocoronavirinae|Betacoronavirus|Human coronavirus HKU1
NC_004718_SARS_coronavirus,Coronaviridae,1,1,0,Riboviria,Orthornavirae,Pisuviricota,,Pisoniviricetes,Nidovirales,Cornidovirineae,Coronaviridae,Orthocoronavirinae,Betacoronavirus,Severe acute respiratory syndrome-related coronavirus,,Nido,Riboviria|Orthornavirae|Pisuviricota||Pisoniviricetes|Nidovirales|Cornidovirineae|Coronaviridae|Orthocoronavirinae|Alphacoronavirus|Miniopterus bat coronavirus HKU8
NC_006577_Human_coronavirus_HKU1,Coronaviridae,1,1,0,Riboviria,Orthornavirae,Pisuviricota,,Pisoniviricetes,Nidovirales,Cornidovirineae,Coronaviridae,Orthocoronavirinae,Betacoronavirus,Human coronavirus HKU1,,Nido,Riboviria|Orthornavirae|Pisuviricota||Pisoniviricetes|Nidovirales|Cornidovirineae|Coronaviridae|Orthocoronavirinae|Gammacoronavirus|Beluga whale coronavirus SW1
NC_019843_Middle_East_respiratory_syndrome_coronavirus,Coronaviridae,1,1,0,Riboviria,Orthornavirae,Pisuviricota,,Pisoniviricetes,Nidovirales,Cornidovirineae,Coronaviridae,Orthocoronavirinae,Betacoronavirus,Middle East respiratory syndrome-related coronavirus,,Nido,Riboviria|Orthornavirae|Pisuviricota||Pisoniviricetes|Nidovirales|Cornidovirineae|Coronaviridae|Orthocoronavirinae|Deltacoronavirus|Sparrow coronavirus HKU17
UVF62111.1_Bat_faecal_coronavirus_Pteropus_poliocephalus_6879,Coronaviridae,0,1,0,Riboviria,Orthornavirae,Pisuviricota,,Pisoniviricetes,Nidovirales,Cornidovirineae,Coronaviridae,Orthocoronavirinae,Betacoronavirus,,,Nido,Riboviria|Orthornavirae|Pisuviricota||Pisoniviricetes|Nidovirales|Cornidovirineae|Coronaviridae|Orthocoronavirinae|Deltacoronavirus|Wigeon coronavirus HKU20
YP_009755832.1_Rodent_coronavirus_7128,Coronaviridae,0,1,0,Riboviria,Orthornavirae,Pisuviricota,,Pisoniviricetes,Nidovirales,Cornidovirineae,Coronaviridae,Orthocoronavirinae,Betacoronavirus,Myodes coronavirus 2JL14,,Nido,Riboviria|Orthornavirae|Pisuviricota||Pisoniviricetes|Nidovirales|Cornidovirineae|Coronaviridae|Orthocoronavirinae|Betacoronavirus|Middle East respiratory syndrome-related coronavirus
NC_016992_Sparrow_coronavirus_HKU17,Coronaviridae,0,1,0,Riboviria,Orthornavirae,Pisuviricota,,Pisoniviricetes,Nidovirales,Cornidovirineae,Coronaviridae,Orthocoronavirinae,Deltacoronavirus,Sparrow coronavirus HKU17,,Nido,Riboviria|Orthornavirae|Pisuviricota||Pisoniviricetes|Nidovirales|Cornidovirineae|Coronaviridae|Orthocoronavirinae|Alphacoronavirus|Human coronavirus 229E
NC_016995_Wigeon_coronavirus_HKU20,Coronaviridae,0,1,0,Riboviria,Orthornavirae,Pisuviricota,,Pisoniviricetes,Nidovirales,Cornidovirineae,Coronaviridae,Orthocoronavirinae,Deltacoronavirus,Wigeon coronavirus HKU20,,Nido,Riboviria|Orthornavirae|Pisuviricota||Pisoniviricetes|Nidovirales|Cornidovirineae|Coronaviridae|Orthocoronavirinae|Betacoronavirus|
NC_001451_Avian_infectious_bronchitis_virus,Coronaviridae,0,1,0,Riboviria,Orthornavirae,Pisuviricota,,Pisoniviricetes,Nidovirales,Cornidovirineae,Coronaviridae,Orthocoronavirinae,Gammacoronavirus,Avian coronavirus 9203,,Nido,Riboviria|Orthornavirae|Pisuviricota||Pisoniviricetes|Nidovirales|Cornidovirineae|Coronaviridae|Orthocoronavirinae|Betacoronavirus|Myodes coronavirus 2JL14
NC_010646_Beluga_Whale_coronavirus_SW1,Coronaviridae,0,1,0,Riboviria,Orthornavirae,Pisuviricota,,Pisoniviricetes,Nidovirales,Cornidovirineae,Coronaviridae,Orthocoronavirinae,Gammacoronavirus,Beluga whale coronavirus SW1,,Nido,Riboviria|Orthornavirae|Pisuviricota||Pisoniviricetes|Nidovirales|Cornidovirineae|Coronaviridae|Orthocoronavirinae|Alphacoronavirus|Sorex araneus coronavirus T14
YP_009755895.1_Canada_goose_coronavirus_6510,Coronaviridae,0,1,0,Riboviria,Orthornavirae,Pisuviricota,,Pisoniviricetes,Nidovirales,Cornidovirineae,Coronaviridae,Orthocoronavirinae,Gammacoronavirus,Goose coronavirus CB17,,Nido,Riboviria|Orthornavirae|Pisuviricota||Pisoniviricetes|Nidovirales|Cornidovirineae|Coronaviridae|Orthocoronavirinae|Alphacoronavirus|Pipistrellus kuhlii coronavirus 3398
NC_008516_White_bream_virus,Tobaniviridae,0,0,0,Riboviria,Orthornavirae,Pisuviricota,,Pisoniviricetes,Nidovirales,Tornidovirineae,Tobaniviridae,Piscanivirinae,Bafinivirus,White bream virus,,Nido,Riboviria|Orthornavirae|Pisuviricota||Pisoniviricetes|Nidovirales|Cornidovirineae|Coronaviridae|Orthocoronavirinae|Gammacoronavirus|Goose coronavirus CB17
XZSJSC65757_Xinzhou_toro-like_virus,Tobaniviridae,0,0,0,Riboviria,Orthornavirae,Pisuviricota,,Pisoniviricetes,Nidovirales,Tornidovirineae,Tobaniviridae,Serpentovirinae,Infratovirus,Infratovirus 1,,Nido,Riboviria|Orthornavirae|Pisuviricota||Pisoniviricetes|Nidovirales|Ronidovirineae|Roniviridae|Okanivirinae|Okavirus|Okavirus branchiae
NC_024709_Ball_python_nidovirus,Tobaniviridae,0,0,0,Riboviria,Orthornavirae,Pisuviricota,,Pisoniviricetes,Nidovirales,Tornidovirineae,Tobaniviridae,Serpentovirinae,Pregotovirus,Ball python nidovirus 1,,Nido,Riboviria|Orthornavirae|Pisuviricota||Pisoniviricetes|Nidovirales|Monidovirineae|Mononiviridae|Mononivirinae|Alphamononivirus|Planidovirus 1
YP_009755843.1_Bellinger_River_virus_7459,Tobaniviridae,0,0,0,Riboviria,Orthornavirae,Pisuviricota,,Pisoniviricetes,Nidovirales,Tornidovirineae,Tobaniviridae,Serpentovirinae,Pregotovirus,Berisnavirus 1,,Nido,Riboviria|Orthornavirae|Pisuviricota||Pisoniviricetes|Nidovirales|Mesnidovirineae|Mesoniviridae|Hexponivirinae|Alphamesonivirus|Alphamesonivirus 1
XZSJSC61041_Xinzhou_nematode_virus_6,Tobaniviridae,0,0,0,Riboviria,Orthornavirae,Pisuviricota,,Pisoniviricetes,Nidovirales,Tornidovirineae,Tobaniviridae,Serpentovirinae,Sectovirus,Sectovirus 1,,Nido,Riboviria|Orthornavirae|Pisuviricota||Pisoniviricetes|Nidovirales|Mesnidovirineae|Mesoniviridae|Hexponivirinae|Alphamesonivirus|Alphamesonivirus 9
QRC47039.1_Veiled_chameleon_serpentovirus_B_Chamaeleo_calyptratus_8927,Tobaniviridae,0,0,0,Riboviria,Orthornavirae,Pisuviricota,,Pisoniviricetes,Nidovirales,Tornidovirineae,Tobaniviridae,Serpentovirinae,Vebetovirus,Vebetovirus paba,,Nido,Riboviria|Orthornavirae|Pisuviricota||Pisoniviricetes|Nidovirales|Mesnidovirineae|Mesoniviridae|Hexponivirinae|Alphamesonivirus|Alphamesonivirus 8
NC_003092_Simian_hemorrhagic_fever_virus,Arteriviridae,0,1,0,Riboviria,Orthornavirae,Pisuviricota,,Pisoniviricetes,Nidovirales,Arnidovirineae,Arteriviridae,Simarterivirinae,Deltaarterivirus,Deltaarterivirus hemfev,,Nido,Riboviria|Orthornavirae|Pisuviricota||Pisoniviricetes|Nidovirales|Mesnidovirineae|Mesoniviridae|Hexponivirinae|Alphamesonivirus|Alphamesonivirus 11
NC_026509_De_Brazzas_monkey_arterivirus,Arteriviridae,0,1,0,Riboviria,Orthornavirae,Pisuviricota,,Pisoniviricetes,Nidovirales,Arnidovirineae,Arteriviridae,Simarterivirinae,Iotaarterivirus,Iotaarterivirus debrazmo,,Nido,Riboviria|Orthornavirae|Pisuviricota||Pisoniviricetes|Nidovirales|Arnidovirineae|Arteriviridae|Heroarterivirinae|Lambdaarterivirus|Lambdaarterivirus afriporav
NC_007447_Breda_virus,Tobaniviridae,0,0,0,Riboviria,Orthornavirae,Pisuviricota,,Pisoniviricetes,Nidovirales,Tornidovirineae,Tobaniviridae,Torovirinae,Torovirus,Bovine torovirus,,Nido,Riboviria|Orthornavirae|Pisuviricota||Pisoniviricetes|Nidovirales|Arnidovirineae|Arteriviridae|Equarterivirinae|Alphaarterivirus|Alphaarterivirus equid arteritis virus
NC_022787_Porcine_torovirus,Tobaniviridae,0,0,0,Riboviria,Orthornavirae,Pisuviricota,,Pisoniviricetes,Nidovirales,Tornidovirineae,Tobaniviridae,Torovirinae,Torovirus,Porcine torovirus,,Nido,Riboviria|Orthornavirae|Pisuviricota||Pisoniviricetes|Nidovirales|Ronidovirineae|Euroniviridae|Ceronivirinae|Paguronivirus|Paguronivirus 1
NC_001961_PRRSV,Arteriviridae,0,1,0,Riboviria,Orthornavirae,Pisuviricota,,Pisoniviricetes,Nidovirales,Arnidovirineae,Arteriviridae,Variarterivirinae,Betaarterivirus,Betaarterivirus suid 2,,Nido,Riboviria|Orthornavirae|Pisuviricota||Pisoniviricetes|Nidovirales|Ronidovirineae|Euroniviridae|Ceronivirinae|Charybnivirus|Charybnivirus 1
NC_001639_Lactate_dehydrogenase-elevating_virus,Arteriviridae,0,1,0,Riboviria,Orthornavirae,Pisuviricota,,Pisoniviricetes,Nidovirales,Arnidovirineae,Arteriviridae,Variarterivirinae,Gammaarterivirus,Gammaarterivirus lacdeh,,Nido,Riboviria|Orthornavirae|Pisuviricota||Pisoniviricetes|Nidovirales|Ronidovirineae|Euroniviridae|Ceronivirinae|Charybnivirus|Decronivirus 1
NC_025113_Southwest_baboon_virus_1,Arteriviridae,0,1,0,Riboviria,Orthornavirae,Pisuviricota,,Pisoniviricetes,Nidovirales,Arnidovirineae,Arteriviridae,,,,,Nido,Riboviria|Orthornavirae|Pisuviricota||Pisoniviricetes|Nidovirales|Arnidovirineae|Arteriviridae|||
Cartilaginous_NHYJS6157_Nanhai_ghost_shark_arterivirus_13162bp,Arteriviridae,0,1,0,Riboviria,Orthornavirae,Pisuviricota,,Pisoniviricetes,Nidovirales,Arnidovirineae,Arteriviridae,,,,,Nido,Riboviria|Orthornavirae|Pisuviricota||Pisoniviricetes|Nidovirales|Arnidovirineae|Arteriviridae|||
Reptile_LPSG2430_Guangdong_greater_green_snake_arterivirus_18410bp,Arteriviridae,0,1,0,Riboviria,Orthornavirae,Pisuviricota,,Pisoniviricetes,Nidovirales,Arnidovirineae,Arteriviridae,,,,,Nido,Riboviria|Orthornavirae|Pisuviricota||Pisoniviricetes|Nidovirales|Arnidovirineae|Arteriviridae|||
QYL35070.1_Lopma_virus_Lophuromys_machangui_3485,Arteriviridae,0,1,0,Riboviria,Orthornavirae,Pisuviricota,,Pisoniviricetes,Nidovirales,Arnidovirineae,Arteriviridae,,,,,Nido,Riboviria|Orthornavirae|Pisuviricota||Pisoniviricetes|Nidovirales|Arnidovirineae|Arteriviridae|||
Amphibia_GECV01031551_Microhyla_fissipes,Coronaviridae,0,1,0,Riboviria,Orthornavirae,Pisuviricota,,Pisoniviricetes,Nidovirales,Cornidovirineae,Coronaviridae,,,,,Nido,Riboviria|Orthornavirae|Pisuviricota||Pisoniviricetes|Nidovirales|Cornidovirineae|Coronaviridae|||
Reptile_ZGLXR118981_Guangdong_chinese_water_skink_coronavirus_22445bp,Coronaviridae,0,1,0,Riboviria,Orthornavirae,Pisuviricota,,Pisoniviricetes,Nidovirales,Cornidovirineae,Coronaviridae,,,,,Nido,Riboviria|Orthornavirae|Pisuviricota||Pisoniviricetes|Nidovirales|Cornidovirineae|Coronaviridae|||
BZL87871_Beihai_Nido-like_virus_1,Mesoniviridae,0,0,0,Riboviria,Orthornavirae,Pisuviricota,,Pisoniviricetes,Nidovirales,Mesnidovirineae,Mesoniviridae,,,,,Nido,Riboviria|Orthornavirae|Pisuviricota||Pisoniviricetes|Nidovirales|Mesnidovirineae|Mesoniviridae|||
SCM49454_Wuhan_virus_1,Nido,0,0,0,Riboviria,Orthornavirae,Pisuviricota,,Pisoniviricetes,Nidovirales,,,,,,,Nido,Riboviria|Orthornavirae|Pisuviricota||Pisoniviricetes|Nidovirales|||||
shrimp13441_Wenzhou_Nido-like_virus_1,Nido,0,0,0,Riboviria,Orthornavirae,Pisuviricota,,Pisoniviricetes,Nidovirales,,,,,,,Nido,Riboviria|Orthornavirae|Pisuviricota||Pisoniviricetes|Nidovirales|||||
SSZZ3468_Hubei_tetragnatha_maxillosa_virus_7,Nido,0,0,0,Riboviria,Orthornavirae,Pisuviricota,,Pisoniviricetes,Nidovirales,,,,,,,Nido,Riboviria|Orthornavirae|Pisuviricota||Pisoniviricetes|Nidovirales|||||
WHCCII13334_Wuhan_insect_virus_19,Nido,0,0,0,Riboviria,Orthornavirae,Pisuviricota,,Pisoniviricetes,Nidovirales,,,,,,,Nido,Riboviria|Orthornavirae|Pisuviricota||Pisoniviricetes|Nidovirales|||||
YP_009553214.1_Aplysia_californica_virus_8376,Nido,0,0,0,Riboviria,Orthornavirae,Pisuviricota,,Pisoniviricetes,Nidovirales,,,,,,,Nido,Riboviria|Orthornavirae|Pisuviricota||Pisoniviricetes|Nidovirales|||||
