Cluster_sseqid,Cluster_taxon,Human,Vertebrates,Plant,Realm,Kingdom,Phylum,Subphylum,Class,Order,Suborder,Family,Subfamily,Genus,Species,,SuperGroup,Taxon_set
arthropodmix12988_Hubei_noda-like_virus_10,Nodaviridae,0,0,0,Riboviria,Orthornavirae,Kitrinoviricota,,Magsaviricetes,Nodamuvirales,,Nodaviridae,,,,,Tombus-Noda,Riboviria|Orthornavirae|Kitrinoviricota||Magsaviricetes|Nodamuvirales||Nodaviridae|||
beimix38484_Wenzhou_bivalvia_virus_3,Nodaviridae,0,0,0,Riboviria,Orthornavirae,Kitrinoviricota,,Magsaviricetes,Nodamuvirales,,Nodaviridae,,,,,Tombus-Noda,Riboviria|Orthornavirae|Kitrinoviricota||Magsaviricetes|Nodamuvirales||Nodaviridae|||
BHBJDX12560_Beihai_noda-like_virus_24,Nodaviridae,0,0,0,Riboviria,Orthornavirae,Kitrinoviricota,,Magsaviricetes,Nodamuvirales,,Nodaviridae,,,,,Tombus-Noda,Riboviria|Orthornavirae|Kitrinoviricota||Magsaviricetes|Nodamuvirales||Nodaviridae|||
BHBJDX17825_Beihai_noda-like_virus_28,Nodaviridae,0,0,0,Riboviria,Orthornavirae,Kitrinoviricota,,Magsaviricetes,Nodamuvirales,,Nodaviridae,,,,,Tombus-Noda,Riboviria|Orthornavirae|Kitrinoviricota||Magsaviricetes|Nodamuvirales||Nodaviridae|||
BHBJDX18793_Beihai_shrimp_virus_6_RdRp,Nodaviridae,0,0,0,Riboviria,Orthornavirae,Kitrinoviricota,,Magsaviricetes,Nodamuvirales,,Nodaviridae,,,,,Tombus-Noda,Riboviria|Orthornavirae|Kitrinoviricota||Magsaviricetes|Nodamuvirales||Nodaviridae|||
BHHK108774_Beihai_noda-like_virus_27,Nodaviridae,0,0,0,Riboviria,Orthornavirae,Kitrinoviricota,,Magsaviricetes,Nodamuvirales,,Nodaviridae,,,,,Tombus-Noda,Riboviria|Orthornavirae|Kitrinoviricota||Magsaviricetes|Nodamuvirales||Nodaviridae|||
BHHK113658_Beihai_noda-like_virus_23,Nodaviridae,0,0,0,Riboviria,Orthornavirae,Kitrinoviricota,,Magsaviricetes,Nodamuvirales,,Nodaviridae,,,,,Tombus-Noda,Riboviria|Orthornavirae|Kitrinoviricota||Magsaviricetes|Nodamuvirales||Nodaviridae|||
BHHK130223_Beihai_noda-like_virus_14,Nodaviridae,0,0,0,Riboviria,Orthornavirae,Kitrinoviricota,,Magsaviricetes,Nodamuvirales,,Nodaviridae,,,,,Tombus-Noda,Riboviria|Orthornavirae|Kitrinoviricota||Magsaviricetes|Nodamuvirales||Nodaviridae|||
BHJJX49550_Beihai_noda-like_virus_11_RdRp,Nodaviridae,0,0,0,Riboviria,Orthornavirae,Kitrinoviricota,,Magsaviricetes,Nodamuvirales,,Nodaviridae,,,,,Tombus-Noda,Riboviria|Orthornavirae|Kitrinoviricota||Magsaviricetes|Nodamuvirales||Nodaviridae|||
BHJJX6144_Beihai_noda-like_virus_30,Nodaviridae,0,0,0,Riboviria,Orthornavirae,Kitrinoviricota,,Magsaviricetes,Nodamuvirales,,Nodaviridae,,,,,Tombus-Noda,Riboviria|Orthornavirae|Kitrinoviricota||Magsaviricetes|Nodamuvirales||Nodaviridae|||
BHNXC40905_Beihai_noda-like_virus_4,Nodaviridae,0,0,0,Riboviria,Orthornavirae,Kitrinoviricota,,Magsaviricetes,Nodamuvirales,,Nodaviridae,,,,,Tombus-Noda,Riboviria|Orthornavirae|Kitrinoviricota||Magsaviricetes|Nodamuvirales||Nodaviridae|||
BHTH10280_Beihai_barnacle_virus_11_RdRp,Nodaviridae,0,0,0,Riboviria,Orthornavirae,Kitrinoviricota,,Magsaviricetes,Nodamuvirales,,Nodaviridae,,,,,Tombus-Noda,Riboviria|Orthornavirae|Kitrinoviricota||Magsaviricetes|Nodamuvirales||Nodaviridae|||
BHTSS17005_Beihai_sphaeromadae_virus_3_RdRp,Nodaviridae,0,0,0,Riboviria,Orthornavirae,Kitrinoviricota,,Magsaviricetes,Nodamuvirales,,Nodaviridae,,,,,Tombus-Noda,Riboviria|Orthornavirae|Kitrinoviricota||Magsaviricetes|Nodamuvirales||Nodaviridae|||
BHTSS26432_Beihai_sphaeromadae_virus_2,Nodaviridae,0,0,0,Riboviria,Orthornavirae,Kitrinoviricota,,Magsaviricetes,Nodamuvirales,,Nodaviridae,,,,,Tombus-Noda,Riboviria|Orthornavirae|Kitrinoviricota||Magsaviricetes|Nodamuvirales||Nodaviridae|||
BHWZXX12837_Beihai_noda-like_virus_8,Nodaviridae,0,0,0,Riboviria,Orthornavirae,Kitrinoviricota,,Magsaviricetes,Nodamuvirales,,Nodaviridae,,,,,Tombus-Noda,Riboviria|Orthornavirae|Kitrinoviricota||Magsaviricetes|Nodamuvirales||Nodaviridae|||
BHWZXX15622_Beihai_noda-like_virus_29,Nodaviridae,0,0,0,Riboviria,Orthornavirae,Kitrinoviricota,,Magsaviricetes,Nodamuvirales,,Nodaviridae,,,,,Tombus-Noda,Riboviria|Orthornavirae|Kitrinoviricota||Magsaviricetes|Nodamuvirales||Nodaviridae|||
BHWZXX15658_Beihai_noda-like_virus_26,Nodaviridae,0,0,0,Riboviria,Orthornavirae,Kitrinoviricota,,Magsaviricetes,Nodamuvirales,,Nodaviridae,,,,,Tombus-Noda,Riboviria|Orthornavirae|Kitrinoviricota||Magsaviricetes|Nodamuvirales||Nodaviridae|||
BHWZXX2233_Beihai_noda-like_virus_7,Nodaviridae,0,0,0,Riboviria,Orthornavirae,Kitrinoviricota,,Magsaviricetes,Nodamuvirales,,Nodaviridae,,,,,Tombus-Noda,Riboviria|Orthornavirae|Kitrinoviricota||Magsaviricetes|Nodamuvirales||Nodaviridae|||
BHWZXX26411_Beihai_noda-like_virus_25,Nodaviridae,0,0,0,Riboviria,Orthornavirae,Kitrinoviricota,,Magsaviricetes,Nodamuvirales,,Nodaviridae,,,,,Tombus-Noda,Riboviria|Orthornavirae|Kitrinoviricota||Magsaviricetes|Nodamuvirales||Nodaviridae|||
BHWZXX9026_Beihai_noda-like_virus_6,Nodaviridae,0,0,0,Riboviria,Orthornavirae,Kitrinoviricota,,Magsaviricetes,Nodamuvirales,,Nodaviridae,,,,,Tombus-Noda,Riboviria|Orthornavirae|Kitrinoviricota||Magsaviricetes|Nodamuvirales||Nodaviridae|||
BHXG24422_Beihai_mantis_shrimp_virus_6_RdRp,Nodaviridae,0,0,0,Riboviria,Orthornavirae,Kitrinoviricota,,Magsaviricetes,Nodamuvirales,,Nodaviridae,,,,,Tombus-Noda,Riboviria|Orthornavirae|Kitrinoviricota||Magsaviricetes|Nodamuvirales||Nodaviridae|||
BHXG25071_Beihai_noda-like_virus_17,Nodaviridae,0,0,0,Riboviria,Orthornavirae,Kitrinoviricota,,Magsaviricetes,Nodamuvirales,,Nodaviridae,,,,,Tombus-Noda,Riboviria|Orthornavirae|Kitrinoviricota||Magsaviricetes|Nodamuvirales||Nodaviridae|||
BHZC37179_Beihai_noda-like_virus_9,Nodaviridae,0,0,0,Riboviria,Orthornavirae,Kitrinoviricota,,Magsaviricetes,Nodamuvirales,,Nodaviridae,,,,,Tombus-Noda,Riboviria|Orthornavirae|Kitrinoviricota||Magsaviricetes|Nodamuvirales||Nodaviridae|||
BHZC37212_Beihai_noda-like_virus_1,Nodaviridae,0,0,0,Riboviria,Orthornavirae,Kitrinoviricota,,Magsaviricetes,Nodamuvirales,,Nodaviridae,,,,,Tombus-Noda,Riboviria|Orthornavirae|Kitrinoviricota||Magsaviricetes|Nodamuvirales||Nodaviridae|||
BHZY56617_Beihai_noda-like_virus_15,Nodaviridae,0,0,0,Riboviria,Orthornavirae,Kitrinoviricota,,Magsaviricetes,Nodamuvirales,,Nodaviridae,,,,,Tombus-Noda,Riboviria|Orthornavirae|Kitrinoviricota||Magsaviricetes|Nodamuvirales||Nodaviridae|||
BHZY60039_Beihai_noda-like_virus_20,Nodaviridae,0,0,0,Riboviria,Orthornavirae,Kitrinoviricota,,Magsaviricetes,Nodamuvirales,,Nodaviridae,,,,,Tombus-Noda,Riboviria|Orthornavirae|Kitrinoviricota||Magsaviricetes|Nodamuvirales||Nodaviridae|||
BHZY60087_Beihai_noda-like_virus_3,Nodaviridae,0,0,0,Riboviria,Orthornavirae,Kitrinoviricota,,Magsaviricetes,Nodamuvirales,,Nodaviridae,,,,,Tombus-Noda,Riboviria|Orthornavirae|Kitrinoviricota||Magsaviricetes|Nodamuvirales||Nodaviridae|||
BHZY60456_Beihai_noda-like_virus_2,Nodaviridae,0,0,0,Riboviria,Orthornavirae,Kitrinoviricota,,Magsaviricetes,Nodamuvirales,,Nodaviridae,,,,,Tombus-Noda,Riboviria|Orthornavirae|Kitrinoviricota||Magsaviricetes|Nodamuvirales||Nodaviridae|||
BHZY60795_Beihai_noda-like_virus_12,Nodaviridae,0,0,0,Riboviria,Orthornavirae,Kitrinoviricota,,Magsaviricetes,Nodamuvirales,,Nodaviridae,,,,,Tombus-Noda,Riboviria|Orthornavirae|Kitrinoviricota||Magsaviricetes|Nodamuvirales||Nodaviridae|||
BHZY60825_Beihai_noda-like_virus_19,Nodaviridae,0,0,0,Riboviria,Orthornavirae,Kitrinoviricota,,Magsaviricetes,Nodamuvirales,,Nodaviridae,,,,,Tombus-Noda,Riboviria|Orthornavirae|Kitrinoviricota||Magsaviricetes|Nodamuvirales||Nodaviridae|||
BWBFG39999_Beihai_noda-like_virus_21,Nodaviridae,0,0,0,Riboviria,Orthornavirae,Kitrinoviricota,,Magsaviricetes,Nodamuvirales,,Nodaviridae,,,,,Tombus-Noda,Riboviria|Orthornavirae|Kitrinoviricota||Magsaviricetes|Nodamuvirales||Nodaviridae|||
BWBFG40757_Beihai_noda-like_virus_22,Nodaviridae,0,0,0,Riboviria,Orthornavirae,Kitrinoviricota,,Magsaviricetes,Nodamuvirales,,Nodaviridae,,,,,Tombus-Noda,Riboviria|Orthornavirae|Kitrinoviricota||Magsaviricetes|Nodamuvirales||Nodaviridae|||
CC74803_Hubei_noda-like_virus_5,Nodaviridae,0,0,0,Riboviria,Orthornavirae,Kitrinoviricota,,Magsaviricetes,Nodamuvirales,,Nodaviridae,,,,,Tombus-Noda,Riboviria|Orthornavirae|Kitrinoviricota||Magsaviricetes|Nodamuvirales||Nodaviridae|||
GCM10516_Hubei_noda-like_virus_26,Nodaviridae,0,0,0,Riboviria,Orthornavirae,Kitrinoviricota,,Magsaviricetes,Nodamuvirales,,Nodaviridae,,,,,Tombus-Noda,Riboviria|Orthornavirae|Kitrinoviricota||Magsaviricetes|Nodamuvirales||Nodaviridae|||
HC16588_Hubei_noda-like_virus_18,Nodaviridae,0,0,0,Riboviria,Orthornavirae,Kitrinoviricota,,Magsaviricetes,Nodamuvirales,,Nodaviridae,,,,,Tombus-Noda,Riboviria|Orthornavirae|Kitrinoviricota||Magsaviricetes|Nodamuvirales||Nodaviridae|||
HC30049_Hubei_noda-like_virus_17,Nodaviridae,0,0,0,Riboviria,Orthornavirae,Kitrinoviricota,,Magsaviricetes,Nodamuvirales,,Nodaviridae,,,,,Tombus-Noda,Riboviria|Orthornavirae|Kitrinoviricota||Magsaviricetes|Nodamuvirales||Nodaviridae|||
HOU155673_Beihai_noda-like_virus_16,Nodaviridae,0,0,0,Riboviria,Orthornavirae,Kitrinoviricota,,Magsaviricetes,Nodamuvirales,,Nodaviridae,,,,,Tombus-Noda,Riboviria|Orthornavirae|Kitrinoviricota||Magsaviricetes|Nodamuvirales||Nodaviridae|||
HOU157766_Beihai_noda-like_virus_5,Nodaviridae,0,0,0,Riboviria,Orthornavirae,Kitrinoviricota,,Magsaviricetes,Nodamuvirales,,Nodaviridae,,,,,Tombus-Noda,Riboviria|Orthornavirae|Kitrinoviricota||Magsaviricetes|Nodamuvirales||Nodaviridae|||
HOU158094_Beihai_noda-like_virus_13,Nodaviridae,0,0,0,Riboviria,Orthornavirae,Kitrinoviricota,,Magsaviricetes,Nodamuvirales,,Nodaviridae,,,,,Tombus-Noda,Riboviria|Orthornavirae|Kitrinoviricota||Magsaviricetes|Nodamuvirales||Nodaviridae|||
HWRTX12795_Beihai_noda-like_virus_10,Nodaviridae,0,0,0,Riboviria,Orthornavirae,Kitrinoviricota,,Magsaviricetes,Nodamuvirales,,Nodaviridae,,,,,Tombus-Noda,Riboviria|Orthornavirae|Kitrinoviricota||Magsaviricetes|Nodamuvirales||Nodaviridae|||
insectZJ65889_Shuangao_insect_virus_11,Nodaviridae,0,0,0,Riboviria,Orthornavirae,Kitrinoviricota,,Magsaviricetes,Nodamuvirales,,Nodaviridae,,,,,Tombus-Noda,Riboviria|Orthornavirae|Kitrinoviricota||Magsaviricetes|Nodamuvirales||Nodaviridae|||
insectZJ94204_Shuangao_noda-like_virus_1,Nodaviridae,0,0,0,Riboviria,Orthornavirae,Kitrinoviricota,,Magsaviricetes,Nodamuvirales,,Nodaviridae,,,,,Tombus-Noda,Riboviria|Orthornavirae|Kitrinoviricota||Magsaviricetes|Nodamuvirales||Nodaviridae|||
insectZJ94627_Shuangao_insect_virus_10,Nodaviridae,0,0,0,Riboviria,Orthornavirae,Kitrinoviricota,,Magsaviricetes,Nodamuvirales,,Nodaviridae,,,,,Tombus-Noda,Riboviria|Orthornavirae|Kitrinoviricota||Magsaviricetes|Nodamuvirales||Nodaviridae|||
mosZJ34483_Hubei_noda-like_virus_12,Nodaviridae,0,0,0,Riboviria,Orthornavirae,Kitrinoviricota,,Magsaviricetes,Nodamuvirales,,Nodaviridae,,,,,Tombus-Noda,Riboviria|Orthornavirae|Kitrinoviricota||Magsaviricetes|Nodamuvirales||Nodaviridae|||
noda_NP_077730_Nodamura_virus,Nodaviridae,0,0,0,Riboviria,Orthornavirae,Kitrinoviricota,,Magsaviricetes,Nodamuvirales,,Nodaviridae,,Alphanodavirus,Nodamura virus,,Tombus-Noda,Riboviria|Orthornavirae|Kitrinoviricota||Magsaviricetes|Nodamuvirales||Nodaviridae||Alphanodavirus|Nodamura virus
noda_NP_599247_Striped_Jack_nervous_necrosis_virus,Nodaviridae,0,0,0,Riboviria,Orthornavirae,Kitrinoviricota,,Magsaviricetes,Nodamuvirales,,Nodaviridae,,Betanodavirus,Striped jack nervous necrosis virus,,Tombus-Noda,Riboviria|Orthornavirae|Kitrinoviricota||Magsaviricetes|Nodamuvirales||Nodaviridae||Betanodavirus|Striped jack nervous necrosis virus
noda_NP_620109_Pariacoto_virus,Nodaviridae,0,0,0,Riboviria,Orthornavirae,Kitrinoviricota,,Magsaviricetes,Nodamuvirales,,Nodaviridae,,Alphanodavirus,Pariacoto virus,,Tombus-Noda,Riboviria|Orthornavirae|Kitrinoviricota||Magsaviricetes|Nodamuvirales||Nodaviridae||Alphanodavirus|Pariacoto virus
noda_NP_689439_Boolarra_virus,Nodaviridae,0,0,0,Riboviria,Orthornavirae,Kitrinoviricota,,Magsaviricetes,Nodamuvirales,,Nodaviridae,,Alphanodavirus,Boolarra virus,,Tombus-Noda,Riboviria|Orthornavirae|Kitrinoviricota||Magsaviricetes|Nodamuvirales||Nodaviridae||Alphanodavirus|Boolarra virus
noda_NP_689444_Flock_house_virus,Nodaviridae,0,0,0,Riboviria,Orthornavirae,Kitrinoviricota,,Magsaviricetes,Nodamuvirales,,Nodaviridae,,Alphanodavirus,Flock House virus,,Tombus-Noda,Riboviria|Orthornavirae|Kitrinoviricota||Magsaviricetes|Nodamuvirales||Nodaviridae||Alphanodavirus|Flock House virus
noda_NP_919036_Macrobrachium_rosenbergii_nodavirus,Nodaviridae,0,0,0,Riboviria,Orthornavirae,Kitrinoviricota,,Magsaviricetes,Nodamuvirales,,Nodaviridae,,,,,Tombus-Noda,Riboviria|Orthornavirae|Kitrinoviricota||Magsaviricetes|Nodamuvirales||Nodaviridae|||
noda_YP_003288756_Barfin_flounder_nervous_necrosis_virus,Nodaviridae,0,0,0,Riboviria,Orthornavirae,Kitrinoviricota,,Magsaviricetes,Nodamuvirales,,Nodaviridae,,Betanodavirus,Barfin flounder nervous necrosis virus,,Tombus-Noda,Riboviria|Orthornavirae|Kitrinoviricota||Magsaviricetes|Nodamuvirales||Nodaviridae||Betanodavirus|Barfin flounder nervous necrosis virus
noda_YP_003288759_Tiger_puffer_nervous_necrosis_virus,Nodaviridae,0,0,0,Riboviria,Orthornavirae,Kitrinoviricota,,Magsaviricetes,Nodamuvirales,,Nodaviridae,,Betanodavirus,Tiger puffer nervous necrosis virus,,Tombus-Noda,Riboviria|Orthornavirae|Kitrinoviricota||Magsaviricetes|Nodamuvirales||Nodaviridae||Betanodavirus|Tiger puffer nervous necrosis virus
noda_YP_004207810_Penaeus_vannamei_nodavirus,Nodaviridae,0,0,0,Riboviria,Orthornavirae,Kitrinoviricota,,Magsaviricetes,Nodamuvirales,,Nodaviridae,,,,,Tombus-Noda,Riboviria|Orthornavirae|Kitrinoviricota||Magsaviricetes|Nodamuvirales||Nodaviridae|||
noda_YP_004221742_Santeuil_nodavirus,Nodaviridae,0,0,0,Riboviria,Orthornavirae,Kitrinoviricota,,Magsaviricetes,Nodamuvirales,,Nodaviridae,,,,,Tombus-Noda,Riboviria|Orthornavirae|Kitrinoviricota||Magsaviricetes|Nodamuvirales||Nodaviridae|||
noda_YP_053043_Black_beetle_virus,Nodaviridae,0,0,0,Riboviria,Orthornavirae,Kitrinoviricota,,Magsaviricetes,Nodamuvirales,,Nodaviridae,,Alphanodavirus,Black beetle virus,,Tombus-Noda,Riboviria|Orthornavirae|Kitrinoviricota||Magsaviricetes|Nodamuvirales||Nodaviridae||Alphanodavirus|Black beetle virus
noda_YP_611155_Redspotted_grouper_nervous_necrosis_virus,Nodaviridae,0,0,0,Riboviria,Orthornavirae,Kitrinoviricota,,Magsaviricetes,Nodamuvirales,,Nodaviridae,,Betanodavirus,Redspotted grouper nervous necrosis virus,,Tombus-Noda,Riboviria|Orthornavirae|Kitrinoviricota||Magsaviricetes|Nodamuvirales||Nodaviridae||Betanodavirus|Redspotted grouper nervous necrosis virus
others_AAY27743_Pieris_rapae_virus,Nodaviridae,0,0,0,Riboviria,Orthornavirae,Kitrinoviricota,,Magsaviricetes,Nodamuvirales,,Nodaviridae,,,,,Tombus-Noda,Riboviria|Orthornavirae|Kitrinoviricota||Magsaviricetes|Nodamuvirales||Nodaviridae|||
others_AIO11151_Mosinovirus,Nodaviridae,0,0,0,Riboviria,Orthornavirae,Kitrinoviricota,,Magsaviricetes,Nodamuvirales,,Nodaviridae,,,,,Tombus-Noda,Riboviria|Orthornavirae|Kitrinoviricota||Magsaviricetes|Nodamuvirales||Nodaviridae|||
others_AKH40302_Craigies_Hill_virus,Nodaviridae,0,0,0,Riboviria,Orthornavirae,Kitrinoviricota,,Magsaviricetes,Nodamuvirales,,Nodaviridae,,,,,Tombus-Noda,Riboviria|Orthornavirae|Kitrinoviricota||Magsaviricetes|Nodamuvirales||Nodaviridae|||
others_AMO03244_Newington_virus,Nodaviridae,0,0,0,Riboviria,Orthornavirae,Kitrinoviricota,,Magsaviricetes,Nodamuvirales,,Nodaviridae,,,,,Tombus-Noda,Riboviria|Orthornavirae|Kitrinoviricota||Magsaviricetes|Nodamuvirales||Nodaviridae|||
QKK35397.1_Erysiphe_necator_associated_nodavirus_1_Erysiphe_necator_917,Nodaviridae,0,0,0,Riboviria,Orthornavirae,Kitrinoviricota,,Magsaviricetes,Nodamuvirales,,Nodaviridae,,,,,Tombus-Noda,Riboviria|Orthornavirae|Kitrinoviricota||Magsaviricetes|Nodamuvirales||Nodaviridae|||
QKN84407.1_reverse_transcriptase_Rice_Noda-like_virus_reverse_transcriptase_Oryza_sativa_986,Nodaviridae,0,0,0,Riboviria,Orthornavirae,Kitrinoviricota,,Magsaviricetes,Nodamuvirales,,Nodaviridae,,,,,Tombus-Noda,Riboviria|Orthornavirae|Kitrinoviricota||Magsaviricetes|Nodamuvirales||Nodaviridae|||
QOR29565.1_Bat_associated_nodavirus_Chiroptera_1031,Nodaviridae,0,0,0,Riboviria,Orthornavirae,Kitrinoviricota,,Magsaviricetes,Nodamuvirales,,Nodaviridae,,,,,Tombus-Noda,Riboviria|Orthornavirae|Kitrinoviricota||Magsaviricetes|Nodamuvirales||Nodaviridae|||
QTM161985_Hubei_noda-like_virus_13,Nodaviridae,0,0,0,Riboviria,Orthornavirae,Kitrinoviricota,,Magsaviricetes,Nodamuvirales,,Nodaviridae,,,,,Tombus-Noda,Riboviria|Orthornavirae|Kitrinoviricota||Magsaviricetes|Nodamuvirales||Nodaviridae|||
QTM162292_Hubei_noda-like_virus_15,Nodaviridae,0,0,0,Riboviria,Orthornavirae,Kitrinoviricota,,Magsaviricetes,Nodamuvirales,,Nodaviridae,,,,,Tombus-Noda,Riboviria|Orthornavirae|Kitrinoviricota||Magsaviricetes|Nodamuvirales||Nodaviridae|||
QTM19461_Hubei_noda-like_virus_25,Nodaviridae,0,0,0,Riboviria,Orthornavirae,Kitrinoviricota,,Magsaviricetes,Nodamuvirales,,Nodaviridae,,,,,Tombus-Noda,Riboviria|Orthornavirae|Kitrinoviricota||Magsaviricetes|Nodamuvirales||Nodaviridae|||
QTM24683_Hubei_noda-like_virus_14,Nodaviridae,0,0,0,Riboviria,Orthornavirae,Kitrinoviricota,,Magsaviricetes,Nodamuvirales,,Nodaviridae,,,,,Tombus-Noda,Riboviria|Orthornavirae|Kitrinoviricota||Magsaviricetes|Nodamuvirales||Nodaviridae|||
QTM26695_Hubei_noda-like_virus_1,Nodaviridae,0,0,0,Riboviria,Orthornavirae,Kitrinoviricota,,Magsaviricetes,Nodamuvirales,,Nodaviridae,,,,,Tombus-Noda,Riboviria|Orthornavirae|Kitrinoviricota||Magsaviricetes|Nodamuvirales||Nodaviridae|||
QTM26991_Hubei_noda-like_virus_23,Nodaviridae,0,0,0,Riboviria,Orthornavirae,Kitrinoviricota,,Magsaviricetes,Nodamuvirales,,Nodaviridae,,,,,Tombus-Noda,Riboviria|Orthornavirae|Kitrinoviricota||Magsaviricetes|Nodamuvirales||Nodaviridae|||
SCM32007_Hubei_diptera_virus_16,Nodaviridae,0,0,0,Riboviria,Orthornavirae,Kitrinoviricota,,Magsaviricetes,Nodamuvirales,,Nodaviridae,,,,,Tombus-Noda,Riboviria|Orthornavirae|Kitrinoviricota||Magsaviricetes|Nodamuvirales||Nodaviridae|||
shrimp14297_Wenzhou_noda-like_virus_3,Nodaviridae,0,0,0,Riboviria,Orthornavirae,Kitrinoviricota,,Magsaviricetes,Nodamuvirales,,Nodaviridae,,,,,Tombus-Noda,Riboviria|Orthornavirae|Kitrinoviricota||Magsaviricetes|Nodamuvirales||Nodaviridae|||
SSZZ1919_Hubei_noda-like_virus_11,Nodaviridae,0,0,0,Riboviria,Orthornavirae,Kitrinoviricota,,Magsaviricetes,Nodamuvirales,,Nodaviridae,,,,,Tombus-Noda,Riboviria|Orthornavirae|Kitrinoviricota||Magsaviricetes|Nodamuvirales||Nodaviridae|||
SSZZ5803_Hubei_noda-like_virus_6,Nodaviridae,0,0,0,Riboviria,Orthornavirae,Kitrinoviricota,,Magsaviricetes,Nodamuvirales,,Nodaviridae,,,,,Tombus-Noda,Riboviria|Orthornavirae|Kitrinoviricota||Magsaviricetes|Nodamuvirales||Nodaviridae|||
SXSSP1704_Sanxia_water_strider_virus_17,Nodaviridae,0,0,0,Riboviria,Orthornavirae,Kitrinoviricota,,Magsaviricetes,Nodamuvirales,,Nodaviridae,,,,,Tombus-Noda,Riboviria|Orthornavirae|Kitrinoviricota||Magsaviricetes|Nodamuvirales||Nodaviridae|||
SXXX12565_Sanxia_noda-like_virus_1,Nodaviridae,0,0,0,Riboviria,Orthornavirae,Kitrinoviricota,,Magsaviricetes,Nodamuvirales,,Nodaviridae,,,,,Tombus-Noda,Riboviria|Orthornavirae|Kitrinoviricota||Magsaviricetes|Nodamuvirales||Nodaviridae|||
SXXX38069_Sanxia_water_strider_virus_16,Nodaviridae,0,0,0,Riboviria,Orthornavirae,Kitrinoviricota,,Magsaviricetes,Nodamuvirales,,Nodaviridae,,,,,Tombus-Noda,Riboviria|Orthornavirae|Kitrinoviricota||Magsaviricetes|Nodamuvirales||Nodaviridae|||
SYJFC44697_Shayang_noda-like_virus_1,Nodaviridae,0,0,0,Riboviria,Orthornavirae,Kitrinoviricota,,Magsaviricetes,Nodamuvirales,,Nodaviridae,,,,,Tombus-Noda,Riboviria|Orthornavirae|Kitrinoviricota||Magsaviricetes|Nodamuvirales||Nodaviridae|||
SZmix18793_Hubei_noda-like_virus_20,Nodaviridae,0,0,0,Riboviria,Orthornavirae,Kitrinoviricota,,Magsaviricetes,Nodamuvirales,,Nodaviridae,,,,,Tombus-Noda,Riboviria|Orthornavirae|Kitrinoviricota||Magsaviricetes|Nodamuvirales||Nodaviridae|||
WGML142106_Hubei_noda-like_virus_22,Nodaviridae,0,0,0,Riboviria,Orthornavirae,Kitrinoviricota,,Magsaviricetes,Nodamuvirales,,Nodaviridae,,,,,Tombus-Noda,Riboviria|Orthornavirae|Kitrinoviricota||Magsaviricetes|Nodamuvirales||Nodaviridae|||
WGML145075_Hubei_noda-like_virus_3,Nodaviridae,0,0,0,Riboviria,Orthornavirae,Kitrinoviricota,,Magsaviricetes,Nodamuvirales,,Nodaviridae,,,,,Tombus-Noda,Riboviria|Orthornavirae|Kitrinoviricota||Magsaviricetes|Nodamuvirales||Nodaviridae|||
WHBL59860_Hubei_noda-like_virus_21,Nodaviridae,0,0,0,Riboviria,Orthornavirae,Kitrinoviricota,,Magsaviricetes,Nodamuvirales,,Nodaviridae,,,,,Tombus-Noda,Riboviria|Orthornavirae|Kitrinoviricota||Magsaviricetes|Nodamuvirales||Nodaviridae|||
WHBL70552_Hubei_noda-like_virus_2,Nodaviridae,0,0,0,Riboviria,Orthornavirae,Kitrinoviricota,,Magsaviricetes,Nodamuvirales,,Nodaviridae,,,,,Tombus-Noda,Riboviria|Orthornavirae|Kitrinoviricota||Magsaviricetes|Nodamuvirales||Nodaviridae|||
WHBL72336_Hubei_unio_douglasiae_virus_1_RdRp,Nodaviridae,0,0,0,Riboviria,Orthornavirae,Kitrinoviricota,,Magsaviricetes,Nodamuvirales,,Nodaviridae,,,,,Tombus-Noda,Riboviria|Orthornavirae|Kitrinoviricota||Magsaviricetes|Nodamuvirales||Nodaviridae|||
WHBL72570_Hubei_noda-like_virus_4,Nodaviridae,0,0,0,Riboviria,Orthornavirae,Kitrinoviricota,,Magsaviricetes,Nodamuvirales,,Nodaviridae,,,,,Tombus-Noda,Riboviria|Orthornavirae|Kitrinoviricota||Magsaviricetes|Nodamuvirales||Nodaviridae|||
WHBL72681_Hubei_noda-like_virus_19,Nodaviridae,0,0,0,Riboviria,Orthornavirae,Kitrinoviricota,,Magsaviricetes,Nodamuvirales,,Nodaviridae,,,,,Tombus-Noda,Riboviria|Orthornavirae|Kitrinoviricota||Magsaviricetes|Nodamuvirales||Nodaviridae|||
WHBL73074_Hubei_noda-like_virus_24,Nodaviridae,0,0,0,Riboviria,Orthornavirae,Kitrinoviricota,,Magsaviricetes,Nodamuvirales,,Nodaviridae,,,,,Tombus-Noda,Riboviria|Orthornavirae|Kitrinoviricota||Magsaviricetes|Nodamuvirales||Nodaviridae|||
WHBL73106_Hubei_unio_douglasiae_virus_3,Nodaviridae,0,0,0,Riboviria,Orthornavirae,Kitrinoviricota,,Magsaviricetes,Nodamuvirales,,Nodaviridae,,,,,Tombus-Noda,Riboviria|Orthornavirae|Kitrinoviricota||Magsaviricetes|Nodamuvirales||Nodaviridae|||
WHCC113193_Hubei_noda-like_virus_7,Nodaviridae,0,0,0,Riboviria,Orthornavirae,Kitrinoviricota,,Magsaviricetes,Nodamuvirales,,Nodaviridae,,,,,Tombus-Noda,Riboviria|Orthornavirae|Kitrinoviricota||Magsaviricetes|Nodamuvirales||Nodaviridae|||
WHLC5312_Hubei_noda-like_virus_8_RdRp,Nodaviridae,0,0,0,Riboviria,Orthornavirae,Kitrinoviricota,,Magsaviricetes,Nodamuvirales,,Nodaviridae,,,,,Tombus-Noda,Riboviria|Orthornavirae|Kitrinoviricota||Magsaviricetes|Nodamuvirales||Nodaviridae|||
WHLC5367_Hubei_noda-like_virus_9_RdRp,Nodaviridae,0,0,0,Riboviria,Orthornavirae,Kitrinoviricota,,Magsaviricetes,Nodamuvirales,,Nodaviridae,,,,,Tombus-Noda,Riboviria|Orthornavirae|Kitrinoviricota||Magsaviricetes|Nodamuvirales||Nodaviridae|||
WHYY37237_Wuhan_house_centipede_virus_6_RdRp,Nodaviridae,0,0,0,Riboviria,Orthornavirae,Kitrinoviricota,,Magsaviricetes,Nodamuvirales,,Nodaviridae,,,,,Tombus-Noda,Riboviria|Orthornavirae|Kitrinoviricota||Magsaviricetes|Nodamuvirales||Nodaviridae|||
WLJQ102234_Wenling_noda-like_virus_1,Nodaviridae,0,0,0,Riboviria,Orthornavirae,Kitrinoviricota,,Magsaviricetes,Nodamuvirales,,Nodaviridae,,,,,Tombus-Noda,Riboviria|Orthornavirae|Kitrinoviricota||Magsaviricetes|Nodamuvirales||Nodaviridae|||
WLJQ103411_Wenling_noda-like_virus_2,Nodaviridae,0,0,0,Riboviria,Orthornavirae,Kitrinoviricota,,Magsaviricetes,Nodamuvirales,,Nodaviridae,,,,,Tombus-Noda,Riboviria|Orthornavirae|Kitrinoviricota||Magsaviricetes|Nodamuvirales||Nodaviridae|||
WLJQ104201_Wenling_noda-like_virus_3,Nodaviridae,0,0,0,Riboviria,Orthornavirae,Kitrinoviricota,,Magsaviricetes,Nodamuvirales,,Nodaviridae,,,,,Tombus-Noda,Riboviria|Orthornavirae|Kitrinoviricota||Magsaviricetes|Nodamuvirales||Nodaviridae|||
WLJQ84133_Wenling_noda-like_virus_4,Nodaviridae,0,0,0,Riboviria,Orthornavirae,Kitrinoviricota,,Magsaviricetes,Nodamuvirales,,Nodaviridae,,,,,Tombus-Noda,Riboviria|Orthornavirae|Kitrinoviricota||Magsaviricetes|Nodamuvirales||Nodaviridae|||
WZFSL73727_Wenzhou_noda-like_virus_5,Nodaviridae,0,0,0,Riboviria,Orthornavirae,Kitrinoviricota,,Magsaviricetes,Nodamuvirales,,Nodaviridae,,,,,Tombus-Noda,Riboviria|Orthornavirae|Kitrinoviricota||Magsaviricetes|Nodamuvirales||Nodaviridae|||
WZFSL75166_Wenzhou_noda-like_virus_4,Nodaviridae,0,0,0,Riboviria,Orthornavirae,Kitrinoviricota,,Magsaviricetes,Nodamuvirales,,Nodaviridae,,,,,Tombus-Noda,Riboviria|Orthornavirae|Kitrinoviricota||Magsaviricetes|Nodamuvirales||Nodaviridae|||
WZFSL84567_Wenzhou_noda-like_virus_1,Nodaviridae,0,0,0,Riboviria,Orthornavirae,Kitrinoviricota,,Magsaviricetes,Nodamuvirales,,Nodaviridae,,,,,Tombus-Noda,Riboviria|Orthornavirae|Kitrinoviricota||Magsaviricetes|Nodamuvirales||Nodaviridae|||
WZFSL85309_Wenzhou_noda-like_virus_6,Nodaviridae,0,0,0,Riboviria,Orthornavirae,Kitrinoviricota,,Magsaviricetes,Nodamuvirales,,Nodaviridae,,,,,Tombus-Noda,Riboviria|Orthornavirae|Kitrinoviricota||Magsaviricetes|Nodamuvirales||Nodaviridae|||
WZRBX38997_Wenzhou_noda-like_virus_7,Nodaviridae,0,0,0,Riboviria,Orthornavirae,Kitrinoviricota,,Magsaviricetes,Nodamuvirales,,Nodaviridae,,,,,Tombus-Noda,Riboviria|Orthornavirae|Kitrinoviricota||Magsaviricetes|Nodamuvirales||Nodaviridae|||
WZSLuoI54252_Wenzhou_noda-like_virus_2,Nodaviridae,0,0,0,Riboviria,Orthornavirae,Kitrinoviricota,,Magsaviricetes,Nodamuvirales,,Nodaviridae,,,,,Tombus-Noda,Riboviria|Orthornavirae|Kitrinoviricota||Magsaviricetes|Nodamuvirales||Nodaviridae|||
YYSZX13070_Beihai_noda-like_virus_18,Nodaviridae,0,0,0,Riboviria,Orthornavirae,Kitrinoviricota,,Magsaviricetes,Nodamuvirales,,Nodaviridae,,,,,Tombus-Noda,Riboviria|Orthornavirae|Kitrinoviricota||Magsaviricetes|Nodamuvirales||Nodaviridae|||
ZCM21011_Hubei_orthoptera_virus_4_RdRp,Nodaviridae,0,0,0,Riboviria,Orthornavirae,Kitrinoviricota,,Magsaviricetes,Nodamuvirales,,Nodaviridae,,,,,Tombus-Noda,Riboviria|Orthornavirae|Kitrinoviricota||Magsaviricetes|Nodamuvirales||Nodaviridae|||
others_AJR19138_Lake_Sinai_virus,Sinhaliviridae,0,0,0,Riboviria,Orthornavirae,Kitrinoviricota,,Magsaviricetes,Nodamuvirales,,Sinhaliviridae,,Sinaivirus,,,Tombus-Noda,Riboviria|Orthornavirae|Kitrinoviricota||Magsaviricetes|Nodamuvirales||Sinhaliviridae||Sinaivirus|
beimix29339_Wenzhou_tombus-like_virus_18,Tombusviridae,0,0,0,Riboviria,Orthornavirae,Kitrinoviricota,,Tolucaviricetes,Tolivirales,,Tombusviridae,,,,,Tombus-Noda,Riboviria|Orthornavirae|Kitrinoviricota||Tolucaviricetes|Tolivirales||Tombusviridae|||
beimix73523_Wenzhou_tombus-like_virus_8,Tombusviridae,0,0,0,Riboviria,Orthornavirae,Kitrinoviricota,,Tolucaviricetes,Tolivirales,,Tombusviridae,,,,,Tombus-Noda,Riboviria|Orthornavirae|Kitrinoviricota||Tolucaviricetes|Tolivirales||Tombusviridae|||
BHBJDX18752_Beihai_tombus-like_virus_15,Tombusviridae,0,0,0,Riboviria,Orthornavirae,Kitrinoviricota,,Tolucaviricetes,Tolivirales,,Tombusviridae,,,,,Tombus-Noda,Riboviria|Orthornavirae|Kitrinoviricota||Tolucaviricetes|Tolivirales||Tombusviridae|||
BHHK128439_Beihai_tombus-like_virus_11,Tombusviridae,0,0,0,Riboviria,Orthornavirae,Kitrinoviricota,,Tolucaviricetes,Tolivirales,,Tombusviridae,,,,,Tombus-Noda,Riboviria|Orthornavirae|Kitrinoviricota||Tolucaviricetes|Tolivirales||Tombusviridae|||
BHNXC41455_Beihai_tombus-like_virus_2,Tombusviridae,0,0,0,Riboviria,Orthornavirae,Kitrinoviricota,,Tolucaviricetes,Tolivirales,,Tombusviridae,,,,,Tombus-Noda,Riboviria|Orthornavirae|Kitrinoviricota||Tolucaviricetes|Tolivirales||Tombusviridae|||
BHTH16144_Beihai_tombus-like_virus_19,Tombusviridae,0,0,0,Riboviria,Orthornavirae,Kitrinoviricota,,Tolucaviricetes,Tolivirales,,Tombusviridae,,,,,Tombus-Noda,Riboviria|Orthornavirae|Kitrinoviricota||Tolucaviricetes|Tolivirales||Tombusviridae|||
BHTSS17936_Beihai_tombus-like_virus_12,Tombusviridae,0,0,0,Riboviria,Orthornavirae,Kitrinoviricota,,Tolucaviricetes,Tolivirales,,Tombusviridae,,,,,Tombus-Noda,Riboviria|Orthornavirae|Kitrinoviricota||Tolucaviricetes|Tolivirales||Tombusviridae|||
BHWZXX15284_Beihai_tombus-like_virus_16,Tombusviridae,0,0,0,Riboviria,Orthornavirae,Kitrinoviricota,,Tolucaviricetes,Tolivirales,,Tombusviridae,,,,,Tombus-Noda,Riboviria|Orthornavirae|Kitrinoviricota||Tolucaviricetes|Tolivirales||Tombusviridae|||
BHWZXX15351_Beihai_tombus-like_virus_6,Tombusviridae,0,0,0,Riboviria,Orthornavirae,Kitrinoviricota,,Tolucaviricetes,Tolivirales,,Tombusviridae,,,,,Tombus-Noda,Riboviria|Orthornavirae|Kitrinoviricota||Tolucaviricetes|Tolivirales||Tombusviridae|||
BHWZXX15571_Beihai_tombus-like_virus_7,Tombusviridae,0,0,0,Riboviria,Orthornavirae,Kitrinoviricota,,Tolucaviricetes,Tolivirales,,Tombusviridae,,,,,Tombus-Noda,Riboviria|Orthornavirae|Kitrinoviricota||Tolucaviricetes|Tolivirales||Tombusviridae|||
BHZC33014_Beihai_tombus-like_virus_17,Tombusviridae,0,0,0,Riboviria,Orthornavirae,Kitrinoviricota,,Tolucaviricetes,Tolivirales,,Tombusviridae,,,,,Tombus-Noda,Riboviria|Orthornavirae|Kitrinoviricota||Tolucaviricetes|Tolivirales||Tombusviridae|||
BHZC37000_Beihai_tombus-like_virus_14,Tombusviridae,0,0,0,Riboviria,Orthornavirae,Kitrinoviricota,,Tolucaviricetes,Tolivirales,,Tombusviridae,,,,,Tombus-Noda,Riboviria|Orthornavirae|Kitrinoviricota||Tolucaviricetes|Tolivirales||Tombusviridae|||
BHZC37436_Beihai_tombus-like_virus_13,Tombusviridae,0,0,0,Riboviria,Orthornavirae,Kitrinoviricota,,Tolucaviricetes,Tolivirales,,Tombusviridae,,,,,Tombus-Noda,Riboviria|Orthornavirae|Kitrinoviricota||Tolucaviricetes|Tolivirales||Tombusviridae|||
BHZY54477_Beihai_tombus-like_virus_3,Tombusviridae,0,0,0,Riboviria,Orthornavirae,Kitrinoviricota,,Tolucaviricetes,Tolivirales,,Tombusviridae,,,,,Tombus-Noda,Riboviria|Orthornavirae|Kitrinoviricota||Tolucaviricetes|Tolivirales||Tombusviridae|||
BHZY58393_Beihai_tombus-like_virus_9,Tombusviridae,0,0,0,Riboviria,Orthornavirae,Kitrinoviricota,,Tolucaviricetes,Tolivirales,,Tombusviridae,,,,,Tombus-Noda,Riboviria|Orthornavirae|Kitrinoviricota||Tolucaviricetes|Tolivirales||Tombusviridae|||
BHZY59908_Beihai_tombus-like_virus_10,Tombusviridae,0,0,0,Riboviria,Orthornavirae,Kitrinoviricota,,Tolucaviricetes,Tolivirales,,Tombusviridae,,,,,Tombus-Noda,Riboviria|Orthornavirae|Kitrinoviricota||Tolucaviricetes|Tolivirales||Tombusviridae|||
BHZY60516_Beihai_tombus-like_virus_8,Tombusviridae,0,0,0,Riboviria,Orthornavirae,Kitrinoviricota,,Tolucaviricetes,Tolivirales,,Tombusviridae,,,,,Tombus-Noda,Riboviria|Orthornavirae|Kitrinoviricota||Tolucaviricetes|Tolivirales||Tombusviridae|||
BHZY60611_Beihai_tombus-like_virus_18,Tombusviridae,0,0,0,Riboviria,Orthornavirae,Kitrinoviricota,,Tolucaviricetes,Tolivirales,,Tombusviridae,,,,,Tombus-Noda,Riboviria|Orthornavirae|Kitrinoviricota||Tolucaviricetes|Tolivirales||Tombusviridae|||
CJLX21588_Changjiang_tombus-like_virus_18,Tombusviridae,0,0,0,Riboviria,Orthornavirae,Kitrinoviricota,,Tolucaviricetes,Tolivirales,,Tombusviridae,,,,,Tombus-Noda,Riboviria|Orthornavirae|Kitrinoviricota||Tolucaviricetes|Tolivirales||Tombusviridae|||
CJLX25258_Changjiang_tombus-like_virus_16,Tombusviridae,0,0,0,Riboviria,Orthornavirae,Kitrinoviricota,,Tolucaviricetes,Tolivirales,,Tombusviridae,,,,,Tombus-Noda,Riboviria|Orthornavirae|Kitrinoviricota||Tolucaviricetes|Tolivirales||Tombusviridae|||
CJLX26767_Changjiang_tombus-like_virus_13,Tombusviridae,0,0,0,Riboviria,Orthornavirae,Kitrinoviricota,,Tolucaviricetes,Tolivirales,,Tombusviridae,,,,,Tombus-Noda,Riboviria|Orthornavirae|Kitrinoviricota||Tolucaviricetes|Tolivirales||Tombusviridae|||
CJLX27860_Changjiang_tombus-like_virus_12,Tombusviridae,0,0,0,Riboviria,Orthornavirae,Kitrinoviricota,,Tolucaviricetes,Tolivirales,,Tombusviridae,,,,,Tombus-Noda,Riboviria|Orthornavirae|Kitrinoviricota||Tolucaviricetes|Tolivirales||Tombusviridae|||
CJLX29643_Changjiang_crawfish_virus_7,Tombusviridae,0,0,0,Riboviria,Orthornavirae,Kitrinoviricota,,Tolucaviricetes,Tolivirales,,Tombusviridae,,,,,Tombus-Noda,Riboviria|Orthornavirae|Kitrinoviricota||Tolucaviricetes|Tolivirales||Tombusviridae|||
CJLX30074_Changjiang_tombus-like_virus_22,Tombusviridae,0,0,0,Riboviria,Orthornavirae,Kitrinoviricota,,Tolucaviricetes,Tolivirales,,Tombusviridae,,,,,Tombus-Noda,Riboviria|Orthornavirae|Kitrinoviricota||Tolucaviricetes|Tolivirales||Tombusviridae|||
CJLX30318_Changjiang_tombus-like_virus_14,Tombusviridae,0,0,0,Riboviria,Orthornavirae,Kitrinoviricota,,Tolucaviricetes,Tolivirales,,Tombusviridae,,,,,Tombus-Noda,Riboviria|Orthornavirae|Kitrinoviricota||Tolucaviricetes|Tolivirales||Tombusviridae|||
CJLX30583_Changjiang_tombus-like_virus_15,Tombusviridae,0,0,0,Riboviria,Orthornavirae,Kitrinoviricota,,Tolucaviricetes,Tolivirales,,Tombusviridae,,,,,Tombus-Noda,Riboviria|Orthornavirae|Kitrinoviricota||Tolucaviricetes|Tolivirales||Tombusviridae|||
CJLX30677_Changjiang_tombus-like_virus_11,Tombusviridae,0,0,0,Riboviria,Orthornavirae,Kitrinoviricota,,Tolucaviricetes,Tolivirales,,Tombusviridae,,,,,Tombus-Noda,Riboviria|Orthornavirae|Kitrinoviricota||Tolucaviricetes|Tolivirales||Tombusviridae|||
CJLX30686_Changjiang_tombus-like_virus_17,Tombusviridae,0,0,0,Riboviria,Orthornavirae,Kitrinoviricota,,Tolucaviricetes,Tolivirales,,Tombusviridae,,,,,Tombus-Noda,Riboviria|Orthornavirae|Kitrinoviricota||Tolucaviricetes|Tolivirales||Tombusviridae|||
CJLX30731_Changjiang_tombus-like_virus_20,Tombusviridae,0,0,0,Riboviria,Orthornavirae,Kitrinoviricota,,Tolucaviricetes,Tolivirales,,Tombusviridae,,,,,Tombus-Noda,Riboviria|Orthornavirae|Kitrinoviricota||Tolucaviricetes|Tolivirales||Tombusviridae|||
CJLX57318_Changjiang_tombus-like_virus_19,Tombusviridae,0,0,0,Riboviria,Orthornavirae,Kitrinoviricota,,Tolucaviricetes,Tolivirales,,Tombusviridae,,,,,Tombus-Noda,Riboviria|Orthornavirae|Kitrinoviricota||Tolucaviricetes|Tolivirales||Tombusviridae|||
CJLX8746_Changjiang_tombus-like_virus_21,Tombusviridae,0,0,0,Riboviria,Orthornavirae,Kitrinoviricota,,Tolucaviricetes,Tolivirales,,Tombusviridae,,,,,Tombus-Noda,Riboviria|Orthornavirae|Kitrinoviricota||Tolucaviricetes|Tolivirales||Tombusviridae|||
fly55787_Hubei_tombus-like_virus_42,Tombusviridae,0,0,0,Riboviria,Orthornavirae,Kitrinoviricota,,Tolucaviricetes,Tolivirales,,Tombusviridae,,,,,Tombus-Noda,Riboviria|Orthornavirae|Kitrinoviricota||Tolucaviricetes|Tolivirales||Tombusviridae|||
GCM76561_Hubei_tombus-like_virus_24,Tombusviridae,0,0,0,Riboviria,Orthornavirae,Kitrinoviricota,,Tolucaviricetes,Tolivirales,,Tombusviridae,,,,,Tombus-Noda,Riboviria|Orthornavirae|Kitrinoviricota||Tolucaviricetes|Tolivirales||Tombusviridae|||
HOU131178_Beihai_tombus-like_virus_5,Tombusviridae,0,0,0,Riboviria,Orthornavirae,Kitrinoviricota,,Tolucaviricetes,Tolivirales,,Tombusviridae,,,,,Tombus-Noda,Riboviria|Orthornavirae|Kitrinoviricota||Tolucaviricetes|Tolivirales||Tombusviridae|||
HOU157708_Beihai_horseshoe_crab_virus_1_RdRp,Tombusviridae,0,0,0,Riboviria,Orthornavirae,Kitrinoviricota,,Tolucaviricetes,Tolivirales,,Tombusviridae,,,,,Tombus-Noda,Riboviria|Orthornavirae|Kitrinoviricota||Tolucaviricetes|Tolivirales||Tombusviridae|||
insectZJ94961_Shangao_tombus-like_virus_1,Tombusviridae,0,0,0,Riboviria,Orthornavirae,Kitrinoviricota,,Tolucaviricetes,Tolivirales,,Tombusviridae,,,,,Tombus-Noda,Riboviria|Orthornavirae|Kitrinoviricota||Tolucaviricetes|Tolivirales||Tombusviridae|||
JMYJCC11049_Jingmen_tombus-like_virus_2,Tombusviridae,0,0,0,Riboviria,Orthornavirae,Kitrinoviricota,,Tolucaviricetes,Tolivirales,,Tombusviridae,,,,,Tombus-Noda,Riboviria|Orthornavirae|Kitrinoviricota||Tolucaviricetes|Tolivirales||Tombusviridae|||
JMYJCC68055_Jingmen_tombus-like_virus_1,Tombusviridae,0,0,0,Riboviria,Orthornavirae,Kitrinoviricota,,Tolucaviricetes,Tolivirales,,Tombusviridae,,,,,Tombus-Noda,Riboviria|Orthornavirae|Kitrinoviricota||Tolucaviricetes|Tolivirales||Tombusviridae|||
mosHB232766_Hubei_mosquito_virus_4,Tombusviridae,0,0,0,Riboviria,Orthornavirae,Kitrinoviricota,,Tolucaviricetes,Tolivirales,,Tombusviridae,,,,,Tombus-Noda,Riboviria|Orthornavirae|Kitrinoviricota||Tolucaviricetes|Tolivirales||Tombusviridae|||
mosZJ33874_Wenzhou_tombus-like_virus_11,Tombusviridae,0,0,0,Riboviria,Orthornavirae,Kitrinoviricota,,Tolucaviricetes,Tolivirales,,Tombusviridae,,,,,Tombus-Noda,Riboviria|Orthornavirae|Kitrinoviricota||Tolucaviricetes|Tolivirales||Tombusviridae|||
others_AKH40306_Dansoman_virus,Tombusviridae,0,0,0,Riboviria,Orthornavirae,Kitrinoviricota,,Tolucaviricetes,Tolivirales,,Tombusviridae,,,,,Tombus-Noda,Riboviria|Orthornavirae|Kitrinoviricota||Tolucaviricetes|Tolivirales||Tombusviridae|||
others_ALV85423_Diaphorina_citri_associated_C_virus,Tombusviridae,0,0,0,Riboviria,Orthornavirae,Kitrinoviricota,,Tolucaviricetes,Tolivirales,,Tombusviridae,,,,,Tombus-Noda,Riboviria|Orthornavirae|Kitrinoviricota||Tolucaviricetes|Tolivirales||Tombusviridae|||
others_AMO03229_Corseley_virus,Tombusviridae,0,0,0,Riboviria,Orthornavirae,Kitrinoviricota,,Tolucaviricetes,Tolivirales,,Tombusviridae,,,,,Tombus-Noda,Riboviria|Orthornavirae|Kitrinoviricota||Tolucaviricetes|Tolivirales||Tombusviridae|||
others_YP_001911137_Chronic_bee_paralysis_virus,Tombusviridae,0,0,0,Riboviria,Orthornavirae,Kitrinoviricota,,Tolucaviricetes,Tolivirales,,Tombusviridae,,,,,Tombus-Noda,Riboviria|Orthornavirae|Kitrinoviricota||Tolucaviricetes|Tolivirales||Tombusviridae|||
others_YP_009011225_Anopheline-associated_C_virus,Tombusviridae,0,0,0,Riboviria,Orthornavirae,Kitrinoviricota,,Tolucaviricetes,Tolivirales,,Tombusviridae,,,,,Tombus-Noda,Riboviria|Orthornavirae|Kitrinoviricota||Tolucaviricetes|Tolivirales||Tombusviridae|||
QCM118690_Hubei_tombus-like_virus_40,Tombusviridae,0,0,0,Riboviria,Orthornavirae,Kitrinoviricota,,Tolucaviricetes,Tolivirales,,Tombusviridae,,,,,Tombus-Noda,Riboviria|Orthornavirae|Kitrinoviricota||Tolucaviricetes|Tolivirales||Tombusviridae|||
QKE44128.1_Forsythia_suspensa_tombusvirus_Forsythia_suspensa_474,Tombusviridae,0,0,1,Riboviria,Orthornavirae,Kitrinoviricota,,Tolucaviricetes,Tolivirales,,Tombusviridae,,,,,Tombus-Noda,Riboviria|Orthornavirae|Kitrinoviricota||Tolucaviricetes|Tolivirales||Tombusviridae|||
QKN22688.1_Erysiphe_necator_associated_tombus-like_virus_6_516,Tombusviridae,0,0,0,Riboviria,Orthornavirae,Kitrinoviricota,,Tolucaviricetes,Tolivirales,,Tombusviridae,,,,,Tombus-Noda,Riboviria|Orthornavirae|Kitrinoviricota||Tolucaviricetes|Tolivirales||Tombusviridae|||
QTM25968_Hubei_odonate_virus_12,Tombusviridae,0,0,0,Riboviria,Orthornavirae,Kitrinoviricota,,Tolucaviricetes,Tolivirales,,Tombusviridae,,,,,Tombus-Noda,Riboviria|Orthornavirae|Kitrinoviricota||Tolucaviricetes|Tolivirales||Tombusviridae|||
QTM26784_Hubei_tombus-like_virus_22,Tombusviridae,0,0,0,Riboviria,Orthornavirae,Kitrinoviricota,,Tolucaviricetes,Tolivirales,,Tombusviridae,,,,,Tombus-Noda,Riboviria|Orthornavirae|Kitrinoviricota||Tolucaviricetes|Tolivirales||Tombusviridae|||
QTM26798_Hubei_tombus-like_virus_17,Tombusviridae,0,0,0,Riboviria,Orthornavirae,Kitrinoviricota,,Tolucaviricetes,Tolivirales,,Tombusviridae,,,,,Tombus-Noda,Riboviria|Orthornavirae|Kitrinoviricota||Tolucaviricetes|Tolivirales||Tombusviridae|||
QTM27120_Hubei_tombus-like_virus_26,Tombusviridae,0,0,0,Riboviria,Orthornavirae,Kitrinoviricota,,Tolucaviricetes,Tolivirales,,Tombusviridae,,,,,Tombus-Noda,Riboviria|Orthornavirae|Kitrinoviricota||Tolucaviricetes|Tolivirales||Tombusviridae|||
QTM27278_Hubei_tombus-like_virus_18,Tombusviridae,0,0,0,Riboviria,Orthornavirae,Kitrinoviricota,,Tolucaviricetes,Tolivirales,,Tombusviridae,,,,,Tombus-Noda,Riboviria|Orthornavirae|Kitrinoviricota||Tolucaviricetes|Tolivirales||Tombusviridae|||
QUP79246.1_Colletotrichum_higginsianum_ssRNA_virus_1_Colletotrichum_higginsianum_498,Tombusviridae,0,0,0,Riboviria,Orthornavirae,Kitrinoviricota,,Tolucaviricetes,Tolivirales,,Tombusviridae,,,,,Tombus-Noda,Riboviria|Orthornavirae|Kitrinoviricota||Tolucaviricetes|Tolivirales||Tombusviridae|||
SCM95219_Hubei_diptera_virus_15,Tombusviridae,0,0,0,Riboviria,Orthornavirae,Kitrinoviricota,,Tolucaviricetes,Tolivirales,,Tombusviridae,,,,,Tombus-Noda,Riboviria|Orthornavirae|Kitrinoviricota||Tolucaviricetes|Tolivirales||Tombusviridae|||
SHWC0209c16708_Shahe_isopoda_virus_5,Tombusviridae,0,0,0,Riboviria,Orthornavirae,Kitrinoviricota,,Tolucaviricetes,Tolivirales,,Tombusviridae,,,,,Tombus-Noda,Riboviria|Orthornavirae|Kitrinoviricota||Tolucaviricetes|Tolivirales||Tombusviridae|||
spider112003_Wuhan_spider_virus_9,Tombusviridae,0,0,0,Riboviria,Orthornavirae,Kitrinoviricota,,Tolucaviricetes,Tolivirales,,Tombusviridae,,,,,Tombus-Noda,Riboviria|Orthornavirae|Kitrinoviricota||Tolucaviricetes|Tolivirales||Tombusviridae|||
spider118341_Hubei_tombus-like_virus_14,Tombusviridae,0,0,0,Riboviria,Orthornavirae,Kitrinoviricota,,Tolucaviricetes,Tolivirales,,Tombusviridae,,,,,Tombus-Noda,Riboviria|Orthornavirae|Kitrinoviricota||Tolucaviricetes|Tolivirales||Tombusviridae|||
spider121926_Hubei_tombus-like_virus_21,Tombusviridae,0,0,0,Riboviria,Orthornavirae,Kitrinoviricota,,Tolucaviricetes,Tolivirales,,Tombusviridae,,,,,Tombus-Noda,Riboviria|Orthornavirae|Kitrinoviricota||Tolucaviricetes|Tolivirales||Tombusviridae|||
spider124630_Hubei_tombus-like_virus_29,Tombusviridae,0,0,0,Riboviria,Orthornavirae,Kitrinoviricota,,Tolucaviricetes,Tolivirales,,Tombusviridae,,,,,Tombus-Noda,Riboviria|Orthornavirae|Kitrinoviricota||Tolucaviricetes|Tolivirales||Tombusviridae|||
spider131362_Hubei_tombus-like_virus_20,Tombusviridae,0,0,0,Riboviria,Orthornavirae,Kitrinoviricota,,Tolucaviricetes,Tolivirales,,Tombusviridae,,,,,Tombus-Noda,Riboviria|Orthornavirae|Kitrinoviricota||Tolucaviricetes|Tolivirales||Tombusviridae|||
spider132818_Hubei_tombus-like_virus_30,Tombusviridae,0,0,0,Riboviria,Orthornavirae,Kitrinoviricota,,Tolucaviricetes,Tolivirales,,Tombusviridae,,,,,Tombus-Noda,Riboviria|Orthornavirae|Kitrinoviricota||Tolucaviricetes|Tolivirales||Tombusviridae|||
spider134060_Wuhan_spider_virus_8,Tombusviridae,0,0,0,Riboviria,Orthornavirae,Kitrinoviricota,,Tolucaviricetes,Tolivirales,,Tombusviridae,,,,,Tombus-Noda,Riboviria|Orthornavirae|Kitrinoviricota||Tolucaviricetes|Tolivirales||Tombusviridae|||
spider58816_Hubei_tombus-like_virus_16,Tombusviridae,0,0,0,Riboviria,Orthornavirae,Kitrinoviricota,,Tolucaviricetes,Tolivirales,,Tombusviridae,,,,,Tombus-Noda,Riboviria|Orthornavirae|Kitrinoviricota||Tolucaviricetes|Tolivirales||Tombusviridae|||
SSZZ1762_Hubei_tombus-like_virus_28_RdRp,Tombusviridae,0,0,0,Riboviria,Orthornavirae,Kitrinoviricota,,Tolucaviricetes,Tolivirales,,Tombusviridae,,,,,Tombus-Noda,Riboviria|Orthornavirae|Kitrinoviricota||Tolucaviricetes|Tolivirales||Tombusviridae|||
SSZZ3453_Hubei_tombus-like_virus_27,Tombusviridae,0,0,0,Riboviria,Orthornavirae,Kitrinoviricota,,Tolucaviricetes,Tolivirales,,Tombusviridae,,,,,Tombus-Noda,Riboviria|Orthornavirae|Kitrinoviricota||Tolucaviricetes|Tolivirales||Tombusviridae|||
SXSSP12445_Sanxia_tombus-like_virus_5,Tombusviridae,0,0,0,Riboviria,Orthornavirae,Kitrinoviricota,,Tolucaviricetes,Tolivirales,,Tombusviridae,,,,,Tombus-Noda,Riboviria|Orthornavirae|Kitrinoviricota||Tolucaviricetes|Tolivirales||Tombusviridae|||
SXSSP1894_Sanxia_water_strider_virus_15,Tombusviridae,0,0,0,Riboviria,Orthornavirae,Kitrinoviricota,,Tolucaviricetes,Tolivirales,,Tombusviridae,,,,,Tombus-Noda,Riboviria|Orthornavirae|Kitrinoviricota||Tolucaviricetes|Tolivirales||Tombusviridae|||
SXSSP2544_Sanxia_tombus-like_virus_8,Tombusviridae,0,0,0,Riboviria,Orthornavirae,Kitrinoviricota,,Tolucaviricetes,Tolivirales,,Tombusviridae,,,,,Tombus-Noda,Riboviria|Orthornavirae|Kitrinoviricota||Tolucaviricetes|Tolivirales||Tombusviridae|||
SXSSP2565_Sanxia_water_strider_virus_14,Tombusviridae,0,0,0,Riboviria,Orthornavirae,Kitrinoviricota,,Tolucaviricetes,Tolivirales,,Tombusviridae,,,,,Tombus-Noda,Riboviria|Orthornavirae|Kitrinoviricota||Tolucaviricetes|Tolivirales||Tombusviridae|||
SXSSP2567_Sanxia_tombus-like_virus_7,Tombusviridae,0,0,0,Riboviria,Orthornavirae,Kitrinoviricota,,Tolucaviricetes,Tolivirales,,Tombusviridae,,,,,Tombus-Noda,Riboviria|Orthornavirae|Kitrinoviricota||Tolucaviricetes|Tolivirales||Tombusviridae|||
SXSSP2574_Sanxia_tombus-like_virus_6,Tombusviridae,0,0,0,Riboviria,Orthornavirae,Kitrinoviricota,,Tolucaviricetes,Tolivirales,,Tombusviridae,,,,,Tombus-Noda,Riboviria|Orthornavirae|Kitrinoviricota||Tolucaviricetes|Tolivirales||Tombusviridae|||
SXXX37849_Sanxia_tombus-like_virus_9,Tombusviridae,0,0,0,Riboviria,Orthornavirae,Kitrinoviricota,,Tolucaviricetes,Tolivirales,,Tombusviridae,,,,,Tombus-Noda,Riboviria|Orthornavirae|Kitrinoviricota||Tolucaviricetes|Tolivirales||Tombusviridae|||
SXXX7002_Sanxia_tombus-like_virus_4,Tombusviridae,0,0,0,Riboviria,Orthornavirae,Kitrinoviricota,,Tolucaviricetes,Tolivirales,,Tombusviridae,,,,,Tombus-Noda,Riboviria|Orthornavirae|Kitrinoviricota||Tolucaviricetes|Tolivirales||Tombusviridae|||
UTQ50976.1_Tomato_associated_tombus-like_virus_1_Solanum_lycopersicum_1115,Tombusviridae,0,0,1,Riboviria,Orthornavirae,Kitrinoviricota,,Tolucaviricetes,Tolivirales,,Tombusviridae,,,,,Tombus-Noda,Riboviria|Orthornavirae|Kitrinoviricota||Tolucaviricetes|Tolivirales||Tombusviridae|||
WGML125257_Hubei_tombus-like_virus_36,Tombusviridae,0,0,0,Riboviria,Orthornavirae,Kitrinoviricota,,Tolucaviricetes,Tolivirales,,Tombusviridae,,,,,Tombus-Noda,Riboviria|Orthornavirae|Kitrinoviricota||Tolucaviricetes|Tolivirales||Tombusviridae|||
WGML146568_Hubei_tombus-like_virus_43,Tombusviridae,0,0,0,Riboviria,Orthornavirae,Kitrinoviricota,,Tolucaviricetes,Tolivirales,,Tombusviridae,,,,,Tombus-Noda,Riboviria|Orthornavirae|Kitrinoviricota||Tolucaviricetes|Tolivirales||Tombusviridae|||
WGML3549_Hubei_tombus-like_virus_35,Tombusviridae,0,0,0,Riboviria,Orthornavirae,Kitrinoviricota,,Tolucaviricetes,Tolivirales,,Tombusviridae,,,,,Tombus-Noda,Riboviria|Orthornavirae|Kitrinoviricota||Tolucaviricetes|Tolivirales||Tombusviridae|||
WGML9144_Hubei_tombus-like_virus_39,Tombusviridae,0,0,0,Riboviria,Orthornavirae,Kitrinoviricota,,Tolucaviricetes,Tolivirales,,Tombusviridae,,,,,Tombus-Noda,Riboviria|Orthornavirae|Kitrinoviricota||Tolucaviricetes|Tolivirales||Tombusviridae|||
WHBL63242_Hubei_tombus-like_virus_9,Tombusviridae,0,0,0,Riboviria,Orthornavirae,Kitrinoviricota,,Tolucaviricetes,Tolivirales,,Tombusviridae,,,,,Tombus-Noda,Riboviria|Orthornavirae|Kitrinoviricota||Tolucaviricetes|Tolivirales||Tombusviridae|||
WHBL67076_Hubei_tombus-like_virus_33,Tombusviridae,0,0,0,Riboviria,Orthornavirae,Kitrinoviricota,,Tolucaviricetes,Tolivirales,,Tombusviridae,,,,,Tombus-Noda,Riboviria|Orthornavirae|Kitrinoviricota||Tolucaviricetes|Tolivirales||Tombusviridae|||
WHBL69613_Hubei_tombus-like_virus_25,Tombusviridae,0,0,0,Riboviria,Orthornavirae,Kitrinoviricota,,Tolucaviricetes,Tolivirales,,Tombusviridae,,,,,Tombus-Noda,Riboviria|Orthornavirae|Kitrinoviricota||Tolucaviricetes|Tolivirales||Tombusviridae|||
WHBL71139_Hubei_tombus-like_virus_32,Tombusviridae,0,0,0,Riboviria,Orthornavirae,Kitrinoviricota,,Tolucaviricetes,Tolivirales,,Tombusviridae,,,,,Tombus-Noda,Riboviria|Orthornavirae|Kitrinoviricota||Tolucaviricetes|Tolivirales||Tombusviridae|||
WHBL71803_Hubei_tombus-like_virus_12,Tombusviridae,0,0,0,Riboviria,Orthornavirae,Kitrinoviricota,,Tolucaviricetes,Tolivirales,,Tombusviridae,,,,,Tombus-Noda,Riboviria|Orthornavirae|Kitrinoviricota||Tolucaviricetes|Tolivirales||Tombusviridae|||
WHBL72297_Hubei_tombus-like_virus_37,Tombusviridae,0,0,0,Riboviria,Orthornavirae,Kitrinoviricota,,Tolucaviricetes,Tolivirales,,Tombusviridae,,,,,Tombus-Noda,Riboviria|Orthornavirae|Kitrinoviricota||Tolucaviricetes|Tolivirales||Tombusviridae|||
WHBL72658_Hubei_unio_douglasiae_virus_2,Tombusviridae,0,0,0,Riboviria,Orthornavirae,Kitrinoviricota,,Tolucaviricetes,Tolivirales,,Tombusviridae,,,,,Tombus-Noda,Riboviria|Orthornavirae|Kitrinoviricota||Tolucaviricetes|Tolivirales||Tombusviridae|||
WHBL72828_Hubei_tombus-like_virus_31,Tombusviridae,0,0,0,Riboviria,Orthornavirae,Kitrinoviricota,,Tolucaviricetes,Tolivirales,,Tombusviridae,,,,,Tombus-Noda,Riboviria|Orthornavirae|Kitrinoviricota||Tolucaviricetes|Tolivirales||Tombusviridae|||
WHBL73047_Hubei_tombus-like_virus_34,Tombusviridae,0,0,0,Riboviria,Orthornavirae,Kitrinoviricota,,Tolucaviricetes,Tolivirales,,Tombusviridae,,,,,Tombus-Noda,Riboviria|Orthornavirae|Kitrinoviricota||Tolucaviricetes|Tolivirales||Tombusviridae|||
WHCC112361_Hubei_tombus-like_virus_10,Tombusviridae,0,0,0,Riboviria,Orthornavirae,Kitrinoviricota,,Tolucaviricetes,Tolivirales,,Tombusviridae,,,,,Tombus-Noda,Riboviria|Orthornavirae|Kitrinoviricota||Tolucaviricetes|Tolivirales||Tombusviridae|||
WHCCII10556_Wuhan_insect_virus_35_RdRp,Tombusviridae,0,0,0,Riboviria,Orthornavirae,Kitrinoviricota,,Tolucaviricetes,Tolivirales,,Tombusviridae,,,,,Tombus-Noda,Riboviria|Orthornavirae|Kitrinoviricota||Tolucaviricetes|Tolivirales||Tombusviridae|||
WHCCII13077_Wuhan_insect_virus_21_RdRp,Tombusviridae,0,0,0,Riboviria,Orthornavirae,Kitrinoviricota,,Tolucaviricetes,Tolivirales,,Tombusviridae,,,,,Tombus-Noda,Riboviria|Orthornavirae|Kitrinoviricota||Tolucaviricetes|Tolivirales||Tombusviridae|||
WHCCII13249_Hubei_tombus-like_virus_23,Tombusviridae,0,0,0,Riboviria,Orthornavirae,Kitrinoviricota,,Tolucaviricetes,Tolivirales,,Tombusviridae,,,,,Tombus-Noda,Riboviria|Orthornavirae|Kitrinoviricota||Tolucaviricetes|Tolivirales||Tombusviridae|||
WHCCII13323_Hubei_tombus-like_virus_19,Tombusviridae,0,0,0,Riboviria,Orthornavirae,Kitrinoviricota,,Tolucaviricetes,Tolivirales,,Tombusviridae,,,,,Tombus-Noda,Riboviria|Orthornavirae|Kitrinoviricota||Tolucaviricetes|Tolivirales||Tombusviridae|||
WHSFII11317_Hubei_tombus-like_virus_11,Tombusviridae,0,0,0,Riboviria,Orthornavirae,Kitrinoviricota,,Tolucaviricetes,Tolivirales,,Tombusviridae,,,,,Tombus-Noda,Riboviria|Orthornavirae|Kitrinoviricota||Tolucaviricetes|Tolivirales||Tombusviridae|||
WHWG56034_Hubei_tombus-like_virus_38,Tombusviridae,0,0,0,Riboviria,Orthornavirae,Kitrinoviricota,,Tolucaviricetes,Tolivirales,,Tombusviridae,,,,,Tombus-Noda,Riboviria|Orthornavirae|Kitrinoviricota||Tolucaviricetes|Tolivirales||Tombusviridae|||
WHYY18977_Hubei_tombus-like_virus_13,Tombusviridae,0,0,0,Riboviria,Orthornavirae,Kitrinoviricota,,Tolucaviricetes,Tolivirales,,Tombusviridae,,,,,Tombus-Noda,Riboviria|Orthornavirae|Kitrinoviricota||Tolucaviricetes|Tolivirales||Tombusviridae|||
WHYY21098_Hubei_tombus-like_virus_15,Tombusviridae,0,0,0,Riboviria,Orthornavirae,Kitrinoviricota,,Tolucaviricetes,Tolivirales,,Tombusviridae,,,,,Tombus-Noda,Riboviria|Orthornavirae|Kitrinoviricota||Tolucaviricetes|Tolivirales||Tombusviridae|||
WLJQ100551_Wenling_tombus-like_virus_4,Tombusviridae,0,0,0,Riboviria,Orthornavirae,Kitrinoviricota,,Tolucaviricetes,Tolivirales,,Tombusviridae,,,,,Tombus-Noda,Riboviria|Orthornavirae|Kitrinoviricota||Tolucaviricetes|Tolivirales||Tombusviridae|||
WLJQ104103_Wenling_tombus-like_virus_5,Tombusviridae,0,0,0,Riboviria,Orthornavirae,Kitrinoviricota,,Tolucaviricetes,Tolivirales,,Tombusviridae,,,,,Tombus-Noda,Riboviria|Orthornavirae|Kitrinoviricota||Tolucaviricetes|Tolivirales||Tombusviridae|||
WLJQ104192_Wenling_tombus-like_virus_1,Tombusviridae,0,0,0,Riboviria,Orthornavirae,Kitrinoviricota,,Tolucaviricetes,Tolivirales,,Tombusviridae,,,,,Tombus-Noda,Riboviria|Orthornavirae|Kitrinoviricota||Tolucaviricetes|Tolivirales||Tombusviridae|||
WLJQ104302_Wenling_tombus-like_virus_2,Tombusviridae,0,0,0,Riboviria,Orthornavirae,Kitrinoviricota,,Tolucaviricetes,Tolivirales,,Tombusviridae,,,,,Tombus-Noda,Riboviria|Orthornavirae|Kitrinoviricota||Tolucaviricetes|Tolivirales||Tombusviridae|||
WLJQ76752_Wenling_tombus-like_virus_3,Tombusviridae,0,0,0,Riboviria,Orthornavirae,Kitrinoviricota,,Tolucaviricetes,Tolivirales,,Tombusviridae,,,,,Tombus-Noda,Riboviria|Orthornavirae|Kitrinoviricota||Tolucaviricetes|Tolivirales||Tombusviridae|||
WZFSL15005_Wenzhou_tombus-like_virus_14,Tombusviridae,0,0,0,Riboviria,Orthornavirae,Kitrinoviricota,,Tolucaviricetes,Tolivirales,,Tombusviridae,,,,,Tombus-Noda,Riboviria|Orthornavirae|Kitrinoviricota||Tolucaviricetes|Tolivirales||Tombusviridae|||
WZFSL44625_Wenzhou_tombus-like_virus_7,Tombusviridae,0,0,0,Riboviria,Orthornavirae,Kitrinoviricota,,Tolucaviricetes,Tolivirales,,Tombusviridae,,,,,Tombus-Noda,Riboviria|Orthornavirae|Kitrinoviricota||Tolucaviricetes|Tolivirales||Tombusviridae|||
WZFSL57346_Wenzhou_tombus-like_virus_10,Tombusviridae,0,0,0,Riboviria,Orthornavirae,Kitrinoviricota,,Tolucaviricetes,Tolivirales,,Tombusviridae,,,,,Tombus-Noda,Riboviria|Orthornavirae|Kitrinoviricota||Tolucaviricetes|Tolivirales||Tombusviridae|||
WZFSL70232_Wenzhou_tombus-like_virus_15,Tombusviridae,0,0,0,Riboviria,Orthornavirae,Kitrinoviricota,,Tolucaviricetes,Tolivirales,,Tombusviridae,,,,,Tombus-Noda,Riboviria|Orthornavirae|Kitrinoviricota||Tolucaviricetes|Tolivirales||Tombusviridae|||
WZFSL78689_Wenzhou_tombus-like_virus_16,Tombusviridae,0,0,0,Riboviria,Orthornavirae,Kitrinoviricota,,Tolucaviricetes,Tolivirales,,Tombusviridae,,,,,Tombus-Noda,Riboviria|Orthornavirae|Kitrinoviricota||Tolucaviricetes|Tolivirales||Tombusviridae|||
WZFSL80420_Wenzhou_tombus-like_virus_13,Tombusviridae,0,0,0,Riboviria,Orthornavirae,Kitrinoviricota,,Tolucaviricetes,Tolivirales,,Tombusviridae,,,,,Tombus-Noda,Riboviria|Orthornavirae|Kitrinoviricota||Tolucaviricetes|Tolivirales||Tombusviridae|||
WZFSL82820_Wenzhou_tombus-like_virus_17,Tombusviridae,0,0,0,Riboviria,Orthornavirae,Kitrinoviricota,,Tolucaviricetes,Tolivirales,,Tombusviridae,,,,,Tombus-Noda,Riboviria|Orthornavirae|Kitrinoviricota||Tolucaviricetes|Tolivirales||Tombusviridae|||
WZFSL84432_Wenzhou_tombus-like_virus_12,Tombusviridae,0,0,0,Riboviria,Orthornavirae,Kitrinoviricota,,Tolucaviricetes,Tolivirales,,Tombusviridae,,,,,Tombus-Noda,Riboviria|Orthornavirae|Kitrinoviricota||Tolucaviricetes|Tolivirales||Tombusviridae|||
WZRBX43276_Wenzhou_crab_virus_4,Tombusviridae,0,0,0,Riboviria,Orthornavirae,Kitrinoviricota,,Tolucaviricetes,Tolivirales,,Tombusviridae,,,,,Tombus-Noda,Riboviria|Orthornavirae|Kitrinoviricota||Tolucaviricetes|Tolivirales||Tombusviridae|||
WZSLuoI85212_Wenzhou_tombus-like_virus_9,Tombusviridae,0,0,0,Riboviria,Orthornavirae,Kitrinoviricota,,Tolucaviricetes,Tolivirales,,Tombusviridae,,,,,Tombus-Noda,Riboviria|Orthornavirae|Kitrinoviricota||Tolucaviricetes|Tolivirales||Tombusviridae|||
XZSJSC65582_Xinzhou_nematode_virus_7,Tombusviridae,0,0,0,Riboviria,Orthornavirae,Kitrinoviricota,,Tolucaviricetes,Tolivirales,,Tombusviridae,,,,,Tombus-Noda,Riboviria|Orthornavirae|Kitrinoviricota||Tolucaviricetes|Tolivirales||Tombusviridae|||
YYSZX17783_Beihai_tombus-like_virus_4,Tombusviridae,0,0,0,Riboviria,Orthornavirae,Kitrinoviricota,,Tolucaviricetes,Tolivirales,,Tombusviridae,,,,,Tombus-Noda,Riboviria|Orthornavirae|Kitrinoviricota||Tolucaviricetes|Tolivirales||Tombusviridae|||
CJLX30495_Changjiang_tombus-like_virus_3,Tombusviridae_Calvusvirinae,0,0,1,Riboviria,Orthornavirae,Kitrinoviricota,,Tolucaviricetes,Tolivirales,,Tombusviridae,Calvusvirinae,,,,Tombus-Noda,Riboviria|Orthornavirae|Kitrinoviricota||Tolucaviricetes|Tolivirales||Tombusviridae|Calvusvirinae||
umbra_NC_001726_Carrot_mottle_mimic_virus,Tombusviridae_Calvusvirinae,0,0,1,Riboviria,Orthornavirae,Kitrinoviricota,,Tolucaviricetes,Tolivirales,,Tombusviridae,Calvusvirinae,Umbravirus,Umbravirus carotae,,Tombus-Noda,Riboviria|Orthornavirae|Kitrinoviricota||Tolucaviricetes|Tolivirales||Tombusviridae|Calvusvirinae|Umbravirus|Umbravirus carotae
umbra_NC_003603_Groundnut_rosette_virus,Tombusviridae_Calvusvirinae,0,0,1,Riboviria,Orthornavirae,Kitrinoviricota,,Tolucaviricetes,Tolivirales,,Tombusviridae,Calvusvirinae,Umbravirus,Umbravirus arachidis,,Tombus-Noda,Riboviria|Orthornavirae|Kitrinoviricota||Tolucaviricetes|Tolivirales||Tombusviridae|Calvusvirinae|Umbravirus|Umbravirus arachidis
umbra_NC_003853_Pea_enation_mosaic_virus-2,Tombusviridae_Calvusvirinae,0,0,1,Riboviria,Orthornavirae,Kitrinoviricota,,Tolucaviricetes,Tolivirales,,Tombusviridae,Calvusvirinae,Umbravirus,Umbravirus pisi,,Tombus-Noda,Riboviria|Orthornavirae|Kitrinoviricota||Tolucaviricetes|Tolivirales||Tombusviridae|Calvusvirinae|Umbravirus|Umbravirus pisi
umbra_NC_004366_Tobacco_bushy_top_virus,Tombusviridae_Calvusvirinae,0,0,1,Riboviria,Orthornavirae,Kitrinoviricota,,Tolucaviricetes,Tolivirales,,Tombusviridae,Calvusvirinae,Umbravirus,Umbravirus nicotianae,,Tombus-Noda,Riboviria|Orthornavirae|Kitrinoviricota||Tolucaviricetes|Tolivirales||Tombusviridae|Calvusvirinae|Umbravirus|Umbravirus nicotianae
umbra_NC_011515_Carrot_mottle_virus,Tombusviridae_Calvusvirinae,0,0,1,Riboviria,Orthornavirae,Kitrinoviricota,,Tolucaviricetes,Tolivirales,,Tombusviridae,Calvusvirinae,Umbravirus,Umbravirus maculacarotae,,Tombus-Noda,Riboviria|Orthornavirae|Kitrinoviricota||Tolucaviricetes|Tolivirales||Tombusviridae|Calvusvirinae|Umbravirus|Umbravirus maculacarotae
umbra_NC_024808_Ethiopian_tobacco_bushy_top_virus,Tombusviridae_Calvusvirinae,0,0,1,Riboviria,Orthornavirae,Kitrinoviricota,,Tolucaviricetes,Tolivirales,,Tombusviridae,Calvusvirinae,Umbravirus,Umbravirus ethiopiaense,,Tombus-Noda,Riboviria|Orthornavirae|Kitrinoviricota||Tolucaviricetes|Tolivirales||Tombusviridae|Calvusvirinae|Umbravirus|Umbravirus ethiopiaense
AGC04692.1_Cucurbit_carmovirus_Cucumis_melo_798,Tombusviridae_Procedovirinae,0,0,1,Riboviria,Orthornavirae,Kitrinoviricota,,Tolucaviricetes,Tolivirales,,Tombusviridae,Procedovirinae,Gammacarmovirus,,,Tombus-Noda,Riboviria|Orthornavirae|Kitrinoviricota||Tolucaviricetes|Tolivirales||Tombusviridae|Procedovirinae|Gammacarmovirus|
AXP98766.1_Elderberry_aureusvirus_1_Sambucus_nigra_759,Tombusviridae_Procedovirinae,0,0,1,Riboviria,Orthornavirae,Kitrinoviricota,,Tolucaviricetes,Tolivirales,,Tombusviridae,Procedovirinae,Aureusvirus,Aureusvirus sambuci,,Tombus-Noda,Riboviria|Orthornavirae|Kitrinoviricota||Tolucaviricetes|Tolivirales||Tombusviridae|Procedovirinae|Aureusvirus|Aureusvirus sambuci
luteo_NC_002160_Barley_yellow_dwarf_virus-PAS,Tombusviridae_Procedovirinae,0,0,1,Riboviria,Orthornavirae,Kitrinoviricota,,Tolucaviricetes,Tolivirales,,Tombusviridae,Procedovirinae,Luteovirus,Luteovirus pashordei,,Tombus-Noda,Riboviria|Orthornavirae|Kitrinoviricota||Tolucaviricetes|Tolivirales||Tombusviridae|Procedovirinae|Luteovirus|Luteovirus pashordei
luteo_NC_003056_Soybean_dwarf_virus,Tombusviridae_Procedovirinae,0,0,1,Riboviria,Orthornavirae,Kitrinoviricota,,Tolucaviricetes,Tolivirales,,Tombusviridae,Procedovirinae,Luteovirus,Luteovirus glycinis,,Tombus-Noda,Riboviria|Orthornavirae|Kitrinoviricota||Tolucaviricetes|Tolivirales||Tombusviridae|Procedovirinae|Luteovirus|Luteovirus glycinis
luteo_NC_003369_Bean_leafroll_virus,Tombusviridae_Procedovirinae,0,0,1,Riboviria,Orthornavirae,Kitrinoviricota,,Tolucaviricetes,Tolivirales,,Tombusviridae,Procedovirinae,Luteovirus,Luteovirus phaseoli,,Tombus-Noda,Riboviria|Orthornavirae|Kitrinoviricota||Tolucaviricetes|Tolivirales||Tombusviridae|Procedovirinae|Luteovirus|Luteovirus phaseoli
luteo_NC_003680_Barley_yellow_dwarf_virus-MAV,Tombusviridae_Procedovirinae,0,0,1,Riboviria,Orthornavirae,Kitrinoviricota,,Tolucaviricetes,Tolivirales,,Tombusviridae,Procedovirinae,Luteovirus,Luteovirus mavhordei,,Tombus-Noda,Riboviria|Orthornavirae|Kitrinoviricota||Tolucaviricetes|Tolivirales||Tombusviridae|Procedovirinae|Luteovirus|Luteovirus mavhordei
luteo_NC_010806_Rose_spring_dwarf-associated_virus,Tombusviridae_Procedovirinae,0,0,1,Riboviria,Orthornavirae,Kitrinoviricota,,Tolucaviricetes,Tolivirales,,Tombusviridae,Procedovirinae,Luteovirus,Luteovirus rosae,,Tombus-Noda,Riboviria|Orthornavirae|Kitrinoviricota||Tolucaviricetes|Tolivirales||Tombusviridae|Procedovirinae|Luteovirus|Luteovirus rosae
QKE44131.1_Forsythia_suspensa_tombusvirus_Forsythia_suspensa_532,Tombusviridae_Procedovirinae,0,0,1,Riboviria,Orthornavirae,Kitrinoviricota,,Tolucaviricetes,Tolivirales,,Tombusviridae,Procedovirinae,,,,Tombus-Noda,Riboviria|Orthornavirae|Kitrinoviricota||Tolucaviricetes|Tolivirales||Tombusviridae|Procedovirinae||
QKI28846.1_Ginkgo_biloba_tombusvirus_Ginkgo_biloba_500,Tombusviridae_Procedovirinae,0,0,1,Riboviria,Orthornavirae,Kitrinoviricota,,Tolucaviricetes,Tolivirales,,Tombusviridae,Procedovirinae,,,,Tombus-Noda,Riboviria|Orthornavirae|Kitrinoviricota||Tolucaviricetes|Tolivirales||Tombusviridae|Procedovirinae||
QMQ39166.1_Sugarcane_umbra-like_virus_Saccharum_officinarum_708,Tombusviridae_Procedovirinae,0,0,1,Riboviria,Orthornavirae,Kitrinoviricota,,Tolucaviricetes,Tolivirales,,Tombusviridae,Procedovirinae,,,,Tombus-Noda,Riboviria|Orthornavirae|Kitrinoviricota||Tolucaviricetes|Tolivirales||Tombusviridae|Procedovirinae||
SCJXSX39078_Beihai_tombus-like_virus_1,Tombusviridae_Procedovirinae,0,0,1,Riboviria,Orthornavirae,Kitrinoviricota,,Tolucaviricetes,Tolivirales,,Tombusviridae,Procedovirinae,,,,Tombus-Noda,Riboviria|Orthornavirae|Kitrinoviricota||Tolucaviricetes|Tolivirales||Tombusviridae|Procedovirinae||
tombus_NC_001265_Carnation_mottle_virus,Tombusviridae_Procedovirinae,0,0,1,Riboviria,Orthornavirae,Kitrinoviricota,,Tolucaviricetes,Tolivirales,,Tombusviridae,Procedovirinae,Alphacarmovirus,Alphacarmovirus dianthi,,Tombus-Noda,Riboviria|Orthornavirae|Kitrinoviricota||Tolucaviricetes|Tolivirales||Tombusviridae|Procedovirinae|Alphacarmovirus|Alphacarmovirus dianthi
tombus_NC_001469_Cucumber_necrosis_virus,Tombusviridae_Procedovirinae,0,0,1,Riboviria,Orthornavirae,Kitrinoviricota,,Tolucaviricetes,Tolivirales,,Tombusviridae,Procedovirinae,Tombusvirus,Tombusvirus cucumis,,Tombus-Noda,Riboviria|Orthornavirae|Kitrinoviricota||Tolucaviricetes|Tolivirales||Tombusviridae|Procedovirinae|Tombusvirus|Tombusvirus cucumis
tombus_NC_001504_Melon_necrotic_spot_virus,Tombusviridae_Procedovirinae,0,0,1,Riboviria,Orthornavirae,Kitrinoviricota,,Tolucaviricetes,Tolivirales,,Tombusviridae,Procedovirinae,Gammacarmovirus,Gammacarmovirus melonis,,Tombus-Noda,Riboviria|Orthornavirae|Kitrinoviricota||Tolucaviricetes|Tolivirales||Tombusviridae|Procedovirinae|Gammacarmovirus|Gammacarmovirus melonis
tombus_NC_001554_Tomato_bushy_stunt_virus,Tombusviridae_Procedovirinae,0,0,1,Riboviria,Orthornavirae,Kitrinoviricota,,Tolucaviricetes,Tolivirales,,Tombusviridae,Procedovirinae,Tombusvirus,Tombusvirus lycopersici,,Tombus-Noda,Riboviria|Orthornavirae|Kitrinoviricota||Tolucaviricetes|Tolivirales||Tombusviridae|Procedovirinae|Tombusvirus|Tombusvirus lycopersici
tombus_NC_001777_Tobacco_necrosis_virus_A,Tombusviridae_Procedovirinae,0,0,1,Riboviria,Orthornavirae,Kitrinoviricota,,Tolucaviricetes,Tolivirales,,Tombusviridae,Procedovirinae,Alphanecrovirus,Alphanecrovirus nicotianae,,Tombus-Noda,Riboviria|Orthornavirae|Kitrinoviricota||Tolucaviricetes|Tolivirales||Tombusviridae|Procedovirinae|Alphanecrovirus|Alphanecrovirus nicotianae
tombus_NC_001780_Saguaro_cactus_virus,Tombusviridae_Procedovirinae,0,0,1,Riboviria,Orthornavirae,Kitrinoviricota,,Tolucaviricetes,Tolivirales,,Tombusviridae,Procedovirinae,Alphacarmovirus,Alphacarmovirus cacti,,Tombus-Noda,Riboviria|Orthornavirae|Kitrinoviricota||Tolucaviricetes|Tolivirales||Tombusviridae|Procedovirinae|Alphacarmovirus|Alphacarmovirus cacti
tombus_NC_001818_Galinsoga_mosaic_virus,Tombusviridae_Procedovirinae,0,0,1,Riboviria,Orthornavirae,Kitrinoviricota,,Tolucaviricetes,Tolivirales,,Tombusviridae,Procedovirinae,Gallantivirus,Gallantivirus galinsogae,,Tombus-Noda,Riboviria|Orthornavirae|Kitrinoviricota||Tolucaviricetes|Tolivirales||Tombusviridae|Procedovirinae|Gallantivirus|Gallantivirus galinsogae
tombus_NC_001822_Leek_white_stripe_virus,Tombusviridae_Procedovirinae,0,0,1,Riboviria,Orthornavirae,Kitrinoviricota,,Tolucaviricetes,Tolivirales,,Tombusviridae,Procedovirinae,Betanecrovirus,Betanecrovirus porri,,Tombus-Noda,Riboviria|Orthornavirae|Kitrinoviricota||Tolucaviricetes|Tolivirales||Tombusviridae|Procedovirinae|Betanecrovirus|Betanecrovirus porri
tombus_NC_002187_Japanese_iris_necrotic_ring_virus,Tombusviridae_Procedovirinae,0,0,1,Riboviria,Orthornavirae,Kitrinoviricota,,Tolucaviricetes,Tolivirales,,Tombusviridae,Procedovirinae,Betacarmovirus,Betacarmovirus iridis,,Tombus-Noda,Riboviria|Orthornavirae|Kitrinoviricota||Tolucaviricetes|Tolivirales||Tombusviridae|Procedovirinae|Betacarmovirus|Betacarmovirus iridis
tombus_NC_002598_Panicum_mosaic_virus,Tombusviridae_Procedovirinae,0,0,1,Riboviria,Orthornavirae,Kitrinoviricota,,Tolucaviricetes,Tolivirales,,Tombusviridae,Procedovirinae,Panicovirus,Panicovirus panici,,Tombus-Noda,Riboviria|Orthornavirae|Kitrinoviricota||Tolucaviricetes|Tolivirales||Tombusviridae|Procedovirinae|Panicovirus|Panicovirus panici
tombus_NC_003487_Tobacco_necrosis_virus_D,Tombusviridae_Procedovirinae,0,0,1,Riboviria,Orthornavirae,Kitrinoviricota,,Tolucaviricetes,Tolivirales,,Tombusviridae,Procedovirinae,Betanecrovirus,Betanecrovirus nicotianae,,Tombus-Noda,Riboviria|Orthornavirae|Kitrinoviricota||Tolucaviricetes|Tolivirales||Tombusviridae|Procedovirinae|Betanecrovirus|Betanecrovirus nicotianae
tombus_NC_003500_Carnation_Italian_ringspot_virus,Tombusviridae_Procedovirinae,0,0,1,Riboviria,Orthornavirae,Kitrinoviricota,,Tolucaviricetes,Tolivirales,,Tombusviridae,Procedovirinae,Tombusvirus,Tombusvirus dianthi,,Tombus-Noda,Riboviria|Orthornavirae|Kitrinoviricota||Tolucaviricetes|Tolivirales||Tombusviridae|Procedovirinae|Tombusvirus|Tombusvirus dianthi
tombus_NC_003532_Cymbidium_ringspot_virus,Tombusviridae_Procedovirinae,0,0,1,Riboviria,Orthornavirae,Kitrinoviricota,,Tolucaviricetes,Tolivirales,,Tombusviridae,Procedovirinae,Tombusvirus,Tombusvirus cymbidii,,Tombus-Noda,Riboviria|Orthornavirae|Kitrinoviricota||Tolucaviricetes|Tolivirales||Tombusviridae|Procedovirinae|Tombusvirus|Tombusvirus cymbidii
tombus_NC_003535_Cowpea_mottle_virus,Tombusviridae_Procedovirinae,0,0,1,Riboviria,Orthornavirae,Kitrinoviricota,,Tolucaviricetes,Tolivirales,,Tombusviridae,Procedovirinae,Gammacarmovirus,Gammacarmovirus vignae,,Tombus-Noda,Riboviria|Orthornavirae|Kitrinoviricota||Tolucaviricetes|Tolivirales||Tombusviridae|Procedovirinae|Gammacarmovirus|Gammacarmovirus vignae
tombus_NC_003608_Hibiscus_chlorotic_ringspot_virus,Tombusviridae_Procedovirinae,0,0,1,Riboviria,Orthornavirae,Kitrinoviricota,,Tolucaviricetes,Tolivirales,,Tombusviridae,Procedovirinae,Betacarmovirus,Betacarmovirus hibisci,,Tombus-Noda,Riboviria|Orthornavirae|Kitrinoviricota||Tolucaviricetes|Tolivirales||Tombusviridae|Procedovirinae|Betacarmovirus|Betacarmovirus hibisci
tombus_NC_003627_Maize_chlorotic_mottle_virus,Tombusviridae_Procedovirinae,0,0,1,Riboviria,Orthornavirae,Kitrinoviricota,,Tolucaviricetes,Tolivirales,,Tombusviridae,Procedovirinae,Machlomovirus,Machlomovirus zeae,,Tombus-Noda,Riboviria|Orthornavirae|Kitrinoviricota||Tolucaviricetes|Tolivirales||Tombusviridae|Procedovirinae|Machlomovirus|Machlomovirus zeae
tombus_NC_003633_Oat_chlorotic_stunt_virus,Tombusviridae_Procedovirinae,0,0,1,Riboviria,Orthornavirae,Kitrinoviricota,,Tolucaviricetes,Tolivirales,,Tombusviridae,Procedovirinae,Avenavirus,Avenavirus avenae,,Tombus-Noda,Riboviria|Orthornavirae|Kitrinoviricota||Tolucaviricetes|Tolivirales||Tombusviridae|Procedovirinae|Avenavirus|Avenavirus avenae
tombus_NC_003821_Turnip_crinkle_virus,Tombusviridae_Procedovirinae,0,0,1,Riboviria,Orthornavirae,Kitrinoviricota,,Tolucaviricetes,Tolivirales,,Tombusviridae,Procedovirinae,Betacarmovirus,Betacarmovirus brassicae,,Tombus-Noda,Riboviria|Orthornavirae|Kitrinoviricota||Tolucaviricetes|Tolivirales||Tombusviridae|Procedovirinae|Betacarmovirus|Betacarmovirus brassicae
tombus_NC_004452_Beet_black_scorch_virus,Tombusviridae_Procedovirinae,0,0,1,Riboviria,Orthornavirae,Kitrinoviricota,,Tolucaviricetes,Tolivirales,,Tombusviridae,Procedovirinae,Betanecrovirus,Betanecrovirus betae,,Tombus-Noda,Riboviria|Orthornavirae|Kitrinoviricota||Tolucaviricetes|Tolivirales||Tombusviridae|Procedovirinae|Betanecrovirus|Betanecrovirus betae
tombus_NC_004725_Cucumber_Bulgarian_latent_virus,Tombusviridae_Procedovirinae,0,0,1,Riboviria,Orthornavirae,Kitrinoviricota,,Tolucaviricetes,Tolivirales,,Tombusviridae,Procedovirinae,Tombusvirus,Tombusvirus bulgariaense,,Tombus-Noda,Riboviria|Orthornavirae|Kitrinoviricota||Tolucaviricetes|Tolivirales||Tombusviridae|Procedovirinae|Tombusvirus|Tombusvirus bulgariaense
tombus_NC_004995_Pea_stem_necrosis_virus,Tombusviridae_Procedovirinae,0,0,1,Riboviria,Orthornavirae,Kitrinoviricota,,Tolucaviricetes,Tolivirales,,Tombusviridae,Procedovirinae,Gammacarmovirus,Gammacarmovirus pisi,,Tombus-Noda,Riboviria|Orthornavirae|Kitrinoviricota||Tolucaviricetes|Tolivirales||Tombusviridae|Procedovirinae|Gammacarmovirus|Gammacarmovirus pisi
tombus_NC_005985_Pelargonium_chlorotic_ring_pattern_virus,Tombusviridae_Procedovirinae,0,0,1,Riboviria,Orthornavirae,Kitrinoviricota,,Tolucaviricetes,Tolivirales,,Tombusviridae,Procedovirinae,Pelarspovirus,Pelarspovirus chloropelargonii,,Tombus-Noda,Riboviria|Orthornavirae|Kitrinoviricota||Tolucaviricetes|Tolivirales||Tombusviridae|Procedovirinae|Pelarspovirus|Pelarspovirus chloropelargonii
tombus_NC_006939_Olive_mild_mosaic_virus,Tombusviridae_Procedovirinae,0,0,1,Riboviria,Orthornavirae,Kitrinoviricota,,Tolucaviricetes,Tolivirales,,Tombusviridae,Procedovirinae,Alphanecrovirus,Alphanecrovirus tessellati,,Tombus-Noda,Riboviria|Orthornavirae|Kitrinoviricota||Tolucaviricetes|Tolivirales||Tombusviridae|Procedovirinae|Alphanecrovirus|Alphanecrovirus tessellati
tombus_NC_007017_Pelargonium_line_pattern_virus,Tombusviridae_Procedovirinae,0,0,1,Riboviria,Orthornavirae,Kitrinoviricota,,Tolucaviricetes,Tolivirales,,Tombusviridae,Procedovirinae,Pelarspovirus,Pelarspovirus lineapelargonii,,Tombus-Noda,Riboviria|Orthornavirae|Kitrinoviricota||Tolucaviricetes|Tolivirales||Tombusviridae|Procedovirinae|Pelarspovirus|Pelarspovirus lineapelargonii
tombus_NC_007729_Maize_necrotic_streak_virus,Tombusviridae_Procedovirinae,0,0,1,Riboviria,Orthornavirae,Kitrinoviricota,,Tolucaviricetes,Tolivirales,,Tombusviridae,Procedovirinae,Zeavirus,Zeavirus zeae,,Tombus-Noda,Riboviria|Orthornavirae|Kitrinoviricota||Tolucaviricetes|Tolivirales||Tombusviridae|Procedovirinae|Zeavirus|Zeavirus zeae
tombus_NC_007733_Angelonia_flower_break_virus,Tombusviridae_Procedovirinae,0,0,1,Riboviria,Orthornavirae,Kitrinoviricota,,Tolucaviricetes,Tolivirales,,Tombusviridae,Procedovirinae,Alphacarmovirus,Alphacarmovirus angeloniae,,Tombus-Noda,Riboviria|Orthornavirae|Kitrinoviricota||Tolucaviricetes|Tolivirales||Tombusviridae|Procedovirinae|Alphacarmovirus|Alphacarmovirus angeloniae
tombus_NC_007816_Cucumber_leaf_spot_virus,Tombusviridae_Procedovirinae,0,0,1,Riboviria,Orthornavirae,Kitrinoviricota,,Tolucaviricetes,Tolivirales,,Tombusviridae,Procedovirinae,Aureusvirus,Aureusvirus cucumis,,Tombus-Noda,Riboviria|Orthornavirae|Kitrinoviricota||Tolucaviricetes|Tolivirales||Tombusviridae|Procedovirinae|Aureusvirus|Aureusvirus cucumis
tombus_NC_009017_Nootka_lupine_vein-clearing_virus,Tombusviridae_Procedovirinae,0,0,1,Riboviria,Orthornavirae,Kitrinoviricota,,Tolucaviricetes,Tolivirales,,Tombusviridae,Procedovirinae,Alphacarmovirus,Alphacarmovirus lupini,,Tombus-Noda,Riboviria|Orthornavirae|Kitrinoviricota||Tolucaviricetes|Tolivirales||Tombusviridae|Procedovirinae|Alphacarmovirus|Alphacarmovirus lupini
tombus_NC_009533_Maize_white_line_mosaic_virus,Tombusviridae_Procedovirinae,0,0,1,Riboviria,Orthornavirae,Kitrinoviricota,,Tolucaviricetes,Tolivirales,,Tombusviridae,Procedovirinae,Aureusvirus,Aureusvirus zeae,,Tombus-Noda,Riboviria|Orthornavirae|Kitrinoviricota||Tolucaviricetes|Tolivirales||Tombusviridae|Procedovirinae|Aureusvirus|Aureusvirus zeae
tombus_NC_011108_Cocksfoot_mild_mosaic_virus,Tombusviridae_Procedovirinae,0,0,1,Riboviria,Orthornavirae,Kitrinoviricota,,Tolucaviricetes,Tolivirales,,Tombusviridae,Procedovirinae,Panicovirus,Panicovirus dactylis,,Tombus-Noda,Riboviria|Orthornavirae|Kitrinoviricota||Tolucaviricetes|Tolivirales||Tombusviridae|Procedovirinae|Panicovirus|Panicovirus dactylis
tombus_NC_011643_Soybean_yellow_mottle_mosaic_virus,Tombusviridae_Procedovirinae,0,0,1,Riboviria,Orthornavirae,Kitrinoviricota,,Tolucaviricetes,Tolivirales,,Tombusviridae,Procedovirinae,Gammacarmovirus,Gammacarmovirus glycinis,,Tombus-Noda,Riboviria|Orthornavirae|Kitrinoviricota||Tolucaviricetes|Tolivirales||Tombusviridae|Procedovirinae|Gammacarmovirus|Gammacarmovirus glycinis
tombus_NC_014967_Honeysuckle_ringspot_virus,Tombusviridae_Procedovirinae,0,0,1,Riboviria,Orthornavirae,Kitrinoviricota,,Tolucaviricetes,Tolivirales,,Tombusviridae,Procedovirinae,Alphacarmovirus,Alphacarmovirus lonicerae,,Tombus-Noda,Riboviria|Orthornavirae|Kitrinoviricota||Tolucaviricetes|Tolivirales||Tombusviridae|Procedovirinae|Alphacarmovirus|Alphacarmovirus lonicerae
tombus_NC_015227_TGP_Carmovirus_1,Tombusviridae_Procedovirinae,0,0,1,Riboviria,Orthornavirae,Kitrinoviricota,,Tolucaviricetes,Tolivirales,,Tombusviridae,Procedovirinae,Tralespevirus,Tralespevirus lespedezae,,Tombus-Noda,Riboviria|Orthornavirae|Kitrinoviricota||Tolucaviricetes|Tolivirales||Tombusviridae|Procedovirinae|Tralespevirus|Tralespevirus lespedezae
tombus_NC_020073_Moroccan_pepper_virus,Tombusviridae_Procedovirinae,0,0,1,Riboviria,Orthornavirae,Kitrinoviricota,,Tolucaviricetes,Tolivirales,,Tombusviridae,Procedovirinae,Tombusvirus,Tombusvirus moroccoense,,Tombus-Noda,Riboviria|Orthornavirae|Kitrinoviricota||Tolucaviricetes|Tolivirales||Tombusviridae|Procedovirinae|Tombusvirus|Tombusvirus moroccoense
tombus_NC_020415_Rosa_rugosa_leaf_distortion_virus,Tombusviridae_Procedovirinae,0,0,1,Riboviria,Orthornavirae,Kitrinoviricota,,Tolucaviricetes,Tolivirales,,Tombusviridae,Procedovirinae,Pelarspovirus,Pelarspovirus rosae,,Tombus-Noda,Riboviria|Orthornavirae|Kitrinoviricota||Tolucaviricetes|Tolivirales||Tombusviridae|Procedovirinae|Pelarspovirus|Pelarspovirus rosae
tombus_NC_022895_Yam_spherical_virus,Tombusviridae_Procedovirinae,0,0,1,Riboviria,Orthornavirae,Kitrinoviricota,,Tolucaviricetes,Tolivirales,,Tombusviridae,Procedovirinae,Aureusvirus,Aureusvirus dioscoreae,,Tombus-Noda,Riboviria|Orthornavirae|Kitrinoviricota||Tolucaviricetes|Tolivirales||Tombusviridae|Procedovirinae|Aureusvirus|Aureusvirus dioscoreae
tombus_NC_026239_Elderberry_latent_virus,Tombusviridae_Procedovirinae,0,0,1,Riboviria,Orthornavirae,Kitrinoviricota,,Tolucaviricetes,Tolivirales,,Tombusviridae,Procedovirinae,Pelarspovirus,Pelarspovirus sambuci,,Tombus-Noda,Riboviria|Orthornavirae|Kitrinoviricota||Tolucaviricetes|Tolivirales||Tombusviridae|Procedovirinae|Pelarspovirus|Pelarspovirus sambuci
tombus_NC_026240_Pelargonium_ringspot_virus,Tombusviridae_Procedovirinae,0,0,1,Riboviria,Orthornavirae,Kitrinoviricota,,Tolucaviricetes,Tolivirales,,Tombusviridae,Procedovirinae,Pelarspovirus,Pelarspovirus anulopelargonii,,Tombus-Noda,Riboviria|Orthornavirae|Kitrinoviricota||Tolucaviricetes|Tolivirales||Tombusviridae|Procedovirinae|Pelarspovirus|Pelarspovirus anulopelargonii
UTQ50889.1_Plant_tombusvirus-like_associated_RNA_2_528,Tombusviridae_Procedovirinae,0,0,1,Riboviria,Orthornavirae,Kitrinoviricota,,Tolucaviricetes,Tolivirales,,Tombusviridae,Procedovirinae,,,,Tombus-Noda,Riboviria|Orthornavirae|Kitrinoviricota||Tolucaviricetes|Tolivirales||Tombusviridae|Procedovirinae||
UYS89841.1_Stellaria_aquatica_mottle_virus_Myosoton_aquaticum_764,Tombusviridae_Procedovirinae,0,0,1,Riboviria,Orthornavirae,Kitrinoviricota,,Tolucaviricetes,Tolivirales,,Tombusviridae,Procedovirinae,,,,Tombus-Noda,Riboviria|Orthornavirae|Kitrinoviricota||Tolucaviricetes|Tolivirales||Tombusviridae|Procedovirinae||
WCC58825.1_Hibiscus_betacarmovirus_Hibiscus_rosa-sinensis_746,Tombusviridae_Procedovirinae,0,0,1,Riboviria,Orthornavirae,Kitrinoviricota,,Tolucaviricetes,Tolivirales,,Tombusviridae,Procedovirinae,,,,Tombus-Noda,Riboviria|Orthornavirae|Kitrinoviricota||Tolucaviricetes|Tolivirales||Tombusviridae|Procedovirinae||
WHCCII13322_Wuhan_insect_virus_20,Tombusviridae_Procedovirinae,0,0,1,Riboviria,Orthornavirae,Kitrinoviricota,,Tolucaviricetes,Tolivirales,,Tombusviridae,Procedovirinae,,,,Tombus-Noda,Riboviria|Orthornavirae|Kitrinoviricota||Tolucaviricetes|Tolivirales||Tombusviridae|Procedovirinae||
WZFSL85189_Wenzhou_tombus-like_virus_6,Tombusviridae_Procedovirinae,0,0,1,Riboviria,Orthornavirae,Kitrinoviricota,,Tolucaviricetes,Tolivirales,,Tombusviridae,Procedovirinae,,,,Tombus-Noda,Riboviria|Orthornavirae|Kitrinoviricota||Tolucaviricetes|Tolivirales||Tombusviridae|Procedovirinae||
CJLX21891_Changjiang_tombus-like_virus_10,Tombusviridae_Procedovirinae,0,0,0,Riboviria,Orthornavirae,Kitrinoviricota,,Tolucaviricetes,Tolivirales,,Tombusviridae,Procedovirinae,,,,Tombus-Noda,Riboviria|Orthornavirae|Kitrinoviricota||Tolucaviricetes|Tolivirales||Tombusviridae|Procedovirinae||
CJLX26263_Changjiang_tombus-like_virus_1,Tombusviridae_Procedovirinae,0,0,0,Riboviria,Orthornavirae,Kitrinoviricota,,Tolucaviricetes,Tolivirales,,Tombusviridae,Procedovirinae,,,,Tombus-Noda,Riboviria|Orthornavirae|Kitrinoviricota||Tolucaviricetes|Tolivirales||Tombusviridae|Procedovirinae||
CJLX29920_Changjiang_tombus-like_virus_8,Tombusviridae_Procedovirinae,0,0,0,Riboviria,Orthornavirae,Kitrinoviricota,,Tolucaviricetes,Tolivirales,,Tombusviridae,Procedovirinae,,,,Tombus-Noda,Riboviria|Orthornavirae|Kitrinoviricota||Tolucaviricetes|Tolivirales||Tombusviridae|Procedovirinae||
CJLX30236_Changjiang_tombus-like_virus_4,Tombusviridae_Procedovirinae,0,0,0,Riboviria,Orthornavirae,Kitrinoviricota,,Tolucaviricetes,Tolivirales,,Tombusviridae,Procedovirinae,,,,Tombus-Noda,Riboviria|Orthornavirae|Kitrinoviricota||Tolucaviricetes|Tolivirales||Tombusviridae|Procedovirinae||
CJLX30692_Changjiang_tombus-like_virus_2,Tombusviridae_Procedovirinae,0,0,0,Riboviria,Orthornavirae,Kitrinoviricota,,Tolucaviricetes,Tolivirales,,Tombusviridae,Procedovirinae,,,,Tombus-Noda,Riboviria|Orthornavirae|Kitrinoviricota||Tolucaviricetes|Tolivirales||Tombusviridae|Procedovirinae||
CJLX30707_Changjiang_tombus-like_virus_6,Tombusviridae_Procedovirinae,0,0,0,Riboviria,Orthornavirae,Kitrinoviricota,,Tolucaviricetes,Tolivirales,,Tombusviridae,Procedovirinae,,,,Tombus-Noda,Riboviria|Orthornavirae|Kitrinoviricota||Tolucaviricetes|Tolivirales||Tombusviridae|Procedovirinae||
CJLX30737_Changjiang_tombus-like_virus_9,Tombusviridae_Procedovirinae,0,0,0,Riboviria,Orthornavirae,Kitrinoviricota,,Tolucaviricetes,Tolivirales,,Tombusviridae,Procedovirinae,,,,Tombus-Noda,Riboviria|Orthornavirae|Kitrinoviricota||Tolucaviricetes|Tolivirales||Tombusviridae|Procedovirinae||
CJLX42586_Changjiang_tombus-like_virus_5,Tombusviridae_Procedovirinae,0,0,0,Riboviria,Orthornavirae,Kitrinoviricota,,Tolucaviricetes,Tolivirales,,Tombusviridae,Procedovirinae,,,,Tombus-Noda,Riboviria|Orthornavirae|Kitrinoviricota||Tolucaviricetes|Tolivirales||Tombusviridae|Procedovirinae||
CJLX49320_Changjiang_tombus-like_virus_7,Tombusviridae_Procedovirinae,0,0,0,Riboviria,Orthornavirae,Kitrinoviricota,,Tolucaviricetes,Tolivirales,,Tombusviridae,Procedovirinae,,,,Tombus-Noda,Riboviria|Orthornavirae|Kitrinoviricota||Tolucaviricetes|Tolivirales||Tombusviridae|Procedovirinae||
shrimp14425_Wenzhou_tombus-like_virus_4,Tombusviridae_Procedovirinae,0,0,0,Riboviria,Orthornavirae,Kitrinoviricota,,Tolucaviricetes,Tolivirales,,Tombusviridae,Procedovirinae,,,,Tombus-Noda,Riboviria|Orthornavirae|Kitrinoviricota||Tolucaviricetes|Tolivirales||Tombusviridae|Procedovirinae||
SHWC01c3797_Shahe_tombus-like_virus_2,Tombusviridae_Procedovirinae,0,0,0,Riboviria,Orthornavirae,Kitrinoviricota,,Tolucaviricetes,Tolivirales,,Tombusviridae,Procedovirinae,,,,Tombus-Noda,Riboviria|Orthornavirae|Kitrinoviricota||Tolucaviricetes|Tolivirales||Tombusviridae|Procedovirinae||
SHWC0209c12685_Shahe_tombus-like_virus_1,Tombusviridae_Procedovirinae,0,0,0,Riboviria,Orthornavirae,Kitrinoviricota,,Tolucaviricetes,Tolivirales,,Tombusviridae,Procedovirinae,,,,Tombus-Noda,Riboviria|Orthornavirae|Kitrinoviricota||Tolucaviricetes|Tolivirales||Tombusviridae|Procedovirinae||
SXXX29202_Sanxia_tombus-like_virus_2_Ciliate_coding,Tombusviridae_Procedovirinae,0,0,0,Riboviria,Orthornavirae,Kitrinoviricota,,Tolucaviricetes,Tolivirales,,Tombusviridae,Procedovirinae,,,,Tombus-Noda,Riboviria|Orthornavirae|Kitrinoviricota||Tolucaviricetes|Tolivirales||Tombusviridae|Procedovirinae||
SXXX36383_Sanxia_tombus-like_virus_1_Ciliate_coding,Tombusviridae_Procedovirinae,0,0,0,Riboviria,Orthornavirae,Kitrinoviricota,,Tolucaviricetes,Tolivirales,,Tombusviridae,Procedovirinae,,,,Tombus-Noda,Riboviria|Orthornavirae|Kitrinoviricota||Tolucaviricetes|Tolivirales||Tombusviridae|Procedovirinae||
SXXX37381_Sanxia_tombus-like_virus_3,Tombusviridae_Procedovirinae,0,0,0,Riboviria,Orthornavirae,Kitrinoviricota,,Tolucaviricetes,Tolivirales,,Tombusviridae,Procedovirinae,,,,Tombus-Noda,Riboviria|Orthornavirae|Kitrinoviricota||Tolucaviricetes|Tolivirales||Tombusviridae|Procedovirinae||
WGML12775_Hubei_tombus-like_virus_6,Tombusviridae_Procedovirinae,0,0,0,Riboviria,Orthornavirae,Kitrinoviricota,,Tolucaviricetes,Tolivirales,,Tombusviridae,Procedovirinae,,,,Tombus-Noda,Riboviria|Orthornavirae|Kitrinoviricota||Tolucaviricetes|Tolivirales||Tombusviridae|Procedovirinae||
WGML136364_Hubei_tombus-like_virus_5,Tombusviridae_Procedovirinae,0,0,0,Riboviria,Orthornavirae,Kitrinoviricota,,Tolucaviricetes,Tolivirales,,Tombusviridae,Procedovirinae,,,,Tombus-Noda,Riboviria|Orthornavirae|Kitrinoviricota||Tolucaviricetes|Tolivirales||Tombusviridae|Procedovirinae||
WGML143241_Hubei_tombus-like_virus_3,Tombusviridae_Procedovirinae,0,0,0,Riboviria,Orthornavirae,Kitrinoviricota,,Tolucaviricetes,Tolivirales,,Tombusviridae,Procedovirinae,,,,Tombus-Noda,Riboviria|Orthornavirae|Kitrinoviricota||Tolucaviricetes|Tolivirales||Tombusviridae|Procedovirinae||
WGML147612_Hubei_tombus-like_virus_4,Tombusviridae_Procedovirinae,0,0,0,Riboviria,Orthornavirae,Kitrinoviricota,,Tolucaviricetes,Tolivirales,,Tombusviridae,Procedovirinae,,,,Tombus-Noda,Riboviria|Orthornavirae|Kitrinoviricota||Tolucaviricetes|Tolivirales||Tombusviridae|Procedovirinae||
WHBL69243_Hubei_tombus-like_virus_7,Tombusviridae_Procedovirinae,0,0,0,Riboviria,Orthornavirae,Kitrinoviricota,,Tolucaviricetes,Tolivirales,,Tombusviridae,Procedovirinae,,,,Tombus-Noda,Riboviria|Orthornavirae|Kitrinoviricota||Tolucaviricetes|Tolivirales||Tombusviridae|Procedovirinae||
WHCC116238_Hubei_tombus-like_virus_8,Tombusviridae_Procedovirinae,0,0,0,Riboviria,Orthornavirae,Kitrinoviricota,,Tolucaviricetes,Tolivirales,,Tombusviridae,Procedovirinae,,,,Tombus-Noda,Riboviria|Orthornavirae|Kitrinoviricota||Tolucaviricetes|Tolivirales||Tombusviridae|Procedovirinae||
WHSFII19265_Hubei_tombus-like_virus_2,Tombusviridae_Procedovirinae,0,0,0,Riboviria,Orthornavirae,Kitrinoviricota,,Tolucaviricetes,Tolivirales,,Tombusviridae,Procedovirinae,,,,Tombus-Noda,Riboviria|Orthornavirae|Kitrinoviricota||Tolucaviricetes|Tolivirales||Tombusviridae|Procedovirinae||
WHWN54407_Hubei_tombus-like_virus_1,Tombusviridae_Procedovirinae,0,0,0,Riboviria,Orthornavirae,Kitrinoviricota,,Tolucaviricetes,Tolivirales,,Tombusviridae,Procedovirinae,,,,Tombus-Noda,Riboviria|Orthornavirae|Kitrinoviricota||Tolucaviricetes|Tolivirales||Tombusviridae|Procedovirinae||
WZFSL67420_Wenzhou_tombus-like_virus_5,Tombusviridae_Procedovirinae,0,0,0,Riboviria,Orthornavirae,Kitrinoviricota,,Tolucaviricetes,Tolivirales,,Tombusviridae,Procedovirinae,,,,Tombus-Noda,Riboviria|Orthornavirae|Kitrinoviricota||Tolucaviricetes|Tolivirales||Tombusviridae|Procedovirinae||
WZFSL78713_Wenzhou_tombus-like_virus_1,Tombusviridae_Procedovirinae,0,0,0,Riboviria,Orthornavirae,Kitrinoviricota,,Tolucaviricetes,Tolivirales,,Tombusviridae,Procedovirinae,,,,Tombus-Noda,Riboviria|Orthornavirae|Kitrinoviricota||Tolucaviricetes|Tolivirales||Tombusviridae|Procedovirinae||
WZFSL80503_Wenzhou_tombus-like_virus_3,Tombusviridae_Procedovirinae,0,0,0,Riboviria,Orthornavirae,Kitrinoviricota,,Tolucaviricetes,Tolivirales,,Tombusviridae,Procedovirinae,,,,Tombus-Noda,Riboviria|Orthornavirae|Kitrinoviricota||Tolucaviricetes|Tolivirales||Tombusviridae|Procedovirinae||
WZFSL84050_Wenzhou_tombus-like_virus_2,Tombusviridae_Procedovirinae,0,0,0,Riboviria,Orthornavirae,Kitrinoviricota,,Tolucaviricetes,Tolivirales,,Tombusviridae,Procedovirinae,,,,Tombus-Noda,Riboviria|Orthornavirae|Kitrinoviricota||Tolucaviricetes|Tolivirales||Tombusviridae|Procedovirinae||
tombus_NC_003530_Carnation_ringspot_virus_RNA_1,Tombusviridae_Regressovirinae,0,0,1,Riboviria,Orthornavirae,Kitrinoviricota,,Tolucaviricetes,Tolivirales,,Tombusviridae,Regressovirinae,Dianthovirus,Dianthovirus dianthi,,Tombus-Noda,Riboviria|Orthornavirae|Kitrinoviricota||Tolucaviricetes|Tolivirales||Tombusviridae|Regressovirinae|Dianthovirus|Dianthovirus dianthi
tombus_NC_003756_Red_clover_necrotic_mosaic_virus_RNA_1,Tombusviridae_Regressovirinae,0,0,1,Riboviria,Orthornavirae,Kitrinoviricota,,Tolucaviricetes,Tolivirales,,Tombusviridae,Regressovirinae,Dianthovirus,Dianthovirus trifolii,,Tombus-Noda,Riboviria|Orthornavirae|Kitrinoviricota||Tolucaviricetes|Tolivirales||Tombusviridae|Regressovirinae|Dianthovirus|Dianthovirus trifolii
tombus_NC_003806_Sweet_clover_necrotic_mosaic_virus_RNA_1,Tombusviridae_Regressovirinae,0,0,1,Riboviria,Orthornavirae,Kitrinoviricota,,Tolucaviricetes,Tolivirales,,Tombusviridae,Regressovirinae,Dianthovirus,Dianthovirus meliloti,,Tombus-Noda,Riboviria|Orthornavirae|Kitrinoviricota||Tolucaviricetes|Tolivirales||Tombusviridae|Regressovirinae|Dianthovirus|Dianthovirus meliloti
