Cluster_sseqid,Cluster_taxon,Human,Vertebrates,Plant,Realm,Kingdom,Phylum,Subphylum,Class,Order,Suborder,Family,Subfamily,Genus,Species,,SuperGroup,Taxon_set
BHBJDX18762_Beihai_levi-like_virus_19,Leviviricetes,0,0,0,Riboviria,Orthornavirae,Lenarviricota,,Leviviricetes,,,,,,,,Narna-Levi,Riboviria|Orthornavirae|Lenarviricota||Leviviricetes||||||
BHBJDX37870_Beihai_levi-like_virus_34,Leviviricetes,0,0,0,Riboviria,Orthornavirae,Lenarviricota,,Leviviricetes,,,,,,,,Narna-Levi,Riboviria|Orthornavirae|Lenarviricota||Leviviricetes||||||
BHJJX20688_Beihai_levi-like_virus_20,Leviviricetes,0,0,0,Riboviria,Orthornavirae,Lenarviricota,,Leviviricetes,,,,,,,,Narna-Levi,Riboviria|Orthornavirae|Lenarviricota||Leviviricetes||||||
BHJP61416_Beihai_levi-like_virus_7,Leviviricetes,0,0,0,Riboviria,Orthornavirae,Lenarviricota,,Leviviricetes,,,,,,,,Narna-Levi,Riboviria|Orthornavirae|Lenarviricota||Leviviricetes||||||
BHJP62133_Beihai_levi-like_virus_23,Leviviricetes,0,0,0,Riboviria,Orthornavirae,Lenarviricota,,Leviviricetes,,,,,,,,Narna-Levi,Riboviria|Orthornavirae|Lenarviricota||Leviviricetes||||||
BHJP63773_Beihai_levi-like_virus_16,Leviviricetes,0,0,0,Riboviria,Orthornavirae,Lenarviricota,,Leviviricetes,,,,,,,,Narna-Levi,Riboviria|Orthornavirae|Lenarviricota||Leviviricetes||||||
BHSC163351_Beihai_levi-like_virus_25,Leviviricetes,0,0,0,Riboviria,Orthornavirae,Lenarviricota,,Leviviricetes,,,,,,,,Narna-Levi,Riboviria|Orthornavirae|Lenarviricota||Leviviricetes||||||
BHSC167323_Beihai_levi-like_virus_32,Leviviricetes,0,0,0,Riboviria,Orthornavirae,Lenarviricota,,Leviviricetes,,,,,,,,Narna-Levi,Riboviria|Orthornavirae|Lenarviricota||Leviviricetes||||||
BHTH15291_Beihai_levi-like_virus_27,Leviviricetes,0,0,0,Riboviria,Orthornavirae,Lenarviricota,,Leviviricetes,,,,,,,,Narna-Levi,Riboviria|Orthornavirae|Lenarviricota||Leviviricetes||||||
BHTH16011_BHJJX24892_Beihai_levi-like_virus_22,Leviviricetes,0,0,0,Riboviria,Orthornavirae,Lenarviricota,,Leviviricetes,,,,,,,,Narna-Levi,Riboviria|Orthornavirae|Lenarviricota||Leviviricetes||||||
BHTH16058_Beihai_levi-like_virus_11,Leviviricetes,0,0,0,Riboviria,Orthornavirae,Lenarviricota,,Leviviricetes,,,,,,,,Narna-Levi,Riboviria|Orthornavirae|Lenarviricota||Leviviricetes||||||
BHTH16066_Beihai_levi-like_virus_17,Leviviricetes,0,0,0,Riboviria,Orthornavirae,Lenarviricota,,Leviviricetes,,,,,,,,Narna-Levi,Riboviria|Orthornavirae|Lenarviricota||Leviviricetes||||||
BHTSS11091_Beihai_levi-like_virus_24,Leviviricetes,0,0,0,Riboviria,Orthornavirae,Lenarviricota,,Leviviricetes,,,,,,,,Narna-Levi,Riboviria|Orthornavirae|Lenarviricota||Leviviricetes||||||
BHTSS13603_Beihai_levi-like_virus_2,Leviviricetes,0,0,0,Riboviria,Orthornavirae,Lenarviricota,,Leviviricetes,,,,,,,,Narna-Levi,Riboviria|Orthornavirae|Lenarviricota||Leviviricetes||||||
BHTSS17154_Beihai_levi-like_virus_1,Leviviricetes,0,0,0,Riboviria,Orthornavirae,Lenarviricota,,Leviviricetes,,,,,,,,Narna-Levi,Riboviria|Orthornavirae|Lenarviricota||Leviviricetes||||||
BHTSS17667_Beihai_levi-like_virus_8,Leviviricetes,0,0,0,Riboviria,Orthornavirae,Lenarviricota,,Leviviricetes,,,,,,,,Narna-Levi,Riboviria|Orthornavirae|Lenarviricota||Leviviricetes||||||
BHTSS17847_Beihai_levi-like_virus_6,Leviviricetes,0,0,0,Riboviria,Orthornavirae,Lenarviricota,,Leviviricetes,,,,,,,,Narna-Levi,Riboviria|Orthornavirae|Lenarviricota||Leviviricetes||||||
BHTSS17923_Beihai_levi-like_virus_10,Leviviricetes,0,0,0,Riboviria,Orthornavirae,Lenarviricota,,Leviviricetes,,,,,,,,Narna-Levi,Riboviria|Orthornavirae|Lenarviricota||Leviviricetes||||||
BHTSS17966_Beihai_levi-like_virus_9,Leviviricetes,0,0,0,Riboviria,Orthornavirae,Lenarviricota,,Leviviricetes,,,,,,,,Narna-Levi,Riboviria|Orthornavirae|Lenarviricota||Leviviricetes||||||
BHTSS17971_Beihai_levi-like_virus_5,Leviviricetes,0,0,0,Riboviria,Orthornavirae,Lenarviricota,,Leviviricetes,,,,,,,,Narna-Levi,Riboviria|Orthornavirae|Lenarviricota||Leviviricetes||||||
BHTSS17989_Beihai_levi-like_virus_3,Leviviricetes,0,0,0,Riboviria,Orthornavirae,Lenarviricota,,Leviviricetes,,,,,,,,Narna-Levi,Riboviria|Orthornavirae|Lenarviricota||Leviviricetes||||||
BHTSS17991_Beihai_levi-like_virus_4,Leviviricetes,0,0,0,Riboviria,Orthornavirae,Lenarviricota,,Leviviricetes,,,,,,,,Narna-Levi,Riboviria|Orthornavirae|Lenarviricota||Leviviricetes||||||
BHTSS2294_Beihai_levi-like_virus_13,Leviviricetes,0,0,0,Riboviria,Orthornavirae,Lenarviricota,,Leviviricetes,,,,,,,,Narna-Levi,Riboviria|Orthornavirae|Lenarviricota||Leviviricetes||||||
BHWZXX15152_Beihai_levi-like_virus_18,Leviviricetes,0,0,0,Riboviria,Orthornavirae,Lenarviricota,,Leviviricetes,,,,,,,,Narna-Levi,Riboviria|Orthornavirae|Lenarviricota||Leviviricetes||||||
BHXG26591_Beihai_levi-like_virus_28,Leviviricetes,0,0,0,Riboviria,Orthornavirae,Lenarviricota,,Leviviricetes,,,,,,,,Narna-Levi,Riboviria|Orthornavirae|Lenarviricota||Leviviricetes||||||
BHXun31396_Beihai_levi-like_virus_14,Leviviricetes,0,0,0,Riboviria,Orthornavirae,Lenarviricota,,Leviviricetes,,,,,,,,Narna-Levi,Riboviria|Orthornavirae|Lenarviricota||Leviviricetes||||||
BHXun32039_Beihai_levi-like_virus_35,Leviviricetes,0,0,0,Riboviria,Orthornavirae,Lenarviricota,,Leviviricetes,,,,,,,,Narna-Levi,Riboviria|Orthornavirae|Lenarviricota||Leviviricetes||||||
BHZY57867_Beihai_levi-like_virus_29,Leviviricetes,0,0,0,Riboviria,Orthornavirae,Lenarviricota,,Leviviricetes,,,,,,,,Narna-Levi,Riboviria|Orthornavirae|Lenarviricota||Leviviricetes||||||
BHZY58374_Beihai_levi-like_virus_21,Leviviricetes,0,0,0,Riboviria,Orthornavirae,Lenarviricota,,Leviviricetes,,,,,,,,Narna-Levi,Riboviria|Orthornavirae|Lenarviricota||Leviviricetes||||||
CJLX26414_Changjiang_levi-like_virus_2,Leviviricetes,0,0,0,Riboviria,Orthornavirae,Lenarviricota,,Leviviricetes,,,,,,,,Narna-Levi,Riboviria|Orthornavirae|Lenarviricota||Leviviricetes||||||
CJLX29558_Changjiang_levi-like_virus_3,Leviviricetes,0,0,0,Riboviria,Orthornavirae,Lenarviricota,,Leviviricetes,,,,,,,,Narna-Levi,Riboviria|Orthornavirae|Lenarviricota||Leviviricetes||||||
CJLX30166_Changjiang_levi-like_virus_1,Leviviricetes,0,0,0,Riboviria,Orthornavirae,Lenarviricota,,Leviviricetes,,,,,,,,Narna-Levi,Riboviria|Orthornavirae|Lenarviricota||Leviviricetes||||||
GCM8094_Hubei_levi-like_virus_6,Leviviricetes,0,0,0,Riboviria,Orthornavirae,Lenarviricota,,Leviviricetes,,,,,,,,Narna-Levi,Riboviria|Orthornavirae|Lenarviricota||Leviviricetes||||||
HOU142311_Beihai_levi-like_virus_30,Leviviricetes,0,0,0,Riboviria,Orthornavirae,Lenarviricota,,Leviviricetes,,,,,,,,Narna-Levi,Riboviria|Orthornavirae|Lenarviricota||Leviviricetes||||||
HOU143495_Beihai_levi-like_virus_26,Leviviricetes,0,0,0,Riboviria,Orthornavirae,Lenarviricota,,Leviviricetes,,,,,,,,Narna-Levi,Riboviria|Orthornavirae|Lenarviricota||Leviviricetes||||||
HOU158604_Beihai_levi-like_virus_33,Leviviricetes,0,0,0,Riboviria,Orthornavirae,Lenarviricota,,Leviviricetes,,,,,,,,Narna-Levi,Riboviria|Orthornavirae|Lenarviricota||Leviviricetes||||||
HOU158632_Beihai_levi-like_virus_15,Leviviricetes,0,0,0,Riboviria,Orthornavirae,Lenarviricota,,Leviviricetes,,,,,,,,Narna-Levi,Riboviria|Orthornavirae|Lenarviricota||Leviviricetes||||||
HWRTX21601_Beihai_levi-like_virus_12,Leviviricetes,0,0,0,Riboviria,Orthornavirae,Lenarviricota,,Leviviricetes,,,,,,,,Narna-Levi,Riboviria|Orthornavirae|Lenarviricota||Leviviricetes||||||
NP_040650_Enterobacteria_phage_MS2,Leviviricetes,0,0,0,Riboviria,Orthornavirae,Lenarviricota,,Leviviricetes,Norzivirales,,Fiersviridae,,Emesvirus,Emesvirus zinderi,,Narna-Levi,Riboviria|Orthornavirae|Lenarviricota||Leviviricetes|Norzivirales||Fiersviridae||Emesvirus|Emesvirus zinderi
NP_040755_Enterobacteria_phage_BZ13,Leviviricetes,0,0,0,Riboviria,Orthornavirae,Lenarviricota,,Leviviricetes,Norzivirales,,Fiersviridae,,Emesvirus,Emesvirus japonicum,,Narna-Levi,Riboviria|Orthornavirae|Lenarviricota||Leviviricetes|Norzivirales||Fiersviridae||Emesvirus|Emesvirus japonicum
NP_042307_Pseudomonas_phage_PP7,Leviviricetes,0,0,0,Riboviria,Orthornavirae,Lenarviricota,,Leviviricetes,Norzivirales,,Fiersviridae,,Pepevirus,Pepevirus rubrum,,Narna-Levi,Riboviria|Orthornavirae|Lenarviricota||Leviviricetes|Norzivirales||Fiersviridae||Pepevirus|Pepevirus rubrum
NP_046752_Enterobacteria_phage_Qbeta,Leviviricetes,0,0,0,Riboviria,Orthornavirae,Lenarviricota,,Leviviricetes,Norzivirales,,Fiersviridae,,Qubevirus,Qubevirus durum,,Narna-Levi,Riboviria|Orthornavirae|Lenarviricota||Leviviricetes|Norzivirales||Fiersviridae||Qubevirus|Qubevirus durum
NP_085473_Acinetobacter_phage_AP205,Leviviricetes,0,0,0,Riboviria,Orthornavirae,Lenarviricota,,Leviviricetes,Norzivirales,,Duinviridae,,Apeevirus,Apeevirus quebecense,,Narna-Levi,Riboviria|Orthornavirae|Lenarviricota||Leviviricetes|Norzivirales||Duinviridae||Apeevirus|Apeevirus quebecense
NP_695028_Enterobacteria_phage_FI_sensu_lato,Leviviricetes,0,0,0,Riboviria,Orthornavirae,Lenarviricota,,Leviviricetes,Norzivirales,,Fiersviridae,,Qubevirus,Qubevirus faecium,,Narna-Levi,Riboviria|Orthornavirae|Lenarviricota||Leviviricetes|Norzivirales||Fiersviridae||Qubevirus|Qubevirus faecium
SHWC0209c10970_Shahe_levi-like_virus_2,Leviviricetes,0,0,0,Riboviria,Orthornavirae,Lenarviricota,,Leviviricetes,,,,,,,,Narna-Levi,Riboviria|Orthornavirae|Lenarviricota||Leviviricetes||||||
SHWC0209c12428_Shahe_levi-like_virus_1,Leviviricetes,0,0,0,Riboviria,Orthornavirae,Lenarviricota,,Leviviricetes,,,,,,,,Narna-Levi,Riboviria|Orthornavirae|Lenarviricota||Leviviricetes||||||
SHWC0209c12775_Shahe_levi-like_virus_3,Leviviricetes,0,0,0,Riboviria,Orthornavirae,Lenarviricota,,Leviviricetes,,,,,,,,Narna-Levi,Riboviria|Orthornavirae|Lenarviricota||Leviviricetes||||||
SXXX34761_Sanxia_levi-like_virus_1,Leviviricetes,0,0,0,Riboviria,Orthornavirae,Lenarviricota,,Leviviricetes,,,,,,,,Narna-Levi,Riboviria|Orthornavirae|Lenarviricota||Leviviricetes||||||
SZmix15676_Hubei_levi-like_virus_14,Leviviricetes,0,0,0,Riboviria,Orthornavirae,Lenarviricota,,Leviviricetes,,,,,,,,Narna-Levi,Riboviria|Orthornavirae|Lenarviricota||Leviviricetes||||||
WGML141493_Hubei_levi-like_virus_9,Leviviricetes,0,0,0,Riboviria,Orthornavirae,Lenarviricota,,Leviviricetes,,,,,,,,Narna-Levi,Riboviria|Orthornavirae|Lenarviricota||Leviviricetes||||||
WHCC110652_Hubei_levi-like_virus_12,Leviviricetes,0,0,0,Riboviria,Orthornavirae,Lenarviricota,,Leviviricetes,,,,,,,,Narna-Levi,Riboviria|Orthornavirae|Lenarviricota||Leviviricetes||||||
WHCC54021_Hubei_levi-like_virus_13,Leviviricetes,0,0,0,Riboviria,Orthornavirae,Lenarviricota,,Leviviricetes,,,,,,,,Narna-Levi,Riboviria|Orthornavirae|Lenarviricota||Leviviricetes||||||
WHWN39199_Hubei_levi-like_virus_2,Leviviricetes,0,0,0,Riboviria,Orthornavirae,Lenarviricota,,Leviviricetes,,,,,,,,Narna-Levi,Riboviria|Orthornavirae|Lenarviricota||Leviviricetes||||||
WHWN53257_Hubei_levi-like_virus_1,Leviviricetes,0,0,0,Riboviria,Orthornavirae,Lenarviricota,,Leviviricetes,,,,,,,,Narna-Levi,Riboviria|Orthornavirae|Lenarviricota||Leviviricetes||||||
WHWN53876_Hubei_levi-like_virus_5,Leviviricetes,0,0,0,Riboviria,Orthornavirae,Lenarviricota,,Leviviricetes,,,,,,,,Narna-Levi,Riboviria|Orthornavirae|Lenarviricota||Leviviricetes||||||
WHWN53995_Hubei_levi-like_virus_11,Leviviricetes,0,0,0,Riboviria,Orthornavirae,Lenarviricota,,Leviviricetes,,,,,,,,Narna-Levi,Riboviria|Orthornavirae|Lenarviricota||Leviviricetes||||||
WHWN54319_Hubei_levi-like_virus_7,Leviviricetes,0,0,0,Riboviria,Orthornavirae,Lenarviricota,,Leviviricetes,,,,,,,,Narna-Levi,Riboviria|Orthornavirae|Lenarviricota||Leviviricetes||||||
WHWN54380_Hubei_levi-like_virus_8,Leviviricetes,0,0,0,Riboviria,Orthornavirae,Lenarviricota,,Leviviricetes,,,,,,,,Narna-Levi,Riboviria|Orthornavirae|Lenarviricota||Leviviricetes||||||
WHYY19197_Hubei_levi-like_virus_4,Leviviricetes,0,0,0,Riboviria,Orthornavirae,Lenarviricota,,Leviviricetes,,,,,,,,Narna-Levi,Riboviria|Orthornavirae|Lenarviricota||Leviviricetes||||||
WHYY22609_Hubei_levi-like_virus_3,Leviviricetes,0,0,0,Riboviria,Orthornavirae,Lenarviricota,,Leviviricetes,,,,,,,,Narna-Levi,Riboviria|Orthornavirae|Lenarviricota||Leviviricetes||||||
WHYY22742_Hubei_levi-like_virus_10,Leviviricetes,0,0,0,Riboviria,Orthornavirae,Lenarviricota,,Leviviricetes,,,,,,,,Narna-Levi,Riboviria|Orthornavirae|Lenarviricota||Leviviricetes||||||
WLJQ100415_Wenling_levi-like_virus_2,Leviviricetes,0,0,0,Riboviria,Orthornavirae,Lenarviricota,,Leviviricetes,,,,,,,,Narna-Levi,Riboviria|Orthornavirae|Lenarviricota||Leviviricetes||||||
WLJQ101576_Wenling_levi-like_virus_3,Leviviricetes,0,0,0,Riboviria,Orthornavirae,Lenarviricota,,Leviviricetes,,,,,,,,Narna-Levi,Riboviria|Orthornavirae|Lenarviricota||Leviviricetes||||||
WLJQ101898_Wenling_levi-like_virus_1,Leviviricetes,0,0,0,Riboviria,Orthornavirae,Lenarviricota,,Leviviricetes,,,,,,,,Narna-Levi,Riboviria|Orthornavirae|Lenarviricota||Leviviricetes||||||
WLJQ103632_Wenling_levi-like_virus_4,Leviviricetes,0,0,0,Riboviria,Orthornavirae,Lenarviricota,,Leviviricetes,,,,,,,,Narna-Levi,Riboviria|Orthornavirae|Lenarviricota||Leviviricetes||||||
WZFSL78350_Wenzhou_levi-like_virus_1,Leviviricetes,0,0,0,Riboviria,Orthornavirae,Lenarviricota,,Leviviricetes,,,,,,,,Narna-Levi,Riboviria|Orthornavirae|Lenarviricota||Leviviricetes||||||
WZFSL82775_Wenzhou_levi-like_virus_2,Leviviricetes,0,0,0,Riboviria,Orthornavirae,Lenarviricota,,Leviviricetes,,,,,,,,Narna-Levi,Riboviria|Orthornavirae|Lenarviricota||Leviviricetes||||||
WZFSL85855_Wenzhou_levi-like_virus_7,Leviviricetes,0,0,0,Riboviria,Orthornavirae,Lenarviricota,,Leviviricetes,,,,,,,,Narna-Levi,Riboviria|Orthornavirae|Lenarviricota||Leviviricetes||||||
WZSLuoI133770_Wenzhou_levi-like_virus_6,Leviviricetes,0,0,0,Riboviria,Orthornavirae,Lenarviricota,,Leviviricetes,,,,,,,,Narna-Levi,Riboviria|Orthornavirae|Lenarviricota||Leviviricetes||||||
WZSLuoI79939_Wenzhou_levi-like_virus_3,Leviviricetes,0,0,0,Riboviria,Orthornavirae,Lenarviricota,,Leviviricetes,,,,,,,,Narna-Levi,Riboviria|Orthornavirae|Lenarviricota||Leviviricetes||||||
WZSLuoI85062_Wenzhou_levi-like_virus_4,Leviviricetes,0,0,0,Riboviria,Orthornavirae,Lenarviricota,,Leviviricetes,,,,,,,,Narna-Levi,Riboviria|Orthornavirae|Lenarviricota||Leviviricetes||||||
WZSLuoI85245_Wenzhou_levi-like_virus_5,Leviviricetes,0,0,0,Riboviria,Orthornavirae,Lenarviricota,,Leviviricetes,,,,,,,,Narna-Levi,Riboviria|Orthornavirae|Lenarviricota||Leviviricetes||||||
YP_007002852_Caulobacter_phage_phiCb5,Leviviricetes,0,0,0,Riboviria,Orthornavirae,Lenarviricota,,Leviviricetes,Timlovirales,,Steitzviridae,,Cebevirus,Cebevirus halophobicum,,Narna-Levi,Riboviria|Orthornavirae|Lenarviricota||Leviviricetes|Timlovirales||Steitzviridae||Cebevirus|Cebevirus halophobicum
YP_007111575_Enterobacteria_phage_M,Leviviricetes,0,0,0,Riboviria,Orthornavirae,Lenarviricota,,Leviviricetes,Norzivirales,,Fiersviridae,,Empivirus,Empivirus allolyticum,,Narna-Levi,Riboviria|Orthornavirae|Lenarviricota||Leviviricetes|Norzivirales||Fiersviridae||Empivirus|Empivirus allolyticum
YP_007237129_Enterobacteria_phage_C-1_INW-2012,Leviviricetes,0,0,0,Riboviria,Orthornavirae,Lenarviricota,,Leviviricetes,Norzivirales,,Fiersviridae,,Cunavirus,Cunavirus pretoriense,,Narna-Levi,Riboviria|Orthornavirae|Lenarviricota||Leviviricetes|Norzivirales||Fiersviridae||Cunavirus|Cunavirus pretoriense
YP_007237175_Enterobacteria_phage_Hgal1,Leviviricetes,0,0,0,Riboviria,Orthornavirae,Lenarviricota,,Leviviricetes,Norzivirales,,Fiersviridae,,Hagavirus,Hagavirus psychrophilum,,Narna-Levi,Riboviria|Orthornavirae|Lenarviricota||Leviviricetes|Norzivirales||Fiersviridae||Hagavirus|Hagavirus psychrophilum
YP_717671_Pseudomonas_phage_PRR1,Leviviricetes,0,0,0,Riboviria,Orthornavirae,Lenarviricota,,Leviviricetes,Norzivirales,,Fiersviridae,,Perrunavirus,Perrunavirus olsenii,,Narna-Levi,Riboviria|Orthornavirae|Lenarviricota||Leviviricetes|Norzivirales||Fiersviridae||Perrunavirus|Perrunavirus olsenii
NP_660174_Cryphonectria_parasitica_mitovirus_1-NB631,Mitoviridae,0,0,0,Riboviria,Orthornavirae,Lenarviricota,,Howeltoviricetes,Cryppavirales,,Mitoviridae,,Duamitovirus,Duamitovirus crpa1,,Narna-Levi,Riboviria|Orthornavirae|Lenarviricota||Howeltoviricetes|Cryppavirales||Mitoviridae||Duamitovirus|Duamitovirus crpa1
NP_660176_Ophiostoma_mitovirus_3a,Mitoviridae,0,0,0,Riboviria,Orthornavirae,Lenarviricota,,Howeltoviricetes,Cryppavirales,,Mitoviridae,,Duamitovirus,Duamitovirus opno3a,,Narna-Levi,Riboviria|Orthornavirae|Lenarviricota||Howeltoviricetes|Cryppavirales||Mitoviridae||Duamitovirus|Duamitovirus opno3a
NP_660179_Ophiostoma_mitovirus_4,Mitoviridae,0,0,0,Riboviria,Orthornavirae,Lenarviricota,,Howeltoviricetes,Cryppavirales,,Mitoviridae,,Unuamitovirus,Unuamitovirus opno4,,Narna-Levi,Riboviria|Orthornavirae|Lenarviricota||Howeltoviricetes|Cryppavirales||Mitoviridae||Unuamitovirus|Unuamitovirus opno4
NP_660180_Ophiostoma_mitovirus_5,Mitoviridae,0,0,0,Riboviria,Orthornavirae,Lenarviricota,,Howeltoviricetes,Cryppavirales,,Mitoviridae,,Unuamitovirus,Unuamitovirus opno5,,Narna-Levi,Riboviria|Orthornavirae|Lenarviricota||Howeltoviricetes|Cryppavirales||Mitoviridae||Unuamitovirus|Unuamitovirus opno5
NP_660181_Ophiostoma_mitovirus_6,Mitoviridae,0,0,0,Riboviria,Orthornavirae,Lenarviricota,,Howeltoviricetes,Cryppavirales,,Mitoviridae,,Unuamitovirus,Unuamitovirus opno6,,Narna-Levi,Riboviria|Orthornavirae|Lenarviricota||Howeltoviricetes|Cryppavirales||Mitoviridae||Unuamitovirus|Unuamitovirus opno6
SCM51430_Hubei_narna-like_virus_25_Mito_coding,Mitoviridae,0,0,0,Riboviria,Orthornavirae,Lenarviricota,,Howeltoviricetes,Cryppavirales,,Mitoviridae,,,,,Narna-Levi,Riboviria|Orthornavirae|Lenarviricota||Howeltoviricetes|Cryppavirales||Mitoviridae|||
SHWC0209c11783_Shahe_narna-like_virus_6,Mitoviridae,0,0,0,Riboviria,Orthornavirae,Lenarviricota,,Howeltoviricetes,Cryppavirales,,Mitoviridae,,,,,Narna-Levi,Riboviria|Orthornavirae|Lenarviricota||Howeltoviricetes|Cryppavirales||Mitoviridae|||
SHWC0209c12713_Shahe_narna-like_virus_7_mito_coding,Mitoviridae,0,0,0,Riboviria,Orthornavirae,Lenarviricota,,Howeltoviricetes,Cryppavirales,,Mitoviridae,,,,,Narna-Levi,Riboviria|Orthornavirae|Lenarviricota||Howeltoviricetes|Cryppavirales||Mitoviridae|||
SHWC0209c20055_Shahe_narna-like_virus_5,Mitoviridae,0,0,0,Riboviria,Orthornavirae,Lenarviricota,,Howeltoviricetes,Cryppavirales,,Mitoviridae,,,,,Narna-Levi,Riboviria|Orthornavirae|Lenarviricota||Howeltoviricetes|Cryppavirales||Mitoviridae|||
WLJQ205243_Wenling_narna-like_virus_9_Mito_coding,Mitoviridae,0,0,0,Riboviria,Orthornavirae,Lenarviricota,,Howeltoviricetes,Cryppavirales,,Mitoviridae,,,,,Narna-Levi,Riboviria|Orthornavirae|Lenarviricota||Howeltoviricetes|Cryppavirales||Mitoviridae|||
YP_002284334_Botrytis_cinerea_mitovirus_1,Mitoviridae,0,0,0,Riboviria,Orthornavirae,Lenarviricota,,Howeltoviricetes,Cryppavirales,,Mitoviridae,,Duamitovirus,Duamitovirus boci1,,Narna-Levi,Riboviria|Orthornavirae|Lenarviricota||Howeltoviricetes|Cryppavirales||Mitoviridae||Duamitovirus|Duamitovirus boci1
YP_002822229_Thielaviopsis_basicola_mitovirus,Mitoviridae,0,0,0,Riboviria,Orthornavirae,Lenarviricota,,Howeltoviricetes,Cryppavirales,,Mitoviridae,,Unuamitovirus,Unuamitovirus thba1,,Narna-Levi,Riboviria|Orthornavirae|Lenarviricota||Howeltoviricetes|Cryppavirales||Mitoviridae||Unuamitovirus|Unuamitovirus thba1
YP_004564622_Tuber_aestivum_mitovirus,Mitoviridae,0,0,0,Riboviria,Orthornavirae,Lenarviricota,,Howeltoviricetes,Cryppavirales,,Mitoviridae,,Duamitovirus,Duamitovirus tuae1,,Narna-Levi,Riboviria|Orthornavirae|Lenarviricota||Howeltoviricetes|Cryppavirales||Mitoviridae||Duamitovirus|Duamitovirus tuae1
YP_005352912_Clitocybe_odora_virus,Mitoviridae,0,0,0,Riboviria,Orthornavirae,Lenarviricota,,Howeltoviricetes,Cryppavirales,,Mitoviridae,,Duamitovirus,Duamitovirus clod1,,Narna-Levi,Riboviria|Orthornavirae|Lenarviricota||Howeltoviricetes|Cryppavirales||Mitoviridae||Duamitovirus|Duamitovirus clod1
YP_009009144_Sclerotinia_sclerotiorum_mitovirus_6,Mitoviridae,0,0,0,Riboviria,Orthornavirae,Lenarviricota,,Howeltoviricetes,Cryppavirales,,Mitoviridae,,Duamitovirus,Duamitovirus scsc6,,Narna-Levi,Riboviria|Orthornavirae|Lenarviricota||Howeltoviricetes|Cryppavirales||Mitoviridae||Duamitovirus|Duamitovirus scsc6
YP_009121785_Sclerotinia_sclerotiorum_mitovirus_1_HC025,Mitoviridae,0,0,0,Riboviria,Orthornavirae,Lenarviricota,,Howeltoviricetes,Cryppavirales,,Mitoviridae,,Unuamitovirus,Unuamitovirus scsc1,,Narna-Levi,Riboviria|Orthornavirae|Lenarviricota||Howeltoviricetes|Cryppavirales||Mitoviridae||Unuamitovirus|Unuamitovirus scsc1
YP_009126872_Fusarium_globosum_mitovirus_1,Mitoviridae,0,0,0,Riboviria,Orthornavirae,Lenarviricota,,Howeltoviricetes,Cryppavirales,,Mitoviridae,,Unuamitovirus,Unuamitovirus fugl1,,Narna-Levi,Riboviria|Orthornavirae|Lenarviricota||Howeltoviricetes|Cryppavirales||Mitoviridae||Unuamitovirus|Unuamitovirus fugl1
YP_009126873_Fusarium_coeruleum_mitovirus_1,Mitoviridae,0,0,0,Riboviria,Orthornavirae,Lenarviricota,,Howeltoviricetes,Cryppavirales,,Mitoviridae,,Unuamitovirus,Unuamitovirus fuco1,,Narna-Levi,Riboviria|Orthornavirae|Lenarviricota||Howeltoviricetes|Cryppavirales||Mitoviridae||Unuamitovirus|Unuamitovirus fuco1
YP_077184_Gremmeniella_abietina_mitochondrial_RNA_virus_S2,Mitoviridae,0,0,0,Riboviria,Orthornavirae,Lenarviricota,,Howeltoviricetes,Cryppavirales,,Mitoviridae,,,,,Narna-Levi,Riboviria|Orthornavirae|Lenarviricota||Howeltoviricetes|Cryppavirales||Mitoviridae|||
3mos6141_Hubei_mosquito_virus_3,Narna-Levi,0,0,0,Riboviria,Orthornavirae,Lenarviricota,,,,,,,,,,Narna-Levi,Riboviria|Orthornavirae|Lenarviricota||||||||
beimix75822_Wenzhou_narna-like_virus_11,Narna-Levi,0,0,0,Riboviria,Orthornavirae,Lenarviricota,,,,,,,,,,Narna-Levi,Riboviria|Orthornavirae|Lenarviricota||||||||
BHBJDX18174_Beihai_narna-like_virus_3,Narna-Levi,0,0,0,Riboviria,Orthornavirae,Lenarviricota,,,,,,,,,,Narna-Levi,Riboviria|Orthornavirae|Lenarviricota||||||||
BHHQ66335_Beihai_narna-like_virus_26,Narna-Levi,0,0,0,Riboviria,Orthornavirae,Lenarviricota,,,,,,,,,,Narna-Levi,Riboviria|Orthornavirae|Lenarviricota||||||||
BHHZL10358_Beihai_narna-like_virus_15,Narna-Levi,0,0,0,Riboviria,Orthornavirae,Lenarviricota,,,,,,,,,,Narna-Levi,Riboviria|Orthornavirae|Lenarviricota||||||||
BHJP26864_Beihai_narna-like_virus_16,Narna-Levi,0,0,0,Riboviria,Orthornavirae,Lenarviricota,,,,,,,,,,Narna-Levi,Riboviria|Orthornavirae|Lenarviricota||||||||
BHJP52694_Beihai_narna-like_virus_14,Narna-Levi,0,0,0,Riboviria,Orthornavirae,Lenarviricota,,,,,,,,,,Narna-Levi,Riboviria|Orthornavirae|Lenarviricota||||||||
BHNXC41285_Beihai_narna-like_virus_19,Narna-Levi,0,0,0,Riboviria,Orthornavirae,Lenarviricota,,,,,,,,,,Narna-Levi,Riboviria|Orthornavirae|Lenarviricota||||||||
BHNXC41323_Beihai_narna-like_virus_5,Narna-Levi,0,0,0,Riboviria,Orthornavirae,Lenarviricota,,,,,,,,,,Narna-Levi,Riboviria|Orthornavirae|Lenarviricota||||||||
BHWZXX14912_Beihai_narna-like_virus_13,Narna-Levi,0,0,0,Riboviria,Orthornavirae,Lenarviricota,,,,,,,,,,Narna-Levi,Riboviria|Orthornavirae|Lenarviricota||||||||
BHZC35702_Beihai_narna-like_virus_12,Narna-Levi,0,0,0,Riboviria,Orthornavirae,Lenarviricota,,,,,,,,,,Narna-Levi,Riboviria|Orthornavirae|Lenarviricota||||||||
BHZC36598_Beihai_narna-like_virus_7,Narna-Levi,0,0,0,Riboviria,Orthornavirae,Lenarviricota,,,,,,,,,,Narna-Levi,Riboviria|Orthornavirae|Lenarviricota||||||||
BHZC37402_Beihai_narna-like_virus_6,Narna-Levi,0,0,0,Riboviria,Orthornavirae,Lenarviricota,,,,,,,,,,Narna-Levi,Riboviria|Orthornavirae|Lenarviricota||||||||
BHZY53599_Beihai_narna-like_virus_4,Narna-Levi,0,0,0,Riboviria,Orthornavirae,Lenarviricota,,,,,,,,,,Narna-Levi,Riboviria|Orthornavirae|Lenarviricota||||||||
BHZY58217_Beihai_narna-like_virus_2,Narna-Levi,0,0,0,Riboviria,Orthornavirae,Lenarviricota,,,,,,,,,,Narna-Levi,Riboviria|Orthornavirae|Lenarviricota||||||||
BHZY59840_Beihai_narna-like_virus_8,Narna-Levi,0,0,0,Riboviria,Orthornavirae,Lenarviricota,,,,,,,,,,Narna-Levi,Riboviria|Orthornavirae|Lenarviricota||||||||
BHZY60512_Beihai_narna-like_virus_10,Narna-Levi,0,0,0,Riboviria,Orthornavirae,Lenarviricota,,,,,,,,,,Narna-Levi,Riboviria|Orthornavirae|Lenarviricota||||||||
BWBFG39775_Beihai_narna-like_virus_11,Narna-Levi,0,0,0,Riboviria,Orthornavirae,Lenarviricota,,,,,,,,,,Narna-Levi,Riboviria|Orthornavirae|Lenarviricota||||||||
BWBFG40664_Beihai_narna-like_virus_20,Narna-Levi,0,0,0,Riboviria,Orthornavirae,Lenarviricota,,,,,,,,,,Narna-Levi,Riboviria|Orthornavirae|Lenarviricota||||||||
BWBFG61141_Beihai_narna-like_virus_1,Narna-Levi,0,0,0,Riboviria,Orthornavirae,Lenarviricota,,,,,,,,,,Narna-Levi,Riboviria|Orthornavirae|Lenarviricota||||||||
CJLX29055_Changjiang_narna-like_virus_2,Narna-Levi,0,0,0,Riboviria,Orthornavirae,Lenarviricota,,,,,,,,,,Narna-Levi,Riboviria|Orthornavirae|Lenarviricota||||||||
CJLX30050_Changjiang_narna-like_virus_1,Narna-Levi,0,0,0,Riboviria,Orthornavirae,Lenarviricota,,,,,,,,,,Narna-Levi,Riboviria|Orthornavirae|Lenarviricota||||||||
CJLX30350_SXXX34198_Changjiang_narna-like_virus_3,Narna-Levi,0,0,0,Riboviria,Orthornavirae,Lenarviricota,,,,,,,,,,Narna-Levi,Riboviria|Orthornavirae|Lenarviricota||||||||
CJLX30771_Changjiang_narna-like_virus_4,Narna-Levi,0,0,0,Riboviria,Orthornavirae,Lenarviricota,,,,,,,,,,Narna-Levi,Riboviria|Orthornavirae|Lenarviricota||||||||
HOU146315_Beihai_narna-like_virus_9,Narna-Levi,0,0,0,Riboviria,Orthornavirae,Lenarviricota,,,,,,,,,,Narna-Levi,Riboviria|Orthornavirae|Lenarviricota||||||||
HOU157597_Beihai_narna-like_virus_18,Narna-Levi,0,0,0,Riboviria,Orthornavirae,Lenarviricota,,,,,,,,,,Narna-Levi,Riboviria|Orthornavirae|Lenarviricota||||||||
QJT93773.1_Erysiphe_necator_associated_narnavirus_41_Erysiphe_necator_749,Narna-Levi,0,0,0,Riboviria,Orthornavirae,Lenarviricota,,,,,,,,,,Narna-Levi,Riboviria|Orthornavirae|Lenarviricota||||||||
QKI79886.1_Erysiphe_necator_associated_ourmia-like_virus_56_714,Narna-Levi,0,0,0,Riboviria,Orthornavirae,Lenarviricota,,Miaviricetes,Ourlivirales,,Botourmiaviridae,,Ourmiavirus,,,Narna-Levi,Riboviria|Orthornavirae|Lenarviricota||||||||
QTM27075_Hubei_narna-like_virus_13,Narna-Levi,0,0,0,Riboviria,Orthornavirae,Lenarviricota,,,,,,,,,,Narna-Levi,Riboviria|Orthornavirae|Lenarviricota||||||||
SCJXSX39297_Beihai_narna-like_virus_17,Narna-Levi,0,0,0,Riboviria,Orthornavirae,Lenarviricota,,,,,,,,,,Narna-Levi,Riboviria|Orthornavirae|Lenarviricota||||||||
SCM50734_Hubei_narna-like_virus_24,Narna-Levi,0,0,0,Riboviria,Orthornavirae,Lenarviricota,,,,,,,,,,Narna-Levi,Riboviria|Orthornavirae|Lenarviricota||||||||
shrimp12509_WZRBX43419_Wenzhou_shrimp_virus_10,Narna-Levi,0,0,0,Riboviria,Orthornavirae,Lenarviricota,,,,,,,,,,Narna-Levi,Riboviria|Orthornavirae|Lenarviricota||||||||
shrimp13495_Wenzhou_narna-like_virus_2,Narna-Levi,0,0,0,Riboviria,Orthornavirae,Lenarviricota,,,,,,,,,,Narna-Levi,Riboviria|Orthornavirae|Lenarviricota||||||||
shrimp14503_Wenzhou_narna-like_virus_3,Narna-Levi,0,0,0,Riboviria,Orthornavirae,Lenarviricota,,,,,,,,,,Narna-Levi,Riboviria|Orthornavirae|Lenarviricota||||||||
SHWC01c3372_Shahe_narna-like_virus_3,Narna-Levi,0,0,0,Riboviria,Orthornavirae,Lenarviricota,,,,,,,,,,Narna-Levi,Riboviria|Orthornavirae|Lenarviricota||||||||
SHWC0209c12582_Shahe_narna-like_virus_1,Narna-Levi,0,0,0,Riboviria,Orthornavirae,Lenarviricota,,,,,,,,,,Narna-Levi,Riboviria|Orthornavirae|Lenarviricota||||||||
SHWC0209c12594_Shahe_narna-like_virus_2,Narna-Levi,0,0,0,Riboviria,Orthornavirae,Lenarviricota,,,,,,,,,,Narna-Levi,Riboviria|Orthornavirae|Lenarviricota||||||||
spider124444_QTM25395_Hubei_narna-like_virus_3,Narna-Levi,0,0,0,Riboviria,Orthornavirae,Lenarviricota,,,,,,,,,,Narna-Levi,Riboviria|Orthornavirae|Lenarviricota||||||||
spider133569_Wuhan_spider_virus_7,Narna-Levi,0,0,0,Riboviria,Orthornavirae,Lenarviricota,,,,,,,,,,Narna-Levi,Riboviria|Orthornavirae|Lenarviricota||||||||
SSZZ3007_Hubei_narna-like_virus_5,Narna-Levi,0,0,0,Riboviria,Orthornavirae,Lenarviricota,,,,,,,,,,Narna-Levi,Riboviria|Orthornavirae|Lenarviricota||||||||
SXXX35820_Sanxia_narna-like_virus_1,Narna-Levi,0,0,0,Riboviria,Orthornavirae,Lenarviricota,,,,,,,,,,Narna-Levi,Riboviria|Orthornavirae|Lenarviricota||||||||
SXXX45823_Sanxia_narna-like_virus_2,Narna-Levi,0,0,0,Riboviria,Orthornavirae,Lenarviricota,,,,,,,,,,Narna-Levi,Riboviria|Orthornavirae|Lenarviricota||||||||
SZmix20730_Hubei_narna-like_virus_22,Narna-Levi,0,0,0,Riboviria,Orthornavirae,Lenarviricota,,,,,,,,,,Narna-Levi,Riboviria|Orthornavirae|Lenarviricota||||||||
SZmix21586_Hubei_narna-like_virus_12,Narna-Levi,0,0,0,Riboviria,Orthornavirae,Lenarviricota,,,,,,,,,,Narna-Levi,Riboviria|Orthornavirae|Lenarviricota||||||||
SZmix21602_Hubei_narna-like_virus_23,Narna-Levi,0,0,0,Riboviria,Orthornavirae,Lenarviricota,,,,,,,,,,Narna-Levi,Riboviria|Orthornavirae|Lenarviricota||||||||
UHK03232.1_Hangzhou_mitovirus_6_Scatella_stagnalis_867,Narna-Levi,0,0,0,Riboviria,Orthornavirae,Lenarviricota,,,,,,,,,,Narna-Levi,Riboviria|Orthornavirae|Lenarviricota||||||||
WAK72378.1_Mitoviridae_sp._Haemaphysalis_longicornis_814,Narna-Levi,0,0,0,Riboviria,Orthornavirae,Lenarviricota,,,,,,,,,,Narna-Levi,Riboviria|Orthornavirae|Lenarviricota||||||||
WGML132164_Hubei_narna-like_virus_8,Narna-Levi,0,0,0,Riboviria,Orthornavirae,Lenarviricota,,,,,,,,,,Narna-Levi,Riboviria|Orthornavirae|Lenarviricota||||||||
WGML136220_Hubei_narna-like_virus_6,Narna-Levi,0,0,0,Riboviria,Orthornavirae,Lenarviricota,,,,,,,,,,Narna-Levi,Riboviria|Orthornavirae|Lenarviricota||||||||
WHBL60499_Hubei_narna-like_virus_10,Narna-Levi,0,0,0,Riboviria,Orthornavirae,Lenarviricota,,,,,,,,,,Narna-Levi,Riboviria|Orthornavirae|Lenarviricota||||||||
WHBL67117_Hubei_narna-like_virus_2,Narna-Levi,0,0,0,Riboviria,Orthornavirae,Lenarviricota,,,,,,,,,,Narna-Levi,Riboviria|Orthornavirae|Lenarviricota||||||||
WHBL72300_Hubei_narna-like_virus_7,Narna-Levi,0,0,0,Riboviria,Orthornavirae,Lenarviricota,,,,,,,,,,Narna-Levi,Riboviria|Orthornavirae|Lenarviricota||||||||
WHBL72555_Hubei_narna-like_virus_9,Narna-Levi,0,0,0,Riboviria,Orthornavirae,Lenarviricota,,,,,,,,,,Narna-Levi,Riboviria|Orthornavirae|Lenarviricota||||||||
WHBL72829_Hubei_narna-like_virus_11,Narna-Levi,0,0,0,Riboviria,Orthornavirae,Lenarviricota,,,,,,,,,,Narna-Levi,Riboviria|Orthornavirae|Lenarviricota||||||||
WHCC258047_Hubei_narna-like_virus_1,Narna-Levi,0,0,0,Riboviria,Orthornavirae,Lenarviricota,,,,,,,,,,Narna-Levi,Riboviria|Orthornavirae|Lenarviricota||||||||
WHCCII12614_Hubei_narna-like_virus_14,Narna-Levi,0,0,0,Riboviria,Orthornavirae,Lenarviricota,,,,,,,,,,Narna-Levi,Riboviria|Orthornavirae|Lenarviricota||||||||
WHYY20523_Hubei_narna-like_virus_4,Narna-Levi,0,0,0,Riboviria,Orthornavirae,Lenarviricota,,,,,,,,,,Narna-Levi,Riboviria|Orthornavirae|Lenarviricota||||||||
WLJQ100768_Wenling_narna-like_virus_3,Narna-Levi,0,0,0,Riboviria,Orthornavirae,Lenarviricota,,,,,,,,,,Narna-Levi,Riboviria|Orthornavirae|Lenarviricota||||||||
WLJQ102793_Wenling_narna-like_virus_1,Narna-Levi,0,0,0,Riboviria,Orthornavirae,Lenarviricota,,,,,,,,,,Narna-Levi,Riboviria|Orthornavirae|Lenarviricota||||||||
WLJQ103797_Wenling_narna-like_virus_4,Narna-Levi,0,0,0,Riboviria,Orthornavirae,Lenarviricota,,,,,,,,,,Narna-Levi,Riboviria|Orthornavirae|Lenarviricota||||||||
WLJQ103952_Wenling_narna-like_virus_2,Narna-Levi,0,0,0,Riboviria,Orthornavirae,Lenarviricota,,,,,,,,,,Narna-Levi,Riboviria|Orthornavirae|Lenarviricota||||||||
WLJQ94194_Wenling_narna-like_virus_5,Narna-Levi,0,0,0,Riboviria,Orthornavirae,Lenarviricota,,,,,,,,,,Narna-Levi,Riboviria|Orthornavirae|Lenarviricota||||||||
WZFSL27295_Wenzhou_narna-like_virus_6,Narna-Levi,0,0,0,Riboviria,Orthornavirae,Lenarviricota,,,,,,,,,,Narna-Levi,Riboviria|Orthornavirae|Lenarviricota||||||||
WZFSL79329_Wenzhou_narna-like_virus_5,Narna-Levi,0,0,0,Riboviria,Orthornavirae,Lenarviricota,,,,,,,,,,Narna-Levi,Riboviria|Orthornavirae|Lenarviricota||||||||
WZFSL81657_Wenzhou_narna-like_virus_1,Narna-Levi,0,0,0,Riboviria,Orthornavirae,Lenarviricota,,,,,,,,,,Narna-Levi,Riboviria|Orthornavirae|Lenarviricota||||||||
WZFSL82100_Wenzhou_narna-like_virus_7,Narna-Levi,0,0,0,Riboviria,Orthornavirae,Lenarviricota,,,,,,,,,,Narna-Levi,Riboviria|Orthornavirae|Lenarviricota||||||||
WZRBX43201_Wenzhou_narna-like_virus_8,Narna-Levi,0,0,0,Riboviria,Orthornavirae,Lenarviricota,,,,,,,,,,Narna-Levi,Riboviria|Orthornavirae|Lenarviricota||||||||
WZSLuoI82025_Wenzhou_narna-like_virus_10,Narna-Levi,0,0,0,Riboviria,Orthornavirae,Lenarviricota,,,,,,,,,,Narna-Levi,Riboviria|Orthornavirae|Lenarviricota||||||||
WZSLuoI82501_Wenzhou_narna-like_virus_4,Narna-Levi,0,0,0,Riboviria,Orthornavirae,Lenarviricota,,,,,,,,,,Narna-Levi,Riboviria|Orthornavirae|Lenarviricota||||||||
WZSLuoI85295_Wenzhou_narna-like_virus_9,Narna-Levi,0,0,0,Riboviria,Orthornavirae,Lenarviricota,,,,,,,,,,Narna-Levi,Riboviria|Orthornavirae|Lenarviricota||||||||
YP_010084710.1_Rhizoctonia_solani_ourmia-like_virus_1_700,Narna-Levi,0,0,0,Riboviria,Orthornavirae,Lenarviricota,,Miaviricetes,Ourlivirales,,Botourmiaviridae,,Magoulivirus,Rhizoctonia magoulivirus 1,,Narna-Levi,Riboviria|Orthornavirae|Lenarviricota||||||||
AEM89291_Phytophthora_infestans_RNA_virus_4,Narnaviridae,0,0,0,Riboviria,Orthornavirae,Lenarviricota,,Amabiliviricetes,Wolframvirales,,Narnaviridae,,,,,Narna-Levi,Riboviria|Orthornavirae|Lenarviricota||Amabiliviricetes|Wolframvirales||Narnaviridae|||
AGW51766_uncultured_virus,Narnaviridae,0,0,0,Riboviria,Orthornavirae,Lenarviricota,,Amabiliviricetes,Wolframvirales,,Narnaviridae,,,,,Narna-Levi,Riboviria|Orthornavirae|Lenarviricota||Amabiliviricetes|Wolframvirales||Narnaviridae|||
AGW51768_uncultured_virus,Narnaviridae,0,0,0,Riboviria,Orthornavirae,Lenarviricota,,Amabiliviricetes,Wolframvirales,,Narnaviridae,,,,,Narna-Levi,Riboviria|Orthornavirae|Lenarviricota||Amabiliviricetes|Wolframvirales||Narnaviridae|||
AGW51782_uncultured_virus,Narnaviridae,0,0,0,Riboviria,Orthornavirae,Lenarviricota,,Amabiliviricetes,Wolframvirales,,Narnaviridae,,,,,Narna-Levi,Riboviria|Orthornavirae|Lenarviricota||Amabiliviricetes|Wolframvirales||Narnaviridae|||
AJT39597_Narnaviridae_environmental_sample,Narnaviridae,0,0,0,Riboviria,Orthornavirae,Lenarviricota,,Amabiliviricetes,Wolframvirales,,Narnaviridae,,,,,Narna-Levi,Riboviria|Orthornavirae|Lenarviricota||Amabiliviricetes|Wolframvirales||Narnaviridae|||
BDF97660.1_Rhizopus_oryzae_narnavirus_1_Rhizopus_arrhizus_752,Narnaviridae,0,0,0,Riboviria,Orthornavirae,Lenarviricota,,Amabiliviricetes,Wolframvirales,,Narnaviridae,,,,,Narna-Levi,Riboviria|Orthornavirae|Lenarviricota||Amabiliviricetes|Wolframvirales||Narnaviridae|||
BHBJDX18651_Beihai_narna-like_virus_22,Narnaviridae,0,0,0,Riboviria,Orthornavirae,Lenarviricota,,Amabiliviricetes,Wolframvirales,,Narnaviridae,,,,,Narna-Levi,Riboviria|Orthornavirae|Lenarviricota||Amabiliviricetes|Wolframvirales||Narnaviridae|||
BHJJX25414_Beihai_narna-like_virus_25,Narnaviridae,0,0,0,Riboviria,Orthornavirae,Lenarviricota,,Amabiliviricetes,Wolframvirales,,Narnaviridae,,,,,Narna-Levi,Riboviria|Orthornavirae|Lenarviricota||Amabiliviricetes|Wolframvirales||Narnaviridae|||
BHTH18714_Beihai_barnacle_virus_10,Narnaviridae,0,0,0,Riboviria,Orthornavirae,Lenarviricota,,Amabiliviricetes,Wolframvirales,,Narnaviridae,,,,,Narna-Levi,Riboviria|Orthornavirae|Lenarviricota||Amabiliviricetes|Wolframvirales||Narnaviridae|||
BHXG26712_Beihai_narna-like_virus_24,Narnaviridae,0,0,0,Riboviria,Orthornavirae,Lenarviricota,,Amabiliviricetes,Wolframvirales,,Narnaviridae,,,,,Narna-Levi,Riboviria|Orthornavirae|Lenarviricota||Amabiliviricetes|Wolframvirales||Narnaviridae|||
BHZY57139_Beihai_narna-like_virus_23,Narnaviridae,0,0,0,Riboviria,Orthornavirae,Lenarviricota,,Amabiliviricetes,Wolframvirales,,Narnaviridae,,,,,Narna-Levi,Riboviria|Orthornavirae|Lenarviricota||Amabiliviricetes|Wolframvirales||Narnaviridae|||
CC63583_Wuhan_insect_virus_18,Narnaviridae,0,0,0,Riboviria,Orthornavirae,Lenarviricota,,Amabiliviricetes,Wolframvirales,,Narnaviridae,,,,,Narna-Levi,Riboviria|Orthornavirae|Lenarviricota||Amabiliviricetes|Wolframvirales||Narnaviridae|||
CC64130_Hubei_narna-like_virus_18,Narnaviridae,0,0,0,Riboviria,Orthornavirae,Lenarviricota,,Amabiliviricetes,Wolframvirales,,Narnaviridae,,,,,Narna-Levi,Riboviria|Orthornavirae|Lenarviricota||Amabiliviricetes|Wolframvirales||Narnaviridae|||
CJLX30442_Changjiang_narna-like_virus_5,Narnaviridae,0,0,0,Riboviria,Orthornavirae,Lenarviricota,,Amabiliviricetes,Wolframvirales,,Narnaviridae,,,,,Narna-Levi,Riboviria|Orthornavirae|Lenarviricota||Amabiliviricetes|Wolframvirales||Narnaviridae|||
fly55630_Hubei_narna-like_virus_16,Narnaviridae,0,0,0,Riboviria,Orthornavirae,Lenarviricota,,Amabiliviricetes,Wolframvirales,,Narnaviridae,,,,,Narna-Levi,Riboviria|Orthornavirae|Lenarviricota||Amabiliviricetes|Wolframvirales||Narnaviridae|||
horsefly123863_Wuhan_horsefly_Virus_3,Narnaviridae,0,0,0,Riboviria,Orthornavirae,Lenarviricota,,Amabiliviricetes,Wolframvirales,,Narnaviridae,,,,,Narna-Levi,Riboviria|Orthornavirae|Lenarviricota||Amabiliviricetes|Wolframvirales||Narnaviridae|||
mosHB204971_Hubei_narna-like_virus_17,Narnaviridae,0,0,0,Riboviria,Orthornavirae,Lenarviricota,,Amabiliviricetes,Wolframvirales,,Narnaviridae,,,,,Narna-Levi,Riboviria|Orthornavirae|Lenarviricota||Amabiliviricetes|Wolframvirales||Narnaviridae|||
mosZJ35354_mosHB236413_Zhejiang_mosquito_virus_3,Narnaviridae,0,0,0,Riboviria,Orthornavirae,Lenarviricota,,Amabiliviricetes,Wolframvirales,,Narnaviridae,,,,,Narna-Levi,Riboviria|Orthornavirae|Lenarviricota||Amabiliviricetes|Wolframvirales||Narnaviridae|||
NP_660177_Saccharomyces_23S_RNA_narnavirus,Narnaviridae,0,0,0,Riboviria,Orthornavirae,Lenarviricota,,Amabiliviricetes,Wolframvirales,,Narnaviridae,,Narnavirus,Saccharomyces 23S RNA narnavirus,,Narna-Levi,Riboviria|Orthornavirae|Lenarviricota||Amabiliviricetes|Wolframvirales||Narnaviridae||Narnavirus|Saccharomyces 23S RNA narnavirus
NP_660178_Saccharomyces_20S_RNA_narnavirus,Narnaviridae,0,0,0,Riboviria,Orthornavirae,Lenarviricota,,Amabiliviricetes,Wolframvirales,,Narnaviridae,,Narnavirus,Saccharomyces 20S RNA narnavirus,,Narna-Levi,Riboviria|Orthornavirae|Lenarviricota||Amabiliviricetes|Wolframvirales||Narnaviridae||Narnavirus|Saccharomyces 20S RNA narnavirus
QCM13322_Hubei_narna-like_virus_21,Narnaviridae,0,0,0,Riboviria,Orthornavirae,Lenarviricota,,Amabiliviricetes,Wolframvirales,,Narnaviridae,,,,,Narna-Levi,Riboviria|Orthornavirae|Lenarviricota||Amabiliviricetes|Wolframvirales||Narnaviridae|||
QCM133922_Hubei_narna-like_virus_15,Narnaviridae,0,0,0,Riboviria,Orthornavirae,Lenarviricota,,Amabiliviricetes,Wolframvirales,,Narnaviridae,,,,,Narna-Levi,Riboviria|Orthornavirae|Lenarviricota||Amabiliviricetes|Wolframvirales||Narnaviridae|||
QTM26970_Hubei_narna-like_virus_19,Narnaviridae,0,0,0,Riboviria,Orthornavirae,Lenarviricota,,Amabiliviricetes,Wolframvirales,,Narnaviridae,,,,,Narna-Levi,Riboviria|Orthornavirae|Lenarviricota||Amabiliviricetes|Wolframvirales||Narnaviridae|||
SCJXSX34167_Beihai_narna-like_virus_21,Narnaviridae,0,0,0,Riboviria,Orthornavirae,Lenarviricota,,Amabiliviricetes,Wolframvirales,,Narnaviridae,,,,,Narna-Levi,Riboviria|Orthornavirae|Lenarviricota||Amabiliviricetes|Wolframvirales||Narnaviridae|||
SCM42484_Hubei_narna-like_virus_20,Narnaviridae,0,0,0,Riboviria,Orthornavirae,Lenarviricota,,Amabiliviricetes,Wolframvirales,,Narnaviridae,,,,,Narna-Levi,Riboviria|Orthornavirae|Lenarviricota||Amabiliviricetes|Wolframvirales||Narnaviridae|||
SHWC0209c11478_Shahe_narna-like_virus_4,Narnaviridae,0,0,0,Riboviria,Orthornavirae,Lenarviricota,,Amabiliviricetes,Wolframvirales,,Narnaviridae,,,,,Narna-Levi,Riboviria|Orthornavirae|Lenarviricota||Amabiliviricetes|Wolframvirales||Narnaviridae|||
SXSSP2578_Sanxia_water_strider_virus_13,Narnaviridae,0,0,0,Riboviria,Orthornavirae,Lenarviricota,,Amabiliviricetes,Wolframvirales,,Narnaviridae,,,,,Narna-Levi,Riboviria|Orthornavirae|Lenarviricota||Amabiliviricetes|Wolframvirales||Narnaviridae|||
WAK75253.1_Narnaviridae_sp._855,Narnaviridae,0,0,0,Riboviria,Orthornavirae,Lenarviricota,,Amabiliviricetes,Wolframvirales,,Narnaviridae,,,,,Narna-Levi,Riboviria|Orthornavirae|Lenarviricota||Amabiliviricetes|Wolframvirales||Narnaviridae|||
WLJQ100912_Wenling_narna-like_virus_6,Narnaviridae,0,0,0,Riboviria,Orthornavirae,Lenarviricota,,Amabiliviricetes,Wolframvirales,,Narnaviridae,,,,,Narna-Levi,Riboviria|Orthornavirae|Lenarviricota||Amabiliviricetes|Wolframvirales||Narnaviridae|||
WLJQ103612_Wenling_narna-like_virus_7,Narnaviridae,0,0,0,Riboviria,Orthornavirae,Lenarviricota,,Amabiliviricetes,Wolframvirales,,Narnaviridae,,,,,Narna-Levi,Riboviria|Orthornavirae|Lenarviricota||Amabiliviricetes|Wolframvirales||Narnaviridae|||
WLJQ103992_Wenling_narna-like_virus_8,Narnaviridae,0,0,0,Riboviria,Orthornavirae,Lenarviricota,,Amabiliviricetes,Wolframvirales,,Narnaviridae,,,,,Narna-Levi,Riboviria|Orthornavirae|Lenarviricota||Amabiliviricetes|Wolframvirales||Narnaviridae|||
ZL17511_Wuchang_cockroach_Virus_4,Narnaviridae,0,0,0,Riboviria,Orthornavirae,Lenarviricota,,Amabiliviricetes,Wolframvirales,,Narnaviridae,,,,,Narna-Levi,Riboviria|Orthornavirae|Lenarviricota||Amabiliviricetes|Wolframvirales||Narnaviridae|||
YP_002019754_Epirus_cherry_virus,Ourmiavirus,0,0,1,Riboviria,Orthornavirae,Lenarviricota,,Miaviricetes,Ourlivirales,,Botourmiaviridae,,Ourmiavirus,Epirus cherry virus,,Narna-Levi,Riboviria|Orthornavirae|Lenarviricota||Miaviricetes|Ourlivirales||Botourmiaviridae||Ourmiavirus|Epirus cherry virus
YP_002019757_Ourmia_melon_virus,Ourmiavirus,0,0,1,Riboviria,Orthornavirae,Lenarviricota,,Miaviricetes,Ourlivirales,,Botourmiaviridae,,Ourmiavirus,Ourmia melon virus,,Narna-Levi,Riboviria|Orthornavirae|Lenarviricota||Miaviricetes|Ourlivirales||Botourmiaviridae||Ourmiavirus|Ourmia melon virus
YP_003104770_Cassava_virus_C,Ourmiavirus,0,0,1,Riboviria,Orthornavirae,Lenarviricota,,Miaviricetes,Ourlivirales,,Botourmiaviridae,,Ourmiavirus,Cassava virus C,,Narna-Levi,Riboviria|Orthornavirae|Lenarviricota||Miaviricetes|Ourlivirales||Botourmiaviridae||Ourmiavirus|Cassava virus C
