Cluster_sseqid,Cluster_taxon,Human,Vertebrates,Plant,Realm,Kingdom,Phylum,Subphylum,Class,Order,Suborder,Family,Subfamily,Genus,Species,,SuperGroup,Taxon_set
Tymo_NP_148778_Cactus_virus_X,Alphaflexiviridae,0,0,1,Riboviria,Orthornavirae,Kitrinoviricota,,Alsuviricetes,Tymovirales,,Alphaflexiviridae,,Potexvirus,Cactus virus X,,Hepe-Virga,Riboviria|Orthornavirae|Kitrinoviricota||Alsuviricetes|Tymovirales||Alphaflexiviridae||Potexvirus|Cactus virus X
Tymo_NP_569126_Garlic_virus_A,Alphaflexiviridae,0,0,1,Riboviria,Orthornavirae,Kitrinoviricota,,Alsuviricetes,Tymovirales,,Alphaflexiviridae,,Allexivirus,Garlic virus A,,Hepe-Virga,Riboviria|Orthornavirae|Kitrinoviricota||Alsuviricetes|Tymovirales||Alphaflexiviridae||Allexivirus|Garlic virus A
Tymo_YP_263303_Lily_virus_X,Alphaflexiviridae,0,0,1,Riboviria,Orthornavirae,Kitrinoviricota,,Alsuviricetes,Tymovirales,,Alphaflexiviridae,,Potexvirus,Lily virus X,,Hepe-Virga,Riboviria|Orthornavirae|Kitrinoviricota||Alsuviricetes|Tymovirales||Alphaflexiviridae||Potexvirus|Lily virus X
Tymo_YP_325662_Sclerotinia_sclerotiorum_debilitation-associated_RNA_virus,Alphaflexiviridae,0,0,1,Riboviria,Orthornavirae,Kitrinoviricota,,Alsuviricetes,Tymovirales,,Alphaflexiviridae,,Sclerodarnavirus,Sclerotinia sclerotiorum debilitation-associated RNA virus,,Hepe-Virga,Riboviria|Orthornavirae|Kitrinoviricota||Alsuviricetes|Tymovirales||Alphaflexiviridae||Sclerodarnavirus|Sclerotinia sclerotiorum debilitation-associated RNA virus
WHCC96629_Hubei_alphaflexi-like_virus,Alphaflexiviridae,0,0,1,Riboviria,Orthornavirae,Kitrinoviricota,,Alsuviricetes,Tymovirales,,Alphaflexiviridae,,Potexvirus,,,Hepe-Virga,Riboviria|Orthornavirae|Kitrinoviricota||Alsuviricetes|Tymovirales||Alphaflexiviridae||Potexvirus|
alphatetra_NP_049235_Helicoverpa_armigera_stunt_virus,Alphatetraviridae,0,0,0,Riboviria,Orthornavirae,Kitrinoviricota,,Alsuviricetes,Hepelivirales,,Alphatetraviridae,,Omegatetravirus,Helicoverpa armigera stunt virus,,Hepe-Virga,Riboviria|Orthornavirae|Kitrinoviricota||Alsuviricetes|Hepelivirales||Alphatetraviridae||Omegatetravirus|Helicoverpa armigera stunt virus
alphatetra_YP_025094_Dendrolimus_punctatus_tetravirus,Alphatetraviridae,0,0,0,Riboviria,Orthornavirae,Kitrinoviricota,,Alsuviricetes,Hepelivirales,,Alphatetraviridae,,Omegatetravirus,Dendrolimus punctatus virus,,Hepe-Virga,Riboviria|Orthornavirae|Kitrinoviricota||Alsuviricetes|Hepelivirales||Alphatetraviridae||Omegatetravirus|Dendrolimus punctatus virus
Beny_NP_612601_Beet_soil-borne_mosaic_virus,Benyviridae,0,0,1,Riboviria,Orthornavirae,Kitrinoviricota,,Alsuviricetes,Hepelivirales,,Benyviridae,,Benyvirus,Beet soil-borne mosaic virus,,Hepe-Virga,Riboviria|Orthornavirae|Kitrinoviricota||Alsuviricetes|Hepelivirales||Benyviridae||Benyvirus|Beet soil-borne mosaic virus
Beny_YP_008219063_Burdock_mottle_virus,Benyviridae,0,0,1,Riboviria,Orthornavirae,Kitrinoviricota,,Alsuviricetes,Hepelivirales,,Benyviridae,,Benyvirus,Burdock mottle virus,,Hepe-Virga,Riboviria|Orthornavirae|Kitrinoviricota||Alsuviricetes|Hepelivirales||Benyviridae||Benyvirus|Burdock mottle virus
SCM50761_Hubei_Beny-like_virus_1,Benyviridae,0,0,0,Riboviria,Orthornavirae,Kitrinoviricota,,Alsuviricetes,Hepelivirales,,Benyviridae,,Benyvirus,,,Hepe-Virga,Riboviria|Orthornavirae|Kitrinoviricota||Alsuviricetes|Hepelivirales||Benyviridae||Benyvirus|
UHK03121.1_Sanya_benyvirus_1_1405,Benyviridae,0,0,0,Riboviria,Orthornavirae,Kitrinoviricota,,Alsuviricetes,Hepelivirales,,Benyviridae,,Benyvirus,,,Hepe-Virga,Riboviria|Orthornavirae|Kitrinoviricota||Alsuviricetes|Hepelivirales||Benyviridae||Benyvirus|
BAA03339.1_Potato_virus_M_1968,Betaflexiviridae,0,0,1,Riboviria,Orthornavirae,Kitrinoviricota,,Alsuviricetes,Tymovirales,,Betaflexiviridae,Quinvirinae,Carlavirus,,,Hepe-Virga,Riboviria|Orthornavirae|Kitrinoviricota||Alsuviricetes|Tymovirales||Betaflexiviridae|Quinvirinae|Carlavirus|
DAC85614.1_Date_palm-associated_virus_A_Phoenix_dactylifera_1837,Betaflexiviridae,0,0,1,Riboviria,Orthornavirae,Kitrinoviricota,,Alsuviricetes,Tymovirales,,Betaflexiviridae,,,,,Hepe-Virga,Riboviria|Orthornavirae|Kitrinoviricota||Alsuviricetes|Tymovirales||Betaflexiviridae|||
QBS17025.1_Zostera_virus_T_Zostera_muelleri_1816,Betaflexiviridae,0,0,1,Riboviria,Orthornavirae,Kitrinoviricota,,Alsuviricetes,Tymovirales,,Betaflexiviridae,Trivirinae,Tepovirus,Tepovirus ZoVT,,Hepe-Virga,Riboviria|Orthornavirae|Kitrinoviricota||Alsuviricetes|Tymovirales||Betaflexiviridae|Trivirinae|Tepovirus|Tepovirus ZoVT
QGN03513.1_Cole_latent_virus_Brassica_oleracea_1982,Betaflexiviridae,0,0,1,Riboviria,Orthornavirae,Kitrinoviricota,,Alsuviricetes,Tymovirales,,Betaflexiviridae,Quinvirinae,Carlavirus,,,Hepe-Virga,Riboviria|Orthornavirae|Kitrinoviricota||Alsuviricetes|Tymovirales||Betaflexiviridae|Quinvirinae|Carlavirus|
QGR26011.1_Rubber_tree_capillovirus_1_Hevea_brasiliensis_2215,Betaflexiviridae,0,0,1,Riboviria,Orthornavirae,Kitrinoviricota,,Alsuviricetes,Tymovirales,,Betaflexiviridae,Trivirinae,Capillovirus,,,Hepe-Virga,Riboviria|Orthornavirae|Kitrinoviricota||Alsuviricetes|Tymovirales||Betaflexiviridae|Trivirinae|Capillovirus|
QLI58025.1_Rubus_virus_1_Rubus_idaeus_2145,Betaflexiviridae,0,0,1,Riboviria,Orthornavirae,Kitrinoviricota,,Alsuviricetes,Tymovirales,,Betaflexiviridae,,,,,Hepe-Virga,Riboviria|Orthornavirae|Kitrinoviricota||Alsuviricetes|Tymovirales||Betaflexiviridae|||
QOQ52500.1_Citrus_yellow_spot_virus_Citrus_2016,Betaflexiviridae,0,0,1,Riboviria,Orthornavirae,Kitrinoviricota,,Alsuviricetes,Tymovirales,,Betaflexiviridae,,,,,Hepe-Virga,Riboviria|Orthornavirae|Kitrinoviricota||Alsuviricetes|Tymovirales||Betaflexiviridae|||
QPI34838.1_Camellia_ringspot_associated_virus_4_Camellia_japonica_2075,Betaflexiviridae,0,0,1,Riboviria,Orthornavirae,Kitrinoviricota,,Alsuviricetes,Tymovirales,,Betaflexiviridae,,,,,Hepe-Virga,Riboviria|Orthornavirae|Kitrinoviricota||Alsuviricetes|Tymovirales||Betaflexiviridae|||
QVE55509.1_Pomes_virus_Greece_Pyrus_communis_2031,Betaflexiviridae,0,0,1,Riboviria,Orthornavirae,Kitrinoviricota,,Alsuviricetes,Tymovirales,,Betaflexiviridae,,,,,Hepe-Virga,Riboviria|Orthornavirae|Kitrinoviricota||Alsuviricetes|Tymovirales||Betaflexiviridae|||
QYF50259.1_Hainan_betaflexivirus_1988,Betaflexiviridae,0,0,1,Riboviria,Orthornavirae,Kitrinoviricota,,Alsuviricetes,Tymovirales,,Betaflexiviridae,Quinvirinae,Carlavirus,,,Hepe-Virga,Riboviria|Orthornavirae|Kitrinoviricota||Alsuviricetes|Tymovirales||Betaflexiviridae|Quinvirinae|Carlavirus|
QYF50271.1_Zhejiang_betaflexivirus_2_1860,Betaflexiviridae,0,0,1,Riboviria,Orthornavirae,Kitrinoviricota,,Alsuviricetes,Tymovirales,,Betaflexiviridae,Quinvirinae,Carlavirus,,,Hepe-Virga,Riboviria|Orthornavirae|Kitrinoviricota||Alsuviricetes|Tymovirales||Betaflexiviridae|Quinvirinae|Carlavirus|
Tymo_NP_062428_Cherry_mottle_leaf_virus,Betaflexiviridae,0,0,1,Riboviria,Orthornavirae,Kitrinoviricota,,Alsuviricetes,Tymovirales,,Betaflexiviridae,Trivirinae,Trichovirus,Cherry mottle leaf virus,,Hepe-Virga,Riboviria|Orthornavirae|Kitrinoviricota||Alsuviricetes|Tymovirales||Betaflexiviridae|Trivirinae|Trichovirus|Cherry mottle leaf virus
Tymo_NP_620106_Cherry_virus_A,Betaflexiviridae,0,0,1,Riboviria,Orthornavirae,Kitrinoviricota,,Alsuviricetes,Tymovirales,,Betaflexiviridae,Trivirinae,Capillovirus,Cherry virus A,,Hepe-Virga,Riboviria|Orthornavirae|Kitrinoviricota||Alsuviricetes|Tymovirales||Betaflexiviridae|Trivirinae|Capillovirus|Cherry virus A
Tymo_NP_624333_Citrus_leaf_blotch_virus,Betaflexiviridae,0,0,1,Riboviria,Orthornavirae,Kitrinoviricota,,Alsuviricetes,Tymovirales,,Betaflexiviridae,Trivirinae,Citrivirus,Citrus leaf blotch virus,,Hepe-Virga,Riboviria|Orthornavirae|Kitrinoviricota||Alsuviricetes|Tymovirales||Betaflexiviridae|Trivirinae|Citrivirus|Citrus leaf blotch virus
Tymo_YP_001430021_Coleus_vein_necrosis_virus,Betaflexiviridae,0,0,1,Riboviria,Orthornavirae,Kitrinoviricota,,Alsuviricetes,Tymovirales,,Betaflexiviridae,Quinvirinae,Carlavirus,Coleus vein necrosis virus,,Hepe-Virga,Riboviria|Orthornavirae|Kitrinoviricota||Alsuviricetes|Tymovirales||Betaflexiviridae|Quinvirinae|Carlavirus|Coleus vein necrosis virus
Tymo_YP_002019748_Potato_virus_T,Betaflexiviridae,0,0,1,Riboviria,Orthornavirae,Kitrinoviricota,,Alsuviricetes,Tymovirales,,Betaflexiviridae,Trivirinae,Tepovirus,Potato virus T,,Hepe-Virga,Riboviria|Orthornavirae|Kitrinoviricota||Alsuviricetes|Tymovirales||Betaflexiviridae|Trivirinae|Tepovirus|Potato virus T
Tymo_YP_006590065_Grapevine_virus_F,Betaflexiviridae,0,0,1,Riboviria,Orthornavirae,Kitrinoviricota,,Alsuviricetes,Tymovirales,,Betaflexiviridae,Trivirinae,Vitivirus,Grapevine virus F,,Hepe-Virga,Riboviria|Orthornavirae|Kitrinoviricota||Alsuviricetes|Tymovirales||Betaflexiviridae|Trivirinae|Vitivirus|Grapevine virus F
Tymo_YP_009094347_Asian_prunus_virus_1,Betaflexiviridae,0,0,1,Riboviria,Orthornavirae,Kitrinoviricota,,Alsuviricetes,Tymovirales,,Betaflexiviridae,Quinvirinae,Foveavirus,Asian prunus virus 1,,Hepe-Virga,Riboviria|Orthornavirae|Kitrinoviricota||Alsuviricetes|Tymovirales||Betaflexiviridae|Quinvirinae|Foveavirus|Asian prunus virus 1
Tymo_YP_009204561_Asian_prunus_virus_2,Betaflexiviridae,0,0,1,Riboviria,Orthornavirae,Kitrinoviricota,,Alsuviricetes,Tymovirales,,Betaflexiviridae,Quinvirinae,Foveavirus,Asian prunus virus 2,,Hepe-Virga,Riboviria|Orthornavirae|Kitrinoviricota||Alsuviricetes|Tymovirales||Betaflexiviridae|Quinvirinae|Foveavirus|Asian prunus virus 2
UUB84586.1_Pineapple_vitivirus_A_Ananas_comosus_1515,Betaflexiviridae,0,0,1,Riboviria,Orthornavirae,Kitrinoviricota,,Alsuviricetes,Tymovirales,,Betaflexiviridae,Trivirinae,Vitivirus,,,Hepe-Virga,Riboviria|Orthornavirae|Kitrinoviricota||Alsuviricetes|Tymovirales||Betaflexiviridae|Trivirinae|Vitivirus|
UXX34097.1_Pseudostellaria_heterophylla_carlavirus_1_Pseudostellaria_heterophylla_2025,Betaflexiviridae,0,0,1,Riboviria,Orthornavirae,Kitrinoviricota,,Alsuviricetes,Tymovirales,,Betaflexiviridae,Quinvirinae,Carlavirus,,,Hepe-Virga,Riboviria|Orthornavirae|Kitrinoviricota||Alsuviricetes|Tymovirales||Betaflexiviridae|Quinvirinae|Carlavirus|
WCC72446.1_Rose_virus_B_Rosa_sp._1985,Betaflexiviridae,0,0,1,Riboviria,Orthornavirae,Kitrinoviricota,,Alsuviricetes,Tymovirales,,Betaflexiviridae,Quinvirinae,Carlavirus,,,Hepe-Virga,Riboviria|Orthornavirae|Kitrinoviricota||Alsuviricetes|Tymovirales||Betaflexiviridae|Quinvirinae|Carlavirus|
YP_009268859.1_Yacon_virus_A_2081,Betaflexiviridae,0,0,1,Riboviria,Orthornavirae,Kitrinoviricota,,Alsuviricetes,Tymovirales,,Betaflexiviridae,Trivirinae,Capillovirus,,,Hepe-Virga,Riboviria|Orthornavirae|Kitrinoviricota||Alsuviricetes|Tymovirales||Betaflexiviridae|Trivirinae|Capillovirus|
YP_009552718.1_Blackberry_virus_A_1676,Betaflexiviridae,0,0,1,Riboviria,Orthornavirae,Kitrinoviricota,,Alsuviricetes,Tymovirales,,Betaflexiviridae,Trivirinae,Vitivirus,Blackberry virus A,,Hepe-Virga,Riboviria|Orthornavirae|Kitrinoviricota||Alsuviricetes|Tymovirales||Betaflexiviridae|Trivirinae|Vitivirus|Blackberry virus A
YP_009664734.1_Cucumber_vein-clearing_virus_878,Betaflexiviridae,0,0,1,Riboviria,Orthornavirae,Kitrinoviricota,,Alsuviricetes,Tymovirales,,Betaflexiviridae,Quinvirinae,Carlavirus,Cucumber vein-clearing virus,,Hepe-Virga,Riboviria|Orthornavirae|Kitrinoviricota||Alsuviricetes|Tymovirales||Betaflexiviridae|Quinvirinae|Carlavirus|Cucumber vein-clearing virus
bromo_NP_041197_Brome_mosaic_virus,Bromoviridae,0,0,1,Riboviria,Orthornavirae,Kitrinoviricota,,Alsuviricetes,Martellivirales,,Bromoviridae,,Bromovirus,Brome mosaic virus,,Hepe-Virga,Riboviria|Orthornavirae|Kitrinoviricota||Alsuviricetes|Martellivirales||Bromoviridae||Bromovirus|Brome mosaic virus
bromo_NP_049324_Cucumber_mosaic_virus,Bromoviridae,0,0,1,Riboviria,Orthornavirae,Kitrinoviricota,,Alsuviricetes,Martellivirales,,Bromoviridae,,Cucumovirus,Cucumber mosaic virus,,Hepe-Virga,Riboviria|Orthornavirae|Kitrinoviricota||Alsuviricetes|Martellivirales||Bromoviridae||Cucumovirus|Cucumber mosaic virus
bromo_NP_602313_American_plum_line_pattern_virus,Bromoviridae,0,0,1,Riboviria,Orthornavirae,Kitrinoviricota,,Alsuviricetes,Martellivirales,,Bromoviridae,,Ilarvirus,American plum line pattern virus,,Hepe-Virga,Riboviria|Orthornavirae|Kitrinoviricota||Alsuviricetes|Martellivirales||Bromoviridae||Ilarvirus|American plum line pattern virus
bromo_NP_604470_Apple_mosaic_virus,Bromoviridae,0,0,1,Riboviria,Orthornavirae,Kitrinoviricota,,Alsuviricetes,Martellivirales,,Bromoviridae,,Ilarvirus,Apple mosaic virus,,Hepe-Virga,Riboviria|Orthornavirae|Kitrinoviricota||Alsuviricetes|Martellivirales||Bromoviridae||Ilarvirus|Apple mosaic virus
bromo_NP_619575_Elm_mottle_virus,Bromoviridae,0,0,1,Riboviria,Orthornavirae,Kitrinoviricota,,Alsuviricetes,Martellivirales,,Bromoviridae,,Ilarvirus,Elm mottle virus,,Hepe-Virga,Riboviria|Orthornavirae|Kitrinoviricota||Alsuviricetes|Martellivirales||Bromoviridae||Ilarvirus|Elm mottle virus
bromo_NP_620043_Olive_latent_virus_2,Bromoviridae,0,0,1,Riboviria,Orthornavirae,Kitrinoviricota,,Alsuviricetes,Martellivirales,,Bromoviridae,,Oleavirus,Olive latent virus 2,,Hepe-Virga,Riboviria|Orthornavirae|Kitrinoviricota||Alsuviricetes|Martellivirales||Bromoviridae||Oleavirus|Olive latent virus 2
bromo_NP_620768_Tobacco_streak_virus,Bromoviridae,0,0,1,Riboviria,Orthornavirae,Kitrinoviricota,,Alsuviricetes,Martellivirales,,Bromoviridae,,Ilarvirus,Tobacco streak virus,,Hepe-Virga,Riboviria|Orthornavirae|Kitrinoviricota||Alsuviricetes|Martellivirales||Bromoviridae||Ilarvirus|Tobacco streak virus
Idaeovirus_NP_620465_Raspberry_bushy_dwarf_virus,Idaeovirus,0,0,1,Riboviria,Orthornavirae,Kitrinoviricota,,Alsuviricetes,Martellivirales,,Mayoviridae,,Idaeovirus,Idaeovirus rubi,,Hepe-Virga,Riboviria|Orthornavirae|Kitrinoviricota||Alsuviricetes|Martellivirales||Mayoviridae||Idaeovirus|Idaeovirus rubi
QWY93831.1_Green_Sichuan_pepper_ilarvirus_Zanthoxylum_armatum_766,Bromoviridae,0,0,1,Riboviria,Orthornavirae,Kitrinoviricota,,Alsuviricetes,Martellivirales,,Bromoviridae,,Ilarvirus,,,Hepe-Virga,Riboviria|Orthornavirae|Kitrinoviricota||Alsuviricetes|Martellivirales||Bromoviridae||Ilarvirus|
YP_054423.1_Humulus_japonicus_latent_virus_853,Bromoviridae,0,0,1,Riboviria,Orthornavirae,Kitrinoviricota,,Alsuviricetes,Martellivirales,,Bromoviridae,,Ilarvirus,Humulus japonicus latent virus,,Hepe-Virga,Riboviria|Orthornavirae|Kitrinoviricota||Alsuviricetes|Martellivirales||Bromoviridae||Ilarvirus|Humulus japonicus latent virus
BDT53067.1_wheat_closterovirus_1_Triticum_aestivum_2898,Closteroviridae,0,0,1,Riboviria,Orthornavirae,Kitrinoviricota,,Alsuviricetes,Martellivirales,,Closteroviridae,,Closterovirus,,,Hepe-Virga,Riboviria|Orthornavirae|Kitrinoviricota||Alsuviricetes|Martellivirales||Closteroviridae||Closterovirus|
clostero_AF260651_Citrus_tristeza_virus,Closteroviridae,0,0,1,Riboviria,Orthornavirae,Kitrinoviricota,,Alsuviricetes,Martellivirales,,Closteroviridae,,Closterovirus,,,Hepe-Virga,Riboviria|Orthornavirae|Kitrinoviricota||Alsuviricetes|Martellivirales||Closteroviridae||Closterovirus|
clostero_NP_041870_Beet_yellows_virus,Closteroviridae,0,0,1,Riboviria,Orthornavirae,Kitrinoviricota,,Alsuviricetes,Martellivirales,,Closteroviridae,,Closterovirus,Beet yellows virus,,Hepe-Virga,Riboviria|Orthornavirae|Kitrinoviricota||Alsuviricetes|Martellivirales||Closteroviridae||Closterovirus|Beet yellows virus
clostero_NP_619692_Lettuce_infectious_yellows_virus,Closteroviridae,0,0,1,Riboviria,Orthornavirae,Kitrinoviricota,,Alsuviricetes,Martellivirales,,Closteroviridae,,Crinivirus,Lettuce infectious yellows virus,,Hepe-Virga,Riboviria|Orthornavirae|Kitrinoviricota||Alsuviricetes|Martellivirales||Closteroviridae||Crinivirus|Lettuce infectious yellows virus
clostero_NP_733945_Little_cherry_virus_1,Closteroviridae,0,0,1,Riboviria,Orthornavirae,Kitrinoviricota,,Alsuviricetes,Martellivirales,,Closteroviridae,,Velarivirus,Little cherry virus 1,,Hepe-Virga,Riboviria|Orthornavirae|Kitrinoviricota||Alsuviricetes|Martellivirales||Closteroviridae||Velarivirus|Little cherry virus 1
clostero_NP_891562_Little_cherry_virus_2,Closteroviridae,0,0,1,Riboviria,Orthornavirae,Kitrinoviricota,,Alsuviricetes,Martellivirales,,Closteroviridae,,Ampelovirus,Little cherry virus 2,,Hepe-Virga,Riboviria|Orthornavirae|Kitrinoviricota||Alsuviricetes|Martellivirales||Closteroviridae||Ampelovirus|Little cherry virus 2
clostero_YP_001552323_Plum_bark_necrosis_stem_pitting-associated_virus,Closteroviridae,0,0,1,Riboviria,Orthornavirae,Kitrinoviricota,,Alsuviricetes,Martellivirales,,Closteroviridae,,Ampelovirus,Plum bark necrosis stem pitting-associated virus,,Hepe-Virga,Riboviria|Orthornavirae|Kitrinoviricota||Alsuviricetes|Martellivirales||Closteroviridae||Ampelovirus|Plum bark necrosis stem pitting-associated virus
clostero_YP_001816769_Bean_yellow_disorder_virus,Closteroviridae,0,0,1,Riboviria,Orthornavirae,Kitrinoviricota,,Alsuviricetes,Martellivirales,,Closteroviridae,,Crinivirus,Bean yellow disorder virus,,Hepe-Virga,Riboviria|Orthornavirae|Kitrinoviricota||Alsuviricetes|Martellivirales||Closteroviridae||Crinivirus|Bean yellow disorder virus
clostero_YP_003075964_Carrot_yellow_leaf_virus,Closteroviridae,0,0,1,Riboviria,Orthornavirae,Kitrinoviricota,,Alsuviricetes,Martellivirales,,Closteroviridae,,Closterovirus,Carrot yellow leaf virus,,Hepe-Virga,Riboviria|Orthornavirae|Kitrinoviricota||Alsuviricetes|Martellivirales||Closteroviridae||Closterovirus|Carrot yellow leaf virus
clostero_YP_004901686_Grapevine_leafroll-associated_virus_5,Closteroviridae,0,0,1,Riboviria,Orthornavirae,Kitrinoviricota,,Alsuviricetes,Martellivirales,,Closteroviridae,,Ampelovirus,Grapevine leafroll-associated virus 4,,Hepe-Virga,Riboviria|Orthornavirae|Kitrinoviricota||Alsuviricetes|Martellivirales||Closteroviridae||Ampelovirus|Grapevine leafroll-associated virus 4
clostero_YP_004935918_Grapevine_leafroll-associated_virus_7,Closteroviridae,0,0,1,Riboviria,Orthornavirae,Kitrinoviricota,,Alsuviricetes,Martellivirales,,Closteroviridae,,Velarivirus,Grapevine leafroll-associated virus 7,,Hepe-Virga,Riboviria|Orthornavirae|Kitrinoviricota||Alsuviricetes|Martellivirales||Closteroviridae||Velarivirus|Grapevine leafroll-associated virus 7
clostero_YP_004940641_Grapevine_leafroll-associated_virus_1,Closteroviridae,0,0,1,Riboviria,Orthornavirae,Kitrinoviricota,,Alsuviricetes,Martellivirales,,Closteroviridae,,Ampelovirus,Grapevine leafroll-associated virus 1,,Hepe-Virga,Riboviria|Orthornavirae|Kitrinoviricota||Alsuviricetes|Martellivirales||Closteroviridae||Ampelovirus|Grapevine leafroll-associated virus 1
QNS29673.1_Fig_virus_B_Ficus_carica_529,Closteroviridae,0,0,1,Riboviria,Orthornavirae,Kitrinoviricota,,Alsuviricetes,Martellivirales,,Closteroviridae,,Closterovirus,,,Hepe-Virga,Riboviria|Orthornavirae|Kitrinoviricota||Alsuviricetes|Martellivirales||Closteroviridae||Closterovirus|
QPK66414.1_Firespike_leaf_roll-associated_virus_501,Closteroviridae,0,0,1,Riboviria,Orthornavirae,Kitrinoviricota,,Alsuviricetes,Martellivirales,,Closteroviridae,,Ampelovirus,,,Hepe-Virga,Riboviria|Orthornavirae|Kitrinoviricota||Alsuviricetes|Martellivirales||Closteroviridae||Ampelovirus|
YP_009553246.1_Blackcurrant_leafroll-associated_virus_1_3313,Closteroviridae,0,0,1,Riboviria,Orthornavirae,Kitrinoviricota,,Alsuviricetes,Martellivirales,,Closteroviridae,,Closterovirus,,,Hepe-Virga,Riboviria|Orthornavirae|Kitrinoviricota||Alsuviricetes|Martellivirales||Closteroviridae||Closterovirus|
YP_009664794.1_Pineapple_mealybug_wilt-associated_virus_2_559,Closteroviridae,0,0,1,Riboviria,Orthornavirae,Kitrinoviricota,,Alsuviricetes,Martellivirales,,Closteroviridae,,Ampelovirus,Pineapple mealybug wilt-associated virus 2,,Hepe-Virga,Riboviria|Orthornavirae|Kitrinoviricota||Alsuviricetes|Martellivirales||Closteroviridae||Ampelovirus|Pineapple mealybug wilt-associated virus 2
UVF62074.1_Agrostis_stolonifera_deltaflexivirus_1_Ixodes_persulcatus_2059,Deltaflexiviridae,0,0,0,Riboviria,Orthornavirae,Kitrinoviricota,,Alsuviricetes,Tymovirales,,Deltaflexiviridae,,Deltaflexivirus,,,Hepe-Virga,Riboviria|Orthornavirae|Kitrinoviricota||Alsuviricetes|Tymovirales||Deltaflexiviridae||Deltaflexivirus|
YP_009268710.1_Fusarium_graminearum_deltaflexivirus_1_2042,Deltaflexiviridae,0,0,0,Riboviria,Orthornavirae,Kitrinoviricota,,Alsuviricetes,Tymovirales,,Deltaflexiviridae,,Deltaflexivirus,Fusarium deltaflexivirus 1,,Hepe-Virga,Riboviria|Orthornavirae|Kitrinoviricota||Alsuviricetes|Tymovirales||Deltaflexiviridae||Deltaflexivirus|Fusarium deltaflexivirus 1
YP_009508374.1_Soybean_leaf-associated_mycoflexivirus_1_2084,Deltaflexiviridae,0,0,0,Riboviria,Orthornavirae,Kitrinoviricota,,Alsuviricetes,Tymovirales,,Deltaflexiviridae,,Deltaflexivirus,Soybean-associated deltaflexivirus 1,,Hepe-Virga,Riboviria|Orthornavirae|Kitrinoviricota||Alsuviricetes|Tymovirales||Deltaflexiviridae||Deltaflexivirus|Soybean-associated deltaflexivirus 1
YP_009552771.1_Sclerotinia_sclerotiorum_deltaflexivirus_2_2114,Deltaflexiviridae,0,0,0,Riboviria,Orthornavirae,Kitrinoviricota,,Alsuviricetes,Tymovirales,,Deltaflexiviridae,,Deltaflexivirus,Sclerotinia deltaflexivirus 1,,Hepe-Virga,Riboviria|Orthornavirae|Kitrinoviricota||Alsuviricetes|Tymovirales||Deltaflexiviridae||Deltaflexivirus|Sclerotinia deltaflexivirus 1
WCLSXC58279_Wuchan_romanomermis_nematode_virus_1,Endornaviridae,0,0,0,Riboviria,Orthornavirae,Kitrinoviricota,,Alsuviricetes,Martellivirales,,Endornaviridae,,Alphaendornavirus,,,Hepe-Virga,Riboviria|Orthornavirae|Kitrinoviricota||Alsuviricetes|Martellivirales||Endornaviridae||Alphaendornavirus|
SHWC0209c12790_Shahe_endorna-like_virus_1,Endornaviridae,0,0,0,Riboviria,Orthornavirae,Kitrinoviricota,,Alsuviricetes,Martellivirales,,Endornaviridae,,Alphaendornavirus,,,Hepe-Virga,Riboviria|Orthornavirae|Kitrinoviricota||Alsuviricetes|Martellivirales||Endornaviridae||Alphaendornavirus|
QPF20438.1_Triticeae_associated_alphaendornavirus_Secale_cereale_4941,Endornaviridae,0,0,0,Riboviria,Orthornavirae,Kitrinoviricota,,Alsuviricetes,Martellivirales,,Endornaviridae,,Alphaendornavirus,,,Hepe-Virga,Riboviria|Orthornavirae|Kitrinoviricota||Alsuviricetes|Martellivirales||Endornaviridae||Alphaendornavirus|
QCM148882_Hubei_endorna-like_virus_1,Endornaviridae,0,0,0,Riboviria,Orthornavirae,Kitrinoviricota,,Alsuviricetes,Martellivirales,,Endornaviridae,,Alphaendornavirus,,,Hepe-Virga,Riboviria|Orthornavirae|Kitrinoviricota||Alsuviricetes|Martellivirales||Endornaviridae||Alphaendornavirus|
endorna_YP_529670_Gremmeniella_abietina_type_B_RNA_virus_XL1,Endornaviridae,0,0,0,Riboviria,Orthornavirae,Kitrinoviricota,,Alsuviricetes,Martellivirales,,Endornaviridae,,Betaendornavirus,Gremmeniella abietina betaendornavirus 1,,Hepe-Virga,Riboviria|Orthornavirae|Kitrinoviricota||Alsuviricetes|Martellivirales||Endornaviridae||Betaendornavirus|Gremmeniella abietina betaendornavirus 1
endorna_YP_438202_Oryza_rufipogon_endornavirus,Endornaviridae,0,0,0,Riboviria,Orthornavirae,Kitrinoviricota,,Alsuviricetes,Martellivirales,,Endornaviridae,,Alphaendornavirus,Oryza rufipogon alphaendornavirus,,Hepe-Virga,Riboviria|Orthornavirae|Kitrinoviricota||Alsuviricetes|Martellivirales||Endornaviridae||Alphaendornavirus|Oryza rufipogon alphaendornavirus
endorna_YP_438201_Vicia_faba_endornavirus,Endornaviridae,0,0,0,Riboviria,Orthornavirae,Kitrinoviricota,,Alsuviricetes,Martellivirales,,Endornaviridae,,Alphaendornavirus,Vicia faba alphaendornavirus,,Hepe-Virga,Riboviria|Orthornavirae|Kitrinoviricota||Alsuviricetes|Martellivirales||Endornaviridae||Alphaendornavirus|Vicia faba alphaendornavirus
endorna_YP_241110_Phytophthora_endornavirus_1,Endornaviridae,0,0,0,Riboviria,Orthornavirae,Kitrinoviricota,,Alsuviricetes,Martellivirales,,Endornaviridae,,Alphaendornavirus,Phytophthora alphaendornavirus 1,,Hepe-Virga,Riboviria|Orthornavirae|Kitrinoviricota||Alsuviricetes|Martellivirales||Endornaviridae||Alphaendornavirus|Phytophthora alphaendornavirus 1
endorna_YP_009115493_Alternaria_brassicicola_endornavirus,Endornaviridae,0,0,0,Riboviria,Orthornavirae,Kitrinoviricota,,Alsuviricetes,Martellivirales,,Endornaviridae,,Betaendornavirus,Alternaria brassicicola betaendornavirus 1,,Hepe-Virga,Riboviria|Orthornavirae|Kitrinoviricota||Alsuviricetes|Martellivirales||Endornaviridae||Betaendornavirus|Alternaria brassicicola betaendornavirus 1
endorna_YP_009046830_Yerba_mate_endornavirus,Endornaviridae,0,0,0,Riboviria,Orthornavirae,Kitrinoviricota,,Alsuviricetes,Martellivirales,,Endornaviridae,,Alphaendornavirus,Yerba mate alphaendornavirus,,Hepe-Virga,Riboviria|Orthornavirae|Kitrinoviricota||Alsuviricetes|Martellivirales||Endornaviridae||Alphaendornavirus|Yerba mate alphaendornavirus
endorna_YP_009011062_Phaseolus_vulgaris_endornavirus_1,Endornaviridae,0,0,0,Riboviria,Orthornavirae,Kitrinoviricota,,Alsuviricetes,Martellivirales,,Endornaviridae,,Alphaendornavirus,Phaseolus vulgaris alphaendornavirus 1,,Hepe-Virga,Riboviria|Orthornavirae|Kitrinoviricota||Alsuviricetes|Martellivirales||Endornaviridae||Alphaendornavirus|Phaseolus vulgaris alphaendornavirus 1
endorna_YP_009010973_Lagenaria_siceraria_endornavirus-California,Endornaviridae,0,0,0,Riboviria,Orthornavirae,Kitrinoviricota,,Alsuviricetes,Martellivirales,,Endornaviridae,,Alphaendornavirus,Lagenaria siceraria alphaendornavirus,,Hepe-Virga,Riboviria|Orthornavirae|Kitrinoviricota||Alsuviricetes|Martellivirales||Endornaviridae||Alphaendornavirus|Lagenaria siceraria alphaendornavirus
endorna_YP_008169851_Sclerotinia_sclerotiorum_endornavirus-1,Endornaviridae,0,0,0,Riboviria,Orthornavirae,Kitrinoviricota,,Alsuviricetes,Martellivirales,,Endornaviridae,,Betaendornavirus,Sclerotinia sclerotiorum betaendornavirus 1,,Hepe-Virga,Riboviria|Orthornavirae|Kitrinoviricota||Alsuviricetes|Martellivirales||Endornaviridae||Betaendornavirus|Sclerotinia sclerotiorum betaendornavirus 1
endorna_YP_007003829_Grapevine_endophyte_endornavirus,Endornaviridae,0,0,0,Riboviria,Orthornavirae,Kitrinoviricota,,Alsuviricetes,Martellivirales,,Endornaviridae,,Alphaendornavirus,Grapevine endophyte alphaendornavirus,,Hepe-Virga,Riboviria|Orthornavirae|Kitrinoviricota||Alsuviricetes|Martellivirales||Endornaviridae||Alphaendornavirus|Grapevine endophyte alphaendornavirus
endorna_YP_005086952_Persea_americana_endornavirus,Endornaviridae,0,0,0,Riboviria,Orthornavirae,Kitrinoviricota,,Alsuviricetes,Martellivirales,,Endornaviridae,,Alphaendornavirus,Persea americana alphaendornavirus 1,,Hepe-Virga,Riboviria|Orthornavirae|Kitrinoviricota||Alsuviricetes|Martellivirales||Endornaviridae||Alphaendornavirus|Persea americana alphaendornavirus 1
endorna_YP_004765011_Bell_pepper_endornavirus,Endornaviridae,0,0,0,Riboviria,Orthornavirae,Kitrinoviricota,,Alsuviricetes,Martellivirales,,Endornaviridae,,Alphaendornavirus,Bell pepper alphaendornavirus,,Hepe-Virga,Riboviria|Orthornavirae|Kitrinoviricota||Alsuviricetes|Martellivirales||Endornaviridae||Alphaendornavirus|Bell pepper alphaendornavirus
endorna_YP_004123950_Tuber_aestivum_endornavirus,Endornaviridae,0,0,0,Riboviria,Orthornavirae,Kitrinoviricota,,Alsuviricetes,Martellivirales,,Endornaviridae,,Betaendornavirus,Tuber aestivum betaendornavirus,,Hepe-Virga,Riboviria|Orthornavirae|Kitrinoviricota||Alsuviricetes|Martellivirales||Endornaviridae||Betaendornavirus|Tuber aestivum betaendornavirus
endorna_YP_003280846_Helicobasidium_mompa_endornavirus_1,Endornaviridae,0,0,0,Riboviria,Orthornavirae,Kitrinoviricota,,Alsuviricetes,Martellivirales,,Endornaviridae,,Alphaendornavirus,Helicobasidium mompa alphaendornavirus 1,,Hepe-Virga,Riboviria|Orthornavirae|Kitrinoviricota||Alsuviricetes|Martellivirales||Endornaviridae||Alphaendornavirus|Helicobasidium mompa alphaendornavirus 1
BHTSS17827_Behai_endorna-like_virus_1_ciliate_coding,Endornaviridae,0,0,0,Riboviria,Orthornavirae,Kitrinoviricota,,Alsuviricetes,Martellivirales,,Endornaviridae,,Alphaendornavirus,,,Hepe-Virga,Riboviria|Orthornavirae|Kitrinoviricota||Alsuviricetes|Martellivirales||Endornaviridae||Alphaendornavirus|
BBZ90074.1_Brown_algae_endornavirus_2_4168,Endornaviridae,0,0,0,Riboviria,Orthornavirae,Kitrinoviricota,,Alsuviricetes,Martellivirales,,Endornaviridae,,Alphaendornavirus,,,Hepe-Virga,Riboviria|Orthornavirae|Kitrinoviricota||Alsuviricetes|Martellivirales||Endornaviridae||Alphaendornavirus|
Tymo_NP_068549_Botrytis_virus_F,Gammaflexiviridae,0,0,0,Riboviria,Orthornavirae,Kitrinoviricota,,Alsuviricetes,Tymovirales,,Gammaflexiviridae,,Mycoflexivirus,Botrytis virus F,,Hepe-Virga,Riboviria|Orthornavirae|Kitrinoviricota||Alsuviricetes|Tymovirales||Gammaflexiviridae||Mycoflexivirus|Botrytis virus F
arthropodmix13816_Hubei_virga-like_virus_16,Hepe-Virga,0,0,0,Riboviria,Orthornavirae,Kitrinoviricota,,Alsuviricetes,,,,,,,,Hepe-Virga,Riboviria|Orthornavirae|Kitrinoviricota||Alsuviricetes||||||
BHBJDX18438_Beihai_hepe-like_virus_7,Hepe-Virga,0,0,0,Riboviria,Orthornavirae,Kitrinoviricota,,Alsuviricetes,,,,,,,,Hepe-Virga,Riboviria|Orthornavirae|Kitrinoviricota||Alsuviricetes||||||
BHHK129576_Beihai_anemone_virus_1,Hepe-Virga,0,0,0,Riboviria,Orthornavirae,Kitrinoviricota,,Alsuviricetes,,,,,,,,Hepe-Virga,Riboviria|Orthornavirae|Kitrinoviricota||Alsuviricetes||||||
BHHZL10373_Beihai_hepe-like_virus_2,Hepe-Virga,0,0,0,Riboviria,Orthornavirae,Kitrinoviricota,,Alsuviricetes,,,,,,,,Hepe-Virga,Riboviria|Orthornavirae|Kitrinoviricota||Alsuviricetes||||||
BHHZL10410_Beihai_sea_slater_viurs_4,Hepe-Virga,0,0,0,Riboviria,Orthornavirae,Kitrinoviricota,,Alsuviricetes,,,,,,,,Hepe-Virga,Riboviria|Orthornavirae|Kitrinoviricota||Alsuviricetes||||||
BHTH16123_Beihai_barnacle_virus_2,Hepe-Virga,0,0,0,Riboviria,Orthornavirae,Kitrinoviricota,,Alsuviricetes,,,,,,,,Hepe-Virga,Riboviria|Orthornavirae|Kitrinoviricota||Alsuviricetes||||||
BHTH16134_Beihai_hepe-like_virus_11,Hepe-Virga,0,0,0,Riboviria,Orthornavirae,Kitrinoviricota,,Alsuviricetes,,,,,,,,Hepe-Virga,Riboviria|Orthornavirae|Kitrinoviricota||Alsuviricetes||||||
BHTH16145_Beihai_barnacle_virus_3,Hepe-Virga,0,0,0,Riboviria,Orthornavirae,Kitrinoviricota,,Alsuviricetes,,,,,,,,Hepe-Virga,Riboviria|Orthornavirae|Kitrinoviricota||Alsuviricetes||||||
BHXG26050_Beihai_mantis_shrimp_virus_1,Hepe-Virga,0,0,0,Riboviria,Orthornavirae,Kitrinoviricota,,Alsuviricetes,,,,,,,,Hepe-Virga,Riboviria|Orthornavirae|Kitrinoviricota||Alsuviricetes||||||
BHXG46195_Beihai_mantis_shrimp_virus_2,Hepe-Virga,0,0,0,Riboviria,Orthornavirae,Kitrinoviricota,,Alsuviricetes,,,,,,,,Hepe-Virga,Riboviria|Orthornavirae|Kitrinoviricota||Alsuviricetes||||||
BHZY58590_Beihai_hepe-like_virus_1,Hepe-Virga,0,0,0,Riboviria,Orthornavirae,Kitrinoviricota,,Alsuviricetes,,,,,,,,Hepe-Virga,Riboviria|Orthornavirae|Kitrinoviricota||Alsuviricetes||||||
BHZY60406_Beihai_hepe-like_virus_10,Hepe-Virga,0,0,0,Riboviria,Orthornavirae,Kitrinoviricota,,Alsuviricetes,,,,,,,,Hepe-Virga,Riboviria|Orthornavirae|Kitrinoviricota||Alsuviricetes||||||
BHZY60842_Beihai_hepe-like_viurs_4_FS,Hepe-Virga,0,0,0,Riboviria,Orthornavirae,Kitrinoviricota,,Alsuviricetes,,,,,,,,Hepe-Virga,Riboviria|Orthornavirae|Kitrinoviricota||Alsuviricetes||||||
BHZY60925_Beihai_hepe-like_virus_8,Hepe-Virga,0,0,0,Riboviria,Orthornavirae,Kitrinoviricota,,Alsuviricetes,,,,,,,,Hepe-Virga,Riboviria|Orthornavirae|Kitrinoviricota||Alsuviricetes||||||
CC64601_Hubei_negev-like_virus_2,Hepe-Virga,0,0,0,Riboviria,Orthornavirae,Kitrinoviricota,,Alsuviricetes,,,,,,,,Hepe-Virga,Riboviria|Orthornavirae|Kitrinoviricota||Alsuviricetes||||||
Cilevirus_Citrus_leprosis_virus_C,Hepe-Virga,0,0,1,Riboviria,Orthornavirae,Kitrinoviricota,,Alsuviricetes,,,,,,,,Hepe-Virga,Riboviria|Orthornavirae|Kitrinoviricota||Alsuviricetes||||||
CJLX30636_Changjiang_hepe-like_virus_1,Hepe-Virga,0,0,0,Riboviria,Orthornavirae,Kitrinoviricota,,Alsuviricetes,,,,,,,,Hepe-Virga,Riboviria|Orthornavirae|Kitrinoviricota||Alsuviricetes||||||
fly114676_Hubei_virga-like_virus_11,Hepe-Virga,0,0,0,Riboviria,Orthornavirae,Kitrinoviricota,,Alsuviricetes,,,,,,,,Hepe-Virga,Riboviria|Orthornavirae|Kitrinoviricota||Alsuviricetes||||||
fly97447_Hubei_virga-like_virus_18,Hepe-Virga,0,0,0,Riboviria,Orthornavirae,Kitrinoviricota,,Alsuviricetes,,,,,,,,Hepe-Virga,Riboviria|Orthornavirae|Kitrinoviricota||Alsuviricetes||||||
HOU157038_Beihai_hepe-like_virus_9,Hepe-Virga,0,0,0,Riboviria,Orthornavirae,Kitrinoviricota,,Alsuviricetes,,,,,,,,Hepe-Virga,Riboviria|Orthornavirae|Kitrinoviricota||Alsuviricetes||||||
HWRTX14333_Beihai_tiger_crab_virus_1,Hepe-Virga,0,0,0,Riboviria,Orthornavirae,Kitrinoviricota,,Alsuviricetes,,,,,,,,Hepe-Virga,Riboviria|Orthornavirae|Kitrinoviricota||Alsuviricetes||||||
insectZJ93971_Shuangao_alphatetra-like_virus_1,Hepe-Virga,0,0,0,Riboviria,Orthornavirae,Kitrinoviricota,,Alsuviricetes,,,,,,,,Hepe-Virga,Riboviria|Orthornavirae|Kitrinoviricota||Alsuviricetes||||||
mosHB235832_Hubei_virga-like_virus_2,Hepe-Virga,0,0,0,Riboviria,Orthornavirae,Kitrinoviricota,,Alsuviricetes,,,,,,,,Hepe-Virga,Riboviria|Orthornavirae|Kitrinoviricota||Alsuviricetes||||||
mosHB236471_Hubei_virga-like_virus_1,Hepe-Virga,0,0,0,Riboviria,Orthornavirae,Kitrinoviricota,,Alsuviricetes,,,,,,,,Hepe-Virga,Riboviria|Orthornavirae|Kitrinoviricota||Alsuviricetes||||||
mosHB236486_Hubei_virga-like_virus_23,Hepe-Virga,0,0,0,Riboviria,Orthornavirae,Kitrinoviricota,,Alsuviricetes,,,,,,,,Hepe-Virga,Riboviria|Orthornavirae|Kitrinoviricota||Alsuviricetes||||||
mosHB236537_Hubei_virga-like_virus_21,Hepe-Virga,0,0,0,Riboviria,Orthornavirae,Kitrinoviricota,,Alsuviricetes,,,,,,,,Hepe-Virga,Riboviria|Orthornavirae|Kitrinoviricota||Alsuviricetes||||||
NP_783203.1_Oyster_mushroom_spherical_virus_1581,Hepe-Virga,0,0,0,Riboviria,Orthornavirae,Kitrinoviricota,,Alsuviricetes,,,,,,,,Hepe-Virga,Riboviria|Orthornavirae|Kitrinoviricota||Alsuviricetes||||||
others_AFI24684_Negev_virus,Hepe-Virga,0,0,0,Riboviria,Orthornavirae,Kitrinoviricota,,Alsuviricetes,,,,,,,,Hepe-Virga,Riboviria|Orthornavirae|Kitrinoviricota||Alsuviricetes||||||
others_AFI24690_Loreto_virus,Hepe-Virga,0,0,0,Riboviria,Orthornavirae,Kitrinoviricota,,Alsuviricetes,,,,,,,,Hepe-Virga,Riboviria|Orthornavirae|Kitrinoviricota||Alsuviricetes||||||
others_AHX42602_Tanay_virus,Hepe-Virga,0,0,0,Riboviria,Orthornavirae,Kitrinoviricota,,Alsuviricetes,,,,,,,,Hepe-Virga,Riboviria|Orthornavirae|Kitrinoviricota||Alsuviricetes||||||
others_AIS40866_Brejeira_virus,Hepe-Virga,0,0,0,Riboviria,Orthornavirae,Kitrinoviricota,,Alsuviricetes,,,,,,,,Hepe-Virga,Riboviria|Orthornavirae|Kitrinoviricota||Alsuviricetes||||||
others_AMO03225_Marsac_virus,Hepe-Virga,0,0,0,Riboviria,Orthornavirae,Kitrinoviricota,,Alsuviricetes,,,,,,,,Hepe-Virga,Riboviria|Orthornavirae|Kitrinoviricota||Alsuviricetes||||||
others_AMO03254_Boutonnet_virus,Hepe-Virga,0,0,0,Riboviria,Orthornavirae,Kitrinoviricota,,Alsuviricetes,,,,,,,,Hepe-Virga,Riboviria|Orthornavirae|Kitrinoviricota||Alsuviricetes||||||
others_AMO03256_Bofa_virus,Hepe-Virga,0,0,0,Riboviria,Orthornavirae,Kitrinoviricota,,Alsuviricetes,,,,,,,,Hepe-Virga,Riboviria|Orthornavirae|Kitrinoviricota||Alsuviricetes||||||
QCM140901_Hubei_virga-like_virus_22,Hepe-Virga,0,0,0,Riboviria,Orthornavirae,Kitrinoviricota,,Alsuviricetes,,,,,,,,Hepe-Virga,Riboviria|Orthornavirae|Kitrinoviricota||Alsuviricetes||||||
QCM619087_Hubei_virga-like_virus_15,Hepe-Virga,0,0,0,Riboviria,Orthornavirae,Kitrinoviricota,,Alsuviricetes,,,,,,,,Hepe-Virga,Riboviria|Orthornavirae|Kitrinoviricota||Alsuviricetes||||||
QGW08824.1_Fusarium_graminearum_alphavirus-like_virus_1_Fusarium_graminearum_1987,Hepe-Virga,0,0,0,Riboviria,Orthornavirae,Kitrinoviricota,,Alsuviricetes,,,,,,,,Hepe-Virga,Riboviria|Orthornavirae|Kitrinoviricota||Alsuviricetes||||||
QHW18922.1_Crustacea_hepe-like_virus_1_1983,Hepe-Virga,0,0,0,Riboviria,Orthornavirae,Kitrinoviricota,,Alsuviricetes,,,,,,,,Hepe-Virga,Riboviria|Orthornavirae|Kitrinoviricota||Alsuviricetes||||||
QIJ70136.1_Dougjudy_virga-like_virus_2392,Hepe-Virga,0,0,0,Riboviria,Orthornavirae,Kitrinoviricota,,Alsuviricetes,,,,,,,,Hepe-Virga,Riboviria|Orthornavirae|Kitrinoviricota||Alsuviricetes||||||
QKN22646.1_Erysiphe_necator_associated_flexivirus_2_Erysiphe_necator_1979,Hepe-Virga,0,0,0,Riboviria,Orthornavirae,Kitrinoviricota,,Alsuviricetes,,,,,,,,Hepe-Virga,Riboviria|Orthornavirae|Kitrinoviricota||Alsuviricetes||||||
QKN22686.1_Erysiphe_necator_associated_flexivirus_1_Erysiphe_necator_1943,Hepe-Virga,0,0,0,Riboviria,Orthornavirae,Kitrinoviricota,,Alsuviricetes,,,,,,,,Hepe-Virga,Riboviria|Orthornavirae|Kitrinoviricota||Alsuviricetes||||||
QKN22697.1_Erysiphe_necator_associated_virga-like_virus_1_3195,Hepe-Virga,0,0,0,Riboviria,Orthornavirae,Kitrinoviricota,,Alsuviricetes,,,,,,,,Hepe-Virga,Riboviria|Orthornavirae|Kitrinoviricota||Alsuviricetes||||||
QRG34866.1_Hibiscus_yellow_blotch_virus_Hibiscus_rosa-sinensis_2606,Hepe-Virga,0,0,1,Riboviria,Orthornavirae,Kitrinoviricota,,Alsuviricetes,,,,,,,,Hepe-Virga,Riboviria|Orthornavirae|Kitrinoviricota||Alsuviricetes||||||
QTM162107_Hubei_negev-like_virus_1,Hepe-Virga,0,0,0,Riboviria,Orthornavirae,Kitrinoviricota,,Alsuviricetes,,,,,,,,Hepe-Virga,Riboviria|Orthornavirae|Kitrinoviricota||Alsuviricetes||||||
QTM23703_Hubei_virga-like_virus_17,Hepe-Virga,0,0,0,Riboviria,Orthornavirae,Kitrinoviricota,,Alsuviricetes,,,,,,,,Hepe-Virga,Riboviria|Orthornavirae|Kitrinoviricota||Alsuviricetes||||||
QTM27262_Hubei_virga-like_virus_7,Hepe-Virga,0,0,0,Riboviria,Orthornavirae,Kitrinoviricota,,Alsuviricetes,,,,,,,,Hepe-Virga,Riboviria|Orthornavirae|Kitrinoviricota||Alsuviricetes||||||
SCM49209_Hubei_virga-like_virus_12_FS,Hepe-Virga,0,0,0,Riboviria,Orthornavirae,Kitrinoviricota,,Alsuviricetes,,,,,,,,Hepe-Virga,Riboviria|Orthornavirae|Kitrinoviricota||Alsuviricetes||||||
SCM51092_Hubei_Muthill_virus,Hepe-Virga,0,0,0,Riboviria,Orthornavirae,Kitrinoviricota,,Alsuviricetes,,,,,,,,Hepe-Virga,Riboviria|Orthornavirae|Kitrinoviricota||Alsuviricetes||||||
SCM51642_Hubei_virga-like_viurs_9,Hepe-Virga,0,0,0,Riboviria,Orthornavirae,Kitrinoviricota,,Alsuviricetes,,,,,,,,Hepe-Virga,Riboviria|Orthornavirae|Kitrinoviricota||Alsuviricetes||||||
SCM95808_Hubei_virga-like_virus_19,Hepe-Virga,0,0,0,Riboviria,Orthornavirae,Kitrinoviricota,,Alsuviricetes,,,,,,,,Hepe-Virga,Riboviria|Orthornavirae|Kitrinoviricota||Alsuviricetes||||||
shrimp12824_Wenzhou_shrimp_virus_3,Hepe-Virga,0,0,0,Riboviria,Orthornavirae,Kitrinoviricota,,Alsuviricetes,,,,,,,,Hepe-Virga,Riboviria|Orthornavirae|Kitrinoviricota||Alsuviricetes||||||
SHWC13572_Shahe_hepe-like_virus_1,Hepe-Virga,0,0,0,Riboviria,Orthornavirae,Kitrinoviricota,,Alsuviricetes,,,,,,,,Hepe-Virga,Riboviria|Orthornavirae|Kitrinoviricota||Alsuviricetes||||||
SHWC13612_Shahe_hepe-like_virus_2,Hepe-Virga,0,0,0,Riboviria,Orthornavirae,Kitrinoviricota,,Alsuviricetes,,,,,,,,Hepe-Virga,Riboviria|Orthornavirae|Kitrinoviricota||Alsuviricetes||||||
spider57988_Hubei_virga-like_virus_14,Hepe-Virga,0,0,0,Riboviria,Orthornavirae,Kitrinoviricota,,Alsuviricetes,,,,,,,,Hepe-Virga,Riboviria|Orthornavirae|Kitrinoviricota||Alsuviricetes||||||
SXXX35475_Sanxia_atyid_shrimp_virus_1,Hepe-Virga,0,0,0,Riboviria,Orthornavirae,Kitrinoviricota,,Alsuviricetes,,,,,,,,Hepe-Virga,Riboviria|Orthornavirae|Kitrinoviricota||Alsuviricetes||||||
SYJFC48301_Shayang_virga-like_virus_1,Hepe-Virga,0,0,0,Riboviria,Orthornavirae,Kitrinoviricota,,Alsuviricetes,,,,,,,,Hepe-Virga,Riboviria|Orthornavirae|Kitrinoviricota||Alsuviricetes||||||
UNH55562.1_Ligustrum_leprosis_virus_Ligustrum_sinense_2525,Hepe-Virga,0,0,1,Riboviria,Orthornavirae,Kitrinoviricota,,Alsuviricetes,,,,,,,,Hepe-Virga,Riboviria|Orthornavirae|Kitrinoviricota||Alsuviricetes||||||
UPT53668.1_Bactrocera_dorsalis_negev-like_virus_isolate_Bc_Bactrocera_correcta_2171,Hepe-Virga,0,0,0,Riboviria,Orthornavirae,Kitrinoviricota,,Alsuviricetes,,,,,,,,Hepe-Virga,Riboviria|Orthornavirae|Kitrinoviricota||Alsuviricetes||||||
UQS94372.1_Brapardiv_virus_2_Paratrachymyrmex_diversus_2326,Hepe-Virga,0,0,0,Riboviria,Orthornavirae,Kitrinoviricota,,Alsuviricetes,,,,,,,,Hepe-Virga,Riboviria|Orthornavirae|Kitrinoviricota||Alsuviricetes||||||
UQS94385.1_Bramycfau_virus_7_Mycetophylax_faunulus_3027,Hepe-Virga,0,0,0,Riboviria,Orthornavirae,Kitrinoviricota,,Alsuviricetes,,,,,,,,Hepe-Virga,Riboviria|Orthornavirae|Kitrinoviricota||Alsuviricetes||||||
UUA80621.1_Likani_virus_1718,Hepe-Virga,0,0,0,Riboviria,Orthornavirae,Kitrinoviricota,,Alsuviricetes,,,,,,,,Hepe-Virga,Riboviria|Orthornavirae|Kitrinoviricota||Alsuviricetes||||||
UUV42176.1_Kustavi_negevirus_Ochlerotatus_caspius_2251,Hepe-Virga,0,0,0,Riboviria,Orthornavirae,Kitrinoviricota,,Alsuviricetes,,,,,,,,Hepe-Virga,Riboviria|Orthornavirae|Kitrinoviricota||Alsuviricetes||||||
WGML111093_Hubei_virga-like_viurs_8,Hepe-Virga,0,0,0,Riboviria,Orthornavirae,Kitrinoviricota,,Alsuviricetes,,,,,,,,Hepe-Virga,Riboviria|Orthornavirae|Kitrinoviricota||Alsuviricetes||||||
WHCC101555_Hubei_hepe-like_virus_2,Hepe-Virga,0,0,0,Riboviria,Orthornavirae,Kitrinoviricota,,Alsuviricetes,,,,,,,,Hepe-Virga,Riboviria|Orthornavirae|Kitrinoviricota||Alsuviricetes||||||
WHCC116187_Hubei_hepe-like_virus_1,Hepe-Virga,0,0,0,Riboviria,Orthornavirae,Kitrinoviricota,,Alsuviricetes,,,,,,,,Hepe-Virga,Riboviria|Orthornavirae|Kitrinoviricota||Alsuviricetes||||||
WHCC81862_Wuhan_arthropod_virus_1,Hepe-Virga,0,0,0,Riboviria,Orthornavirae,Kitrinoviricota,,Alsuviricetes,,,,,,,,Hepe-Virga,Riboviria|Orthornavirae|Kitrinoviricota||Alsuviricetes||||||
WHCCII10272_Wuhan_insect_virus_8,Hepe-Virga,0,0,0,Riboviria,Orthornavirae,Kitrinoviricota,,Alsuviricetes,,,,,,,,Hepe-Virga,Riboviria|Orthornavirae|Kitrinoviricota||Alsuviricetes||||||
WHCCII12598_Hubei_virga-like_virus_4,Hepe-Virga,0,0,0,Riboviria,Orthornavirae,Kitrinoviricota,,Alsuviricetes,,,,,,,,Hepe-Virga,Riboviria|Orthornavirae|Kitrinoviricota||Alsuviricetes||||||
WHCCII13328_Wuhan_insect_virus_9,Hepe-Virga,0,0,0,Riboviria,Orthornavirae,Kitrinoviricota,,Alsuviricetes,,,,,,,,Hepe-Virga,Riboviria|Orthornavirae|Kitrinoviricota||Alsuviricetes||||||
WHYCM964_Wuhan_heteroptera_virus_1,Hepe-Virga,0,0,0,Riboviria,Orthornavirae,Kitrinoviricota,,Alsuviricetes,,,,,,,,Hepe-Virga,Riboviria|Orthornavirae|Kitrinoviricota||Alsuviricetes||||||
WHYY20710_Hubei_hepe-like_virus_3,Hepe-Virga,0,0,0,Riboviria,Orthornavirae,Kitrinoviricota,,Alsuviricetes,,,,,,,,Hepe-Virga,Riboviria|Orthornavirae|Kitrinoviricota||Alsuviricetes||||||
WHYY22294_Hubei_virga-like_virus_10,Hepe-Virga,0,0,0,Riboviria,Orthornavirae,Kitrinoviricota,,Alsuviricetes,,,,,,,,Hepe-Virga,Riboviria|Orthornavirae|Kitrinoviricota||Alsuviricetes||||||
WHYY23932_Wuhan_house_centipede_virus_1,Hepe-Virga,0,0,0,Riboviria,Orthornavirae,Kitrinoviricota,,Alsuviricetes,,,,,,,,Hepe-Virga,Riboviria|Orthornavirae|Kitrinoviricota||Alsuviricetes||||||
WLJQ101409_Wenling_crustacean_virus_1,Hepe-Virga,0,0,0,Riboviria,Orthornavirae,Kitrinoviricota,,Alsuviricetes,,,,,,,,Hepe-Virga,Riboviria|Orthornavirae|Kitrinoviricota||Alsuviricetes||||||
WLJQ101932_Wenling_toga-like_virus,Hepe-Virga,0,0,0,Riboviria,Orthornavirae,Kitrinoviricota,,Alsuviricetes,,,,,,,,Hepe-Virga,Riboviria|Orthornavirae|Kitrinoviricota||Alsuviricetes||||||
WLJQ102665_Wenling_hepe-like_virus_3,Hepe-Virga,0,0,0,Riboviria,Orthornavirae,Kitrinoviricota,,Alsuviricetes,,,,,,,,Hepe-Virga,Riboviria|Orthornavirae|Kitrinoviricota||Alsuviricetes||||||
WLJQ102701_Wenling_hepe-like_virus_4,Hepe-Virga,0,0,0,Riboviria,Orthornavirae,Kitrinoviricota,,Alsuviricetes,,,,,,,,Hepe-Virga,Riboviria|Orthornavirae|Kitrinoviricota||Alsuviricetes||||||
WLJQ103981_Wenling_hepe-like_virus_1,Hepe-Virga,0,0,0,Riboviria,Orthornavirae,Kitrinoviricota,,Alsuviricetes,,,,,,,,Hepe-Virga,Riboviria|Orthornavirae|Kitrinoviricota||Alsuviricetes||||||
WLJQ99021_Wenling_hepe-like_virus_2,Hepe-Virga,0,0,0,Riboviria,Orthornavirae,Kitrinoviricota,,Alsuviricetes,,,,,,,,Hepe-Virga,Riboviria|Orthornavirae|Kitrinoviricota||Alsuviricetes||||||
WZFSL85851_Wenzhou_hepe-like_virus_2,Hepe-Virga,0,0,0,Riboviria,Orthornavirae,Kitrinoviricota,,Alsuviricetes,,,,,,,,Hepe-Virga,Riboviria|Orthornavirae|Kitrinoviricota||Alsuviricetes||||||
WZSLuoI86079_Wenzhou_hepe-like_viurs_1,Hepe-Virga,0,0,0,Riboviria,Orthornavirae,Kitrinoviricota,,Alsuviricetes,,,,,,,,Hepe-Virga,Riboviria|Orthornavirae|Kitrinoviricota||Alsuviricetes||||||
XSNXC13152_Xingshan_nematode_virus_2,Hepe-Virga,0,0,0,Riboviria,Orthornavirae,Kitrinoviricota,,Alsuviricetes,,,,,,,,Hepe-Virga,Riboviria|Orthornavirae|Kitrinoviricota||Alsuviricetes||||||
XSNXC21749_Xingshan_nematode_virus_1,Hepe-Virga,0,0,0,Riboviria,Orthornavirae,Kitrinoviricota,,Alsuviricetes,,,,,,,,Hepe-Virga,Riboviria|Orthornavirae|Kitrinoviricota||Alsuviricetes||||||
XZSJSC65770_Xinzhou_nematode_virus_1,Hepe-Virga,0,0,0,Riboviria,Orthornavirae,Kitrinoviricota,,Alsuviricetes,,,,,,,,Hepe-Virga,Riboviria|Orthornavirae|Kitrinoviricota||Alsuviricetes||||||
YP_009001772.1_Wallerfield_virus_2262,Hepe-Virga,0,0,0,Riboviria,Orthornavirae,Kitrinoviricota,,Alsuviricetes,,,,,,,,Hepe-Virga,Riboviria|Orthornavirae|Kitrinoviricota||Alsuviricetes||||||
YP_009094126.1_Goutanap_virus_1_2243,Hepe-Virga,0,0,0,Riboviria,Orthornavirae,Kitrinoviricota,,Alsuviricetes,,,,,,,,Hepe-Virga,Riboviria|Orthornavirae|Kitrinoviricota||Alsuviricetes||||||
YP_009268715.1_Rhizoctonia_solani_flexivirus_1_3477,Hepe-Virga,0,0,0,Riboviria,Orthornavirae,Kitrinoviricota,,Alsuviricetes,,,,,,,,Hepe-Virga,Riboviria|Orthornavirae|Kitrinoviricota||Alsuviricetes||||||
YP_009553581.1_Andrena_haemorrhoa_nege-like_virus_2244,Hepe-Virga,0,0,0,Riboviria,Orthornavirae,Kitrinoviricota,,Alsuviricetes,,,,,,,,Hepe-Virga,Riboviria|Orthornavirae|Kitrinoviricota||Alsuviricetes||||||
YP_009553650.1_Rana_hepevirus_1579,Hepeviridae,0,1,0,Riboviria,Orthornavirae,Kitrinoviricota,,Alsuviricetes,Hepelivirales,,Hepeviridae,,,,,Hepe-Virga,Riboviria|Orthornavirae|Kitrinoviricota||Alsuviricetes|Hepelivirales||Hepeviridae|||
Rayfin_XYHYC192139_Wenling_samurai_squirrelfish_hepevirus_6696bp,Hepeviridae,0,1,0,Riboviria,Orthornavirae,Kitrinoviricota,,Alsuviricetes,Hepelivirales,,Hepeviridae,,,,,Hepe-Virga,Riboviria|Orthornavirae|Kitrinoviricota||Alsuviricetes|Hepelivirales||Hepeviridae|||
Rayfin_XTXMC52146_Wenling_thamnaconus_striatus_hepevirus_7803bp,Hepeviridae,0,1,0,Riboviria,Orthornavirae,Kitrinoviricota,,Alsuviricetes,Hepelivirales,,Hepeviridae,,,,,Hepe-Virga,Riboviria|Orthornavirae|Kitrinoviricota||Alsuviricetes|Hepelivirales||Hepeviridae|||
Rayfin_LQMMT516_Wenling_thamnaconus_septentrionalis_hepevirus_4329bp,Hepeviridae,0,1,0,Riboviria,Orthornavirae,Kitrinoviricota,,Alsuviricetes,Hepelivirales,,Hepeviridae,,,,,Hepe-Virga,Riboviria|Orthornavirae|Kitrinoviricota||Alsuviricetes|Hepelivirales||Hepeviridae|||
Jawless_QSMS17356_Dongbei_arctic_lamprey_hepevirus_6051bp,Hepeviridae,0,1,0,Riboviria,Orthornavirae,Kitrinoviricota,,Alsuviricetes,Hepelivirales,,Hepeviridae,,,,,Hepe-Virga,Riboviria|Orthornavirae|Kitrinoviricota||Alsuviricetes|Hepelivirales||Hepeviridae|||
hepe_YP_009001465_Avian_hepatitis_E_virus,Hepeviridae,1,1,0,Riboviria,Orthornavirae,Kitrinoviricota,,Alsuviricetes,Hepelivirales,,Hepeviridae,Orthohepevirinae,Avihepevirus,Avihepevirus magniiecur,,Hepe-Virga,Riboviria|Orthornavirae|Kitrinoviricota||Alsuviricetes|Hepelivirales||Hepeviridae|Orthohepevirinae|Avihepevirus|Avihepevirus magniiecur
hepe_YP_006576507_Bat_hepevirus,Hepeviridae,0,1,0,Riboviria,Orthornavirae,Kitrinoviricota,,Alsuviricetes,Hepelivirales,,Hepeviridae,Orthohepevirinae,Chirohepevirus,Chirohepevirus eptesici,,Hepe-Virga,Riboviria|Orthornavirae|Kitrinoviricota||Alsuviricetes|Hepelivirales||Hepeviridae|Orthohepevirinae|Chirohepevirus|Chirohepevirus eptesici
hepe_YP_004464917_Cutthroat_trout_virus,Hepeviridae,0,1,0,Riboviria,Orthornavirae,Kitrinoviricota,,Alsuviricetes,Hepelivirales,,Hepeviridae,Parahepevirinae,Piscihepevirus,Piscihepevirus heenan,,Hepe-Virga,Riboviria|Orthornavirae|Kitrinoviricota||Alsuviricetes|Hepelivirales||Hepeviridae|Parahepevirinae|Piscihepevirus|Piscihepevirus heenan
hepe_NP_056779_Hepatitis_E_virus,Hepeviridae,1,1,0,Riboviria,Orthornavirae,Kitrinoviricota,,Alsuviricetes,Hepelivirales,,Hepeviridae,Orthohepevirinae,Paslahepevirus,Paslahepevirus balayani,,Hepe-Virga,Riboviria|Orthornavirae|Kitrinoviricota||Alsuviricetes|Hepelivirales||Hepeviridae|Orthohepevirinae|Paslahepevirus|Paslahepevirus balayani
Cartilaginous_NHYJC35031_Nanhai_ghost_shark_hepevirus_5321bp,Hepeviridae,0,1,0,Riboviria,Orthornavirae,Kitrinoviricota,,Alsuviricetes,Hepelivirales,,Hepeviridae,,,,,Hepe-Virga,Riboviria|Orthornavirae|Kitrinoviricota||Alsuviricetes|Hepelivirales||Hepeviridae|||
Amphibia_GDYYC86697_Guangdong_fish_caecilians_hepevirus_6766bp,Hepeviridae,0,1,0,Riboviria,Orthornavirae,Kitrinoviricota,,Alsuviricetes,Hepelivirales,,Hepeviridae,,,,,Hepe-Virga,Riboviria|Orthornavirae|Kitrinoviricota||Alsuviricetes|Hepelivirales||Hepeviridae|||
AYP10284.1_Venezuelan_equine_encephalitis_virus,Togaviridae_Alphavirus,1,1,0,Riboviria,Orthornavirae,Kitrinoviricota,,Alsuviricetes,Martellivirales,,Togaviridae,,Alphavirus,,,Hepe-Virga,Riboviria|Orthornavirae|Kitrinoviricota||Alsuviricetes|Martellivirales||Togaviridae||Alphavirus|
NP_041254.1_Onyong-nyong_virus,Togaviridae_Alphavirus,1,1,0,Riboviria,Orthornavirae,Kitrinoviricota,,Alsuviricetes,Martellivirales,,Togaviridae,,Alphavirus,Onyong-nyong virus,,Hepe-Virga,Riboviria|Orthornavirae|Kitrinoviricota||Alsuviricetes|Martellivirales||Togaviridae||Alphavirus|Onyong-nyong virus
NP_062879.1_Ross_River_virus,Togaviridae_Alphavirus,1,1,0,Riboviria,Orthornavirae,Kitrinoviricota,,Alsuviricetes,Martellivirales,,Togaviridae,,Alphavirus,Ross River virus,,Hepe-Virga,Riboviria|Orthornavirae|Kitrinoviricota||Alsuviricetes|Martellivirales||Togaviridae||Alphavirus|Ross River virus
NP_463457.1_Semliki_Forest_virus,Togaviridae_Alphavirus,1,1,0,Riboviria,Orthornavirae,Kitrinoviricota,,Alsuviricetes,Martellivirales,,Togaviridae,,Alphavirus,Semliki Forest virus,,Hepe-Virga,Riboviria|Orthornavirae|Kitrinoviricota||Alsuviricetes|Martellivirales||Togaviridae||Alphavirus|Semliki Forest virus
NP_579968.1_Mayaro_virus,Togaviridae_Alphavirus,1,1,0,Riboviria,Orthornavirae,Kitrinoviricota,,Alsuviricetes,Martellivirales,,Togaviridae,,Alphavirus,Mayaro virus,,Hepe-Virga,Riboviria|Orthornavirae|Kitrinoviricota||Alsuviricetes|Martellivirales||Togaviridae||Alphavirus|Mayaro virus
NP_597797_Barmah_Forest_virus,Togaviridae_Alphavirus,1,1,0,Riboviria,Orthornavirae,Kitrinoviricota,,Alsuviricetes,Martellivirales,,Togaviridae,,Alphavirus,Barmah Forest virus,,Hepe-Virga,Riboviria|Orthornavirae|Kitrinoviricota||Alsuviricetes|Martellivirales||Togaviridae||Alphavirus|Barmah Forest virus
NP_632021.2_Eastern_equine_encephalitis_virus,Togaviridae_Alphavirus,1,1,0,Riboviria,Orthornavirae,Kitrinoviricota,,Alsuviricetes,Martellivirales,,Togaviridae,,Alphavirus,Eastern equine encephalitis virus,,Hepe-Virga,Riboviria|Orthornavirae|Kitrinoviricota||Alsuviricetes|Martellivirales||Togaviridae||Alphavirus|Eastern equine encephalitis virus
QJE50387.1_Harbor_porpoise_alphavirus_Phocoena_phocoena_2489,Togaviridae_Alphavirus,0,1,0,Riboviria,Orthornavirae,Kitrinoviricota,,Alsuviricetes,Martellivirales,,Togaviridae,,Alphavirus,,,Hepe-Virga,Riboviria|Orthornavirae|Kitrinoviricota||Alsuviricetes|Martellivirales||Togaviridae||Alphavirus|
toga_NP_062888_Sindbis_virus,Togaviridae_Alphavirus,1,1,0,Riboviria,Orthornavirae,Kitrinoviricota,,Alsuviricetes,Martellivirales,,Togaviridae,,Alphavirus,Sindbis virus,,Hepe-Virga,Riboviria|Orthornavirae|Kitrinoviricota||Alsuviricetes|Martellivirales||Togaviridae||Alphavirus|Sindbis virus
toga_NP_598184_Sleeping_disease_virus,Togaviridae_Alphavirus,0,1,0,Riboviria,Orthornavirae,Kitrinoviricota,,Alsuviricetes,Martellivirales,,Togaviridae,,Alphavirus,Salmon pancreas disease virus,,Hepe-Virga,Riboviria|Orthornavirae|Kitrinoviricota||Alsuviricetes|Martellivirales||Togaviridae||Alphavirus|Salmon pancreas disease virus
toga_NP_640330_Western_equine_encephalitis_virus,Togaviridae_Alphavirus,1,1,0,Riboviria,Orthornavirae,Kitrinoviricota,,Alsuviricetes,Martellivirales,,Togaviridae,,Alphavirus,Western equine encephalitis virus,,Hepe-Virga,Riboviria|Orthornavirae|Kitrinoviricota||Alsuviricetes|Martellivirales||Togaviridae||Alphavirus|Western equine encephalitis virus
toga_NP_690588_Chikungunya_virus,Togaviridae_Alphavirus,1,1,0,Riboviria,Orthornavirae,Kitrinoviricota,,Alsuviricetes,Martellivirales,,Togaviridae,,Alphavirus,Chikungunya virus,,Hepe-Virga,Riboviria|Orthornavirae|Kitrinoviricota||Alsuviricetes|Martellivirales||Togaviridae||Alphavirus|Chikungunya virus
YP_002802299_Highlands_J_virus,Togaviridae_Alphavirus,1,1,0,Riboviria,Orthornavirae,Kitrinoviricota,,Alsuviricetes,Martellivirales,,Togaviridae,,Alphavirus,Highlands J virus,,Hepe-Virga,Riboviria|Orthornavirae|Kitrinoviricota||Alsuviricetes|Martellivirales||Togaviridae||Alphavirus|Highlands J virus
YP_008888544_Ndumu_virus,Togaviridae_Alphavirus,1,1,0,Riboviria,Orthornavirae,Kitrinoviricota,,Alsuviricetes,Martellivirales,,Togaviridae,,Alphavirus,Ndumu virus,,Hepe-Virga,Riboviria|Orthornavirae|Kitrinoviricota||Alsuviricetes|Martellivirales||Togaviridae||Alphavirus|Ndumu virus
YP_008888546_Whataroa_virus,Togaviridae_Alphavirus,1,1,0,Riboviria,Orthornavirae,Kitrinoviricota,,Alsuviricetes,Martellivirales,,Togaviridae,,Alphavirus,Whataroa virus,,Hepe-Virga,Riboviria|Orthornavirae|Kitrinoviricota||Alsuviricetes|Martellivirales||Togaviridae||Alphavirus|Whataroa virus
YP_009507796.1_Everglades_virus,Togaviridae_Alphavirus,1,1,0,Riboviria,Orthornavirae,Kitrinoviricota,,Alsuviricetes,Martellivirales,,Togaviridae,,Alphavirus,Everglades virus,,Hepe-Virga,Riboviria|Orthornavirae|Kitrinoviricota||Alsuviricetes|Martellivirales||Togaviridae||Alphavirus|Everglades virus
YP_009507798.1_Mucambo_virus,Togaviridae_Alphavirus,1,1,0,Riboviria,Orthornavirae,Kitrinoviricota,,Alsuviricetes,Martellivirales,,Togaviridae,,Alphavirus,Mucambo virus,,Hepe-Virga,Riboviria|Orthornavirae|Kitrinoviricota||Alsuviricetes|Martellivirales||Togaviridae||Alphavirus|Mucambo virus
YP_009507800.1_Pixuna_virus,Togaviridae_Alphavirus,1,1,0,Riboviria,Orthornavirae,Kitrinoviricota,,Alsuviricetes,Martellivirales,,Togaviridae,,Alphavirus,Pixuna virus,,Hepe-Virga,Riboviria|Orthornavirae|Kitrinoviricota||Alsuviricetes|Martellivirales||Togaviridae||Alphavirus|Pixuna virus
YP_009507802.1_Rio_Negro_virus,Togaviridae_Alphavirus,1,1,0,Riboviria,Orthornavirae,Kitrinoviricota,,Alsuviricetes,Martellivirales,,Togaviridae,,Alphavirus,Rio Negro virus,,Hepe-Virga,Riboviria|Orthornavirae|Kitrinoviricota||Alsuviricetes|Martellivirales||Togaviridae||Alphavirus|Rio Negro virus
YP_009507804.1_Tonate_virus,Togaviridae_Alphavirus,1,1,0,Riboviria,Orthornavirae,Kitrinoviricota,,Alsuviricetes,Martellivirales,,Togaviridae,,Alphavirus,Tonate virus,,Hepe-Virga,Riboviria|Orthornavirae|Kitrinoviricota||Alsuviricetes|Martellivirales||Togaviridae||Alphavirus|Tonate virus
YP_009508088.1_Mosso_das_Pedras_virus,Togaviridae_Alphavirus,1,1,0,Riboviria,Orthornavirae,Kitrinoviricota,,Alsuviricetes,Martellivirales,,Togaviridae,,Alphavirus,Mosso das Pedras virus,,Hepe-Virga,Riboviria|Orthornavirae|Kitrinoviricota||Alsuviricetes|Martellivirales||Togaviridae||Alphavirus|Mosso das Pedras virus
YP_164438_Getah_virus,Togaviridae_Alphavirus,1,1,0,Riboviria,Orthornavirae,Kitrinoviricota,,Alsuviricetes,Martellivirales,,Togaviridae,,Alphavirus,Getah virus,,Hepe-Virga,Riboviria|Orthornavirae|Kitrinoviricota||Alsuviricetes|Martellivirales||Togaviridae||Alphavirus|Getah virus
toga_NP_062883_Rubella_virus,Togaviridae_Rubivirus,1,0,0,Riboviria,Orthornavirae,Kitrinoviricota,,Alsuviricetes,Hepelivirales,,Matonaviridae,,Rubivirus,Rubivirus rubellae,,Hepe-Virga,Riboviria|Orthornavirae|Kitrinoviricota||Alsuviricetes|Hepelivirales||Matonaviridae||Rubivirus|Rubivirus rubellae
QIN93588.1_Grapevine_rupestris_vein_feathering_virus_1320,Tymoviridae,0,0,0,Riboviria,Orthornavirae,Kitrinoviricota,,Alsuviricetes,Tymovirales,,Tymoviridae,,,,,Hepe-Virga,Riboviria|Orthornavirae|Kitrinoviricota||Alsuviricetes|Tymovirales||Tymoviridae|||
QOQ52503.1_Citrus_virus_C_Citrus_2069,Tymoviridae,0,0,1,Riboviria,Orthornavirae,Kitrinoviricota,,Alsuviricetes,Tymovirales,,Tymoviridae,,Maculavirus,,,Hepe-Virga,Riboviria|Orthornavirae|Kitrinoviricota||Alsuviricetes|Tymovirales||Tymoviridae||Maculavirus|
QTM27280_Hubei_macula-like_virus_1,Tymoviridae,0,0,0,Riboviria,Orthornavirae,Kitrinoviricota,,Alsuviricetes,Tymovirales,,Tymoviridae,,,,,Hepe-Virga,Riboviria|Orthornavirae|Kitrinoviricota||Alsuviricetes|Tymovirales||Tymoviridae|||
QTM27299_Hubei_macula-like_virus_2,Tymoviridae,0,0,0,Riboviria,Orthornavirae,Kitrinoviricota,,Alsuviricetes,Tymovirales,,Tymoviridae,,,,,Hepe-Virga,Riboviria|Orthornavirae|Kitrinoviricota||Alsuviricetes|Tymovirales||Tymoviridae|||
spider129741_Hubei_macula-like_virus_3,Tymoviridae,0,0,0,Riboviria,Orthornavirae,Kitrinoviricota,,Alsuviricetes,Tymovirales,,Tymoviridae,,,,,Hepe-Virga,Riboviria|Orthornavirae|Kitrinoviricota||Alsuviricetes|Tymovirales||Tymoviridae|||
Tymo_NP_040968_Eggplant_mosaic_virus,Tymoviridae,0,0,1,Riboviria,Orthornavirae,Kitrinoviricota,,Alsuviricetes,Tymovirales,,Tymoviridae,,Tymovirus,Tymovirus melongenae,,Hepe-Virga,Riboviria|Orthornavirae|Kitrinoviricota||Alsuviricetes|Tymovirales||Tymoviridae||Tymovirus|Tymovirus melongenae
Tymo_NP_044447_Oat_blue_dwarf_virus,Tymoviridae,0,0,1,Riboviria,Orthornavirae,Kitrinoviricota,,Alsuviricetes,Tymovirales,,Tymoviridae,,Marafivirus,Marafivirus avenae,,Hepe-Virga,Riboviria|Orthornavirae|Kitrinoviricota||Alsuviricetes|Tymovirales||Tymoviridae||Marafivirus|Marafivirus avenae
Tymo_NP_542612_Grapevine_fleck_virus,Tymoviridae,0,0,1,Riboviria,Orthornavirae,Kitrinoviricota,,Alsuviricetes,Tymovirales,,Tymoviridae,,Maculavirus,Maculavirus vitis,,Hepe-Virga,Riboviria|Orthornavirae|Kitrinoviricota||Alsuviricetes|Tymovirales||Tymoviridae||Maculavirus|Maculavirus vitis
YP_009268923.1_Grapevine_Red_Globe_virus_1977,Tymoviridae,0,0,1,Riboviria,Orthornavirae,Kitrinoviricota,,Alsuviricetes,Tymovirales,,Tymoviridae,,Maculavirus,,,Hepe-Virga,Riboviria|Orthornavirae|Kitrinoviricota||Alsuviricetes|Tymovirales||Tymoviridae||Maculavirus|
YP_009553357.1_Fusarium_graminearum_mycotymovirus_1_2242,Tymoviridae,0,0,0,Riboviria,Orthornavirae,Kitrinoviricota,,Alsuviricetes,Tymovirales,,Tymoviridae,,,,,Hepe-Virga,Riboviria|Orthornavirae|Kitrinoviricota||Alsuviricetes|Tymovirales||Tymoviridae|||
AZL87784.1_Lychnis_ringspot_virus_Silene_subgen._Lychnis_627,Virgaviridae,0,0,1,Riboviria,Orthornavirae,Kitrinoviricota,,Alsuviricetes,Martellivirales,,Virgaviridae,,Hordeivirus,,,Hepe-Virga,Riboviria|Orthornavirae|Kitrinoviricota||Alsuviricetes|Martellivirales||Virgaviridae||Hordeivirus|
BHXun33339_Beihai_charybdis_crab_virus_1_FS,Virgaviridae,0,0,0,Riboviria,Orthornavirae,Kitrinoviricota,,Alsuviricetes,Martellivirales,,Virgaviridae,,,,,Hepe-Virga,Riboviria|Orthornavirae|Kitrinoviricota||Alsuviricetes|Martellivirales||Virgaviridae|||
QKN22637.1_Erysiphe_necator_associated_virga-like_virus_4_1148,Virgaviridae,0,0,0,Riboviria,Orthornavirae,Kitrinoviricota,,Alsuviricetes,Martellivirales,,Virgaviridae,,,,,Hepe-Virga,Riboviria|Orthornavirae|Kitrinoviricota||Alsuviricetes|Martellivirales||Virgaviridae|||
QKN22650.1_Erysiphe_necator_associated_virga-like_virus_13_1162,Virgaviridae,0,0,0,Riboviria,Orthornavirae,Kitrinoviricota,,Alsuviricetes,Martellivirales,,Virgaviridae,,,,,Hepe-Virga,Riboviria|Orthornavirae|Kitrinoviricota||Alsuviricetes|Martellivirales||Virgaviridae|||
virga_NP_044577_Cucumber_green_mottle_mosaic_virus,Virgaviridae,0,0,1,Riboviria,Orthornavirae,Kitrinoviricota,,Alsuviricetes,Martellivirales,,Virgaviridae,,Tobamovirus,Cucumber green mottle mosaic virus,,Hepe-Virga,Riboviria|Orthornavirae|Kitrinoviricota||Alsuviricetes|Martellivirales||Virgaviridae||Tobamovirus|Cucumber green mottle mosaic virus
virga_NP_056808_Odontoglossum_ringspot_virus,Virgaviridae,0,0,1,Riboviria,Orthornavirae,Kitrinoviricota,,Alsuviricetes,Martellivirales,,Virgaviridae,,Tobamovirus,Odontoglossum ringspot virus,,Hepe-Virga,Riboviria|Orthornavirae|Kitrinoviricota||Alsuviricetes|Martellivirales||Virgaviridae||Tobamovirus|Odontoglossum ringspot virus
virga_NP_062913_Tobacco_mild_green_mosaic_virus,Virgaviridae,0,0,1,Riboviria,Orthornavirae,Kitrinoviricota,,Alsuviricetes,Martellivirales,,Virgaviridae,,Tobamovirus,Tobacco mild green mosaic virus,,Hepe-Virga,Riboviria|Orthornavirae|Kitrinoviricota||Alsuviricetes|Martellivirales||Virgaviridae||Tobamovirus|Tobacco mild green mosaic virus
virga_NP_078446_Tomato_mosaic_virus,Virgaviridae,0,0,1,Riboviria,Orthornavirae,Kitrinoviricota,,Alsuviricetes,Martellivirales,,Virgaviridae,,Tobamovirus,Tomato mosaic virus,,Hepe-Virga,Riboviria|Orthornavirae|Kitrinoviricota||Alsuviricetes|Martellivirales||Virgaviridae||Tobamovirus|Tomato mosaic virus
virga_NP_612605_Beet_virus_Q,Virgaviridae,0,0,1,Riboviria,Orthornavirae,Kitrinoviricota,,Alsuviricetes,Martellivirales,,Virgaviridae,,Pomovirus,Beet virus Q,,Hepe-Virga,Riboviria|Orthornavirae|Kitrinoviricota||Alsuviricetes|Martellivirales||Virgaviridae||Pomovirus|Beet virus Q
virga_NP_619740_Pepper_mild_mottle_virus,Virgaviridae,0,0,1,Riboviria,Orthornavirae,Kitrinoviricota,,Alsuviricetes,Martellivirales,,Virgaviridae,,Tobamovirus,Pepper mild mottle virus,,Hepe-Virga,Riboviria|Orthornavirae|Kitrinoviricota||Alsuviricetes|Martellivirales||Virgaviridae||Tobamovirus|Pepper mild mottle virus
virga_NP_620033_Pepper_ringspot_virus,Virgaviridae,0,0,1,Riboviria,Orthornavirae,Kitrinoviricota,,Alsuviricetes,Martellivirales,,Virgaviridae,,Tobravirus,Pepper ringspot virus,,Hepe-Virga,Riboviria|Orthornavirae|Kitrinoviricota||Alsuviricetes|Martellivirales||Virgaviridae||Tobravirus|Pepper ringspot virus
virga_NP_620047_Peanut_clump_virus,Virgaviridae,0,0,1,Riboviria,Orthornavirae,Kitrinoviricota,,Alsuviricetes,Martellivirales,,Virgaviridae,,Pecluvirus,Peanut clump virus,,Hepe-Virga,Riboviria|Orthornavirae|Kitrinoviricota||Alsuviricetes|Martellivirales||Virgaviridae||Pecluvirus|Peanut clump virus
virga_NP_620669_Tobacco_rattle_virus,Virgaviridae,0,0,1,Riboviria,Orthornavirae,Kitrinoviricota,,Alsuviricetes,Martellivirales,,Virgaviridae,,Tobravirus,Tobacco rattle virus,,Hepe-Virga,Riboviria|Orthornavirae|Kitrinoviricota||Alsuviricetes|Martellivirales||Virgaviridae||Tobravirus|Tobacco rattle virus
virga_NP_620841_Obuda_pepper_virus,Virgaviridae,0,0,1,Riboviria,Orthornavirae,Kitrinoviricota,,Alsuviricetes,Martellivirales,,Virgaviridae,,Tobamovirus,Obuda pepper virus,,Hepe-Virga,Riboviria|Orthornavirae|Kitrinoviricota||Alsuviricetes|Martellivirales||Virgaviridae||Tobamovirus|Obuda pepper virus
virga_NP_624336_Zucchini_green_mottle_mosaic_virus,Virgaviridae,0,0,1,Riboviria,Orthornavirae,Kitrinoviricota,,Alsuviricetes,Martellivirales,,Virgaviridae,,Tobamovirus,Zucchini green mottle mosaic virus,,Hepe-Virga,Riboviria|Orthornavirae|Kitrinoviricota||Alsuviricetes|Martellivirales||Virgaviridae||Tobamovirus|Zucchini green mottle mosaic virus
virga_NP_659020_Sorghum_chlorotic_spot_virus,Virgaviridae,0,0,1,Riboviria,Orthornavirae,Kitrinoviricota,,Alsuviricetes,Martellivirales,,Virgaviridae,,Furovirus,Sorghum chlorotic spot virus,,Hepe-Virga,Riboviria|Orthornavirae|Kitrinoviricota||Alsuviricetes|Martellivirales||Virgaviridae||Furovirus|Sorghum chlorotic spot virus
virga_NP_740760_Broad_bean_necrosis_virus,Virgaviridae,0,0,1,Riboviria,Orthornavirae,Kitrinoviricota,,Alsuviricetes,Martellivirales,,Virgaviridae,,Pomovirus,Broad bean necrosis virus,,Hepe-Virga,Riboviria|Orthornavirae|Kitrinoviricota||Alsuviricetes|Martellivirales||Virgaviridae||Pomovirus|Broad bean necrosis virus
virga_YP_001974323_Brugmansia_mild_mottle_virus,Virgaviridae,0,0,1,Riboviria,Orthornavirae,Kitrinoviricota,,Alsuviricetes,Martellivirales,,Virgaviridae,,Tobamovirus,Brugmansia mild mottle virus,,Hepe-Virga,Riboviria|Orthornavirae|Kitrinoviricota||Alsuviricetes|Martellivirales||Virgaviridae||Tobamovirus|Brugmansia mild mottle virus
virga_YP_002455905_Cactus_mild_mottle_virus,Virgaviridae,0,0,1,Riboviria,Orthornavirae,Kitrinoviricota,,Alsuviricetes,Martellivirales,,Virgaviridae,,Tobamovirus,Cactus mild mottle virus,,Hepe-Virga,Riboviria|Orthornavirae|Kitrinoviricota||Alsuviricetes|Martellivirales||Virgaviridae||Tobamovirus|Cactus mild mottle virus
virga_YP_003915153_Frangipani_mosaic_virus,Virgaviridae,0,0,1,Riboviria,Orthornavirae,Kitrinoviricota,,Alsuviricetes,Martellivirales,,Virgaviridae,,Tobamovirus,Frangipani mosaic virus,,Hepe-Virga,Riboviria|Orthornavirae|Kitrinoviricota||Alsuviricetes|Martellivirales||Virgaviridae||Tobamovirus|Frangipani mosaic virus
virga_YP_004465358_Passion_fruit_mosaic_virus,Virgaviridae,0,0,1,Riboviria,Orthornavirae,Kitrinoviricota,,Alsuviricetes,Martellivirales,,Virgaviridae,,Tobamovirus,Passion fruit mosaic virus,,Hepe-Virga,Riboviria|Orthornavirae|Kitrinoviricota||Alsuviricetes|Martellivirales||Virgaviridae||Tobamovirus|Passion fruit mosaic virus
virga_YP_004956727_Clitoria_yellow_mottle_virus,Virgaviridae,0,0,1,Riboviria,Orthornavirae,Kitrinoviricota,,Alsuviricetes,Martellivirales,,Virgaviridae,,Tobamovirus,Clitoria yellow mottle virus,,Hepe-Virga,Riboviria|Orthornavirae|Kitrinoviricota||Alsuviricetes|Martellivirales||Virgaviridae||Tobamovirus|Clitoria yellow mottle virus
virga_YP_008802584_Yellow_tailflower_mild_mottle_virus,Virgaviridae,0,0,1,Riboviria,Orthornavirae,Kitrinoviricota,,Alsuviricetes,Martellivirales,,Virgaviridae,,Tobamovirus,Yellow tailflower mild mottle virus,,Hepe-Virga,Riboviria|Orthornavirae|Kitrinoviricota||Alsuviricetes|Martellivirales||Virgaviridae||Tobamovirus|Yellow tailflower mild mottle virus
virga_YP_009109559_Macrophomina_phaseolina_tobamo-like_virus,Virgaviridae,0,0,0,Riboviria,Orthornavirae,Kitrinoviricota,,Alsuviricetes,Martellivirales,,Virgaviridae,,,,,Hepe-Virga,Riboviria|Orthornavirae|Kitrinoviricota||Alsuviricetes|Martellivirales||Virgaviridae|||
virga_YP_719997_Hibiscus_latent_Singapore_virus,Virgaviridae,0,0,1,Riboviria,Orthornavirae,Kitrinoviricota,,Alsuviricetes,Martellivirales,,Virgaviridae,,Tobamovirus,Hibiscus latent Singapore virus,,Hepe-Virga,Riboviria|Orthornavirae|Kitrinoviricota||Alsuviricetes|Martellivirales||Virgaviridae||Tobamovirus|Hibiscus latent Singapore virus
virga_YP_908760_Cucumber_mottle_virus,Virgaviridae,0,0,1,Riboviria,Orthornavirae,Kitrinoviricota,,Alsuviricetes,Martellivirales,,Virgaviridae,,Tobamovirus,Cucumber mottle virus,,Hepe-Virga,Riboviria|Orthornavirae|Kitrinoviricota||Alsuviricetes|Martellivirales||Virgaviridae||Tobamovirus|Cucumber mottle virus
